{
  "type": "FeatureCollection",
  "generator": "overpass-turbo",
  "copyright": "The data included in this document is from www.openstreetmap.org. The data is made available under ODbL.",
  "timestamp": "2026-09-27T14:15:20Z",
  "features": [
    {
      "type": "Feature",
      "properties": {
        "@id": "relation/3559984",
        "natural": "water",
        "type": "multipolygon",
        "water": "pond"
      },
      "geometry": {
        "type": "Polygon",
        "coordinates": [
          [
            [
              77.248777,
              28.647914
            ],
            [
              77.2490935,
              28.6476739
            ],
            [
              77.2495065,
              28.6474432
            ],
            [
              77.2502736,
              28.6469583
            ],
            [
              77.250735,
              28.6466523
            ],
            [
              77.251368,
              28.6461768
            ],
            [
              77.2515826,
              28.6460074
            ],
            [
              77.251824,
              28.6457343
            ],
            [
              77.251883,
              28.6457202
            ],
            [
              77.2519205,
              28.645739
            ],
            [
              77.2519313,
              28.6458803
            ],
            [
              77.2519581,
              28.6460827
            ],
            [
              77.2521512,
              28.6463981
            ],
            [
              77.2521458,
              28.6464546
            ],
            [
              77.2520654,
              28.6465064
            ],
            [
              77.2519098,
              28.6466194
            ],
            [
              77.2518615,
              28.6467088
            ],
            [
              77.2518937,
              28.6470713
            ],
            [
              77.2518669,
              28.6472126
            ],
            [
              77.2518079,
              28.6472832
            ],
            [
              77.2516845,
              28.6473161
            ],
            [
              77.2513143,
              28.6474856
            ],
            [
              77.2513465,
              28.6472173
            ],
            [
              77.2513573,
              28.6470242
            ],
            [
              77.2513036,
              28.6469395
            ],
            [
              77.2511856,
              28.6469348
            ],
            [
              77.2510998,
              28.6469348
            ],
            [
              77.2509817,
              28.6469583
            ],
            [
              77.2508691,
              28.647029
            ],
            [
              77.2507296,
              28.6471561
            ],
            [
              77.2505258,
              28.6471466
            ],
            [
              77.2502468,
              28.6471937
            ],
            [
              77.2499464,
              28.6472596
            ],
            [
              77.2497855,
              28.6473491
            ],
            [
              77.249587,
              28.6476127
            ],
            [
              77.2494583,
              28.6479375
            ],
            [
              77.24941,
              28.6482483
            ],
            [
              77.2494636,
              28.6484648
            ],
            [
              77.2496299,
              28.6486861
            ],
            [
              77.2498123,
              28.6488791
            ],
            [
              77.2500269,
              28.6491192
            ],
            [
              77.2502468,
              28.6493734
            ],
            [
              77.2501664,
              28.6493828
            ],
            [
              77.2493832,
              28.6491145
            ],
            [
              77.2493134,
              28.6490391
            ],
            [
              77.2492651,
              28.6489968
            ],
            [
              77.2488145,
              28.6488603
            ],
            [
              77.2485141,
              28.6486908
            ],
            [
              77.2484497,
              28.6486249
            ],
            [
              77.2484497,
              28.6485496
            ],
            [
              77.2484497,
              28.6484601
            ],
            [
              77.2485034,
              28.6483189
            ],
            [
              77.2485731,
              28.6481635
            ],
            [
              77.2486536,
              28.6480411
            ],
            [
              77.248777,
              28.647914
            ]
          ],
          [
            [
              77.2486643,
              28.6482435
            ],
            [
              77.2486268,
              28.6482388
            ],
            [
              77.2485946,
              28.6482577
            ],
            [
              77.2485785,
              28.6482859
            ],
            [
              77.2485946,
              28.6483189
            ],
            [
              77.2486321,
              28.6483518
            ],
            [
              77.2486911,
              28.6483801
            ],
            [
              77.248718,
              28.648413
            ],
            [
              77.2487126,
              28.6484413
            ],
            [
              77.2487287,
              28.6484884
            ],
            [
              77.2487555,
              28.648526
            ],
            [
              77.2488145,
              28.6485448
            ],
            [
              77.2488843,
              28.6485401
            ],
            [
              77.2489486,
              28.6485025
            ],
            [
              77.2489862,
              28.6484413
            ],
            [
              77.2489701,
              28.6483707
            ],
            [
              77.2489594,
              28.6483236
            ],
            [
              77.2489862,
              28.6482671
            ],
            [
              77.249013,
              28.6482153
            ],
            [
              77.2490062,
              28.648186
            ],
            [
              77.2489862,
              28.6481635
            ],
            [
              77.248956,
              28.6481588
            ],
            [
              77.2489294,
              28.6481624
            ],
            [
              77.2488896,
              28.6481776
            ],
            [
              77.2488521,
              28.6482153
            ],
            [
              77.2488092,
              28.6482388
            ],
            [
              77.2487823,
              28.6482577
            ],
            [
              77.2487287,
              28.6482577
            ],
            [
              77.2486643,
              28.6482435
            ]
          ]
        ]
      },
      "id": "relation/3559984"
    },
    {
      "type": "Feature",
      "properties": {
        "@id": "relation/5355368",
        "natural": "water",
        "type": "multipolygon"
      },
      "geometry": {
        "type": "Polygon",
        "coordinates": [
          [
            [
              77.1986311,
              28.6141284
            ],
            [
              77.1984026,
              28.6141386
            ],
            [
              77.1984038,
              28.6141629
            ],
            [
              77.198359,
              28.6141646
            ],
            [
              77.1983577,
              28.6141406
            ],
            [
              77.1981667,
              28.6141491
            ],
            [
              77.1981757,
              28.614312
            ],
            [
              77.1982017,
              28.614311
            ],
            [
              77.1982036,
              28.6143504
            ],
            [
              77.1981779,
              28.6143514
            ],
            [
              77.1981866,
              28.6145077
            ],
            [
              77.198212,
              28.6145067
            ],
            [
              77.198214,
              28.6145461
            ],
            [
              77.1981887,
              28.6145471
            ],
            [
              77.198198,
              28.6147139
            ],
            [
              77.1983917,
              28.6147053
            ],
            [
              77.1983905,
              28.6146821
            ],
            [
              77.1984353,
              28.6146803
            ],
            [
              77.1984365,
              28.6147033
            ],
            [
              77.1986454,
              28.614694
            ],
            [
              77.1986427,
              28.6146494
            ],
            [
              77.198844,
              28.61464
            ],
            [
              77.1988522,
              28.6147747
            ],
            [
              77.1986509,
              28.6147841
            ],
            [
              77.1986482,
              28.6147392
            ],
            [
              77.1984389,
              28.6147485
            ],
            [
              77.1984401,
              28.6147727
            ],
            [
              77.1983953,
              28.6147745
            ],
            [
              77.198394,
              28.6147505
            ],
            [
              77.1982005,
              28.6147591
            ],
            [
              77.1982098,
              28.614927
            ],
            [
              77.1982336,
              28.6149261
            ],
            [
              77.1982355,
              28.6149655
            ],
            [
              77.198212,
              28.6149664
            ],
            [
              77.1982134,
              28.6149913
            ],
            [
              77.1981619,
              28.6149934
            ],
            [
              77.1981605,
              28.6149683
            ],
            [
              77.1981303,
              28.6149695
            ],
            [
              77.1981283,
              28.6149301
            ],
            [
              77.1981583,
              28.6149289
            ],
            [
              77.198149,
              28.6147614
            ],
            [
              77.1979613,
              28.6147697
            ],
            [
              77.1979625,
              28.6147925
            ],
            [
              77.1979176,
              28.6147943
            ],
            [
              77.1979164,
              28.6147717
            ],
            [
              77.1977384,
              28.6147796
            ],
            [
              77.1977395,
              28.614802
            ],
            [
              77.1976947,
              28.6148038
            ],
            [
              77.1976935,
              28.6147816
            ],
            [
              77.1975057,
              28.61479
            ],
            [
              77.197515,
              28.6149576
            ],
            [
              77.1975388,
              28.6149567
            ],
            [
              77.1975407,
              28.6149961
            ],
            [
              77.1975172,
              28.614997
            ],
            [
              77.1975186,
              28.6150219
            ],
            [
              77.1974671,
              28.6150241
            ],
            [
              77.1974657,
              28.614999
            ],
            [
              77.1974355,
              28.6150001
            ],
            [
              77.1974336,
              28.6149607
            ],
            [
              77.1974636,
              28.6149596
            ],
            [
              77.1974543,
              28.6147923
            ],
            [
              77.1972608,
              28.6148009
            ],
            [
              77.1972619,
              28.6148218
            ],
            [
              77.197217,
              28.6148236
            ],
            [
              77.197216,
              28.6148029
            ],
            [
              77.1971876,
              28.6148041
            ],
            [
              77.197185,
              28.614759
            ],
            [
              77.1972136,
              28.6147577
            ],
            [
              77.1972122,
              28.6147312
            ],
            [
              77.1972571,
              28.6147294
            ],
            [
              77.1972585,
              28.6147557
            ],
            [
              77.1974518,
              28.6147471
            ],
            [
              77.1974425,
              28.6145797
            ],
            [
              77.1974139,
              28.6145808
            ],
            [
              77.197412,
              28.6145414
            ],
            [
              77.1974403,
              28.6145403
            ],
            [
              77.1974316,
              28.614384
            ],
            [
              77.1974036,
              28.614385
            ],
            [
              77.1974016,
              28.6143456
            ],
            [
              77.1974295,
              28.6143446
            ],
            [
              77.1974205,
              28.6141823
            ],
            [
              77.1972245,
              28.614191
            ],
            [
              77.1972256,
              28.6142119
            ],
            [
              77.1971807,
              28.6142137
            ],
            [
              77.1971797,
              28.614193
            ],
            [
              77.1971513,
              28.6141943
            ],
            [
              77.1971487,
              28.6141491
            ],
            [
              77.1971773,
              28.6141479
            ],
            [
              77.1971759,
              28.6141213
            ],
            [
              77.1972208,
              28.6141195
            ],
            [
              77.1972222,
              28.6141459
            ],
            [
              77.197418,
              28.6141371
            ],
            [
              77.1974084,
              28.6139647
            ],
            [
              77.197382,
              28.6139657
            ],
            [
              77.1973801,
              28.6139263
            ],
            [
              77.1974062,
              28.6139253
            ],
            [
              77.1974046,
              28.6138956
            ],
            [
              77.197456,
              28.6138934
            ],
            [
              77.1974577,
              28.6139233
            ],
            [
              77.1974853,
              28.6139223
            ],
            [
              77.1974873,
              28.6139617
            ],
            [
              77.1974599,
              28.6139627
            ],
            [
              77.1974694,
              28.6141349
            ],
            [
              77.1976549,
              28.6141266
            ],
            [
              77.1976536,
              28.6141015
            ],
            [
              77.1976985,
              28.6140997
            ],
            [
              77.1976998,
              28.6141246
            ],
            [
              77.1978778,
              28.6141167
            ],
            [
              77.1978765,
              28.6140921
            ],
            [
              77.1979214,
              28.6140903
            ],
            [
              77.1979227,
              28.6141147
            ],
            [
              77.1981127,
              28.6141062
            ],
            [
              77.1981032,
              28.6139341
            ],
            [
              77.1980768,
              28.6139351
            ],
            [
              77.1980749,
              28.6138957
            ],
            [
              77.198101,
              28.6138947
            ],
            [
              77.1980994,
              28.613865
            ],
            [
              77.1981508,
              28.6138628
            ],
            [
              77.1981525,
              28.6138927
            ],
            [
              77.1981801,
              28.6138917
            ],
            [
              77.198182,
              28.613931
            ],
            [
              77.1981546,
              28.6139321
            ],
            [
              77.1981642,
              28.6141039
            ],
            [
              77.1983554,
              28.6140954
            ],
            [
              77.1983542,
              28.6140723
            ],
            [
              77.198399,
              28.6140705
            ],
            [
              77.1984002,
              28.6140934
            ],
            [
              77.1986284,
              28.6140833
            ],
            [
              77.1986254,
              28.6140346
            ],
            [
              77.1988268,
              28.6140252
            ],
            [
              77.1988349,
              28.6141599
            ],
            [
              77.1986336,
              28.6141693
            ],
            [
              77.1986311,
              28.6141284
            ]
          ],
          [
            [
              77.1981465,
              28.6147162
            ],
            [
              77.1981373,
              28.614549
            ],
            [
              77.1981087,
              28.6145501
            ],
            [
              77.1981068,
              28.6145107
            ],
            [
              77.1981351,
              28.6145097
            ],
            [
              77.1981264,
              28.6143533
            ],
            [
              77.1980984,
              28.6143544
            ],
            [
              77.1980964,
              28.614315
            ],
            [
              77.1981242,
              28.614314
            ],
            [
              77.1981152,
              28.6141514
            ],
            [
              77.197925,
              28.6141599
            ],
            [
              77.1979262,
              28.6141826
            ],
            [
              77.1978813,
              28.6141844
            ],
            [
              77.1978801,
              28.6141619
            ],
            [
              77.1977021,
              28.6141698
            ],
            [
              77.1977033,
              28.6141921
            ],
            [
              77.1976584,
              28.6141939
            ],
            [
              77.1976572,
              28.6141718
            ],
            [
              77.1974719,
              28.61418
            ],
            [
              77.1974809,
              28.6143426
            ],
            [
              77.1975069,
              28.6143416
            ],
            [
              77.1975088,
              28.614381
            ],
            [
              77.1974831,
              28.614382
            ],
            [
              77.1974918,
              28.6145383
            ],
            [
              77.1975172,
              28.6145373
            ],
            [
              77.1975192,
              28.6145767
            ],
            [
              77.197494,
              28.6145777
            ],
            [
              77.1975032,
              28.6147448
            ],
            [
              77.1976912,
              28.6147365
            ],
            [
              77.1976899,
              28.6147114
            ],
            [
              77.1977348,
              28.6147096
            ],
            [
              77.197736,
              28.6147345
            ],
            [
              77.1979141,
              28.6147265
            ],
            [
              77.1979128,
              28.6147019
            ],
            [
              77.1979577,
              28.6147001
            ],
            [
              77.1979589,
              28.6147246
            ],
            [
              77.1981465,
              28.6147162
            ]
          ]
        ]
      },
      "id": "relation/5355368"
    },
    {
      "type": "Feature",
      "properties": {
        "@id": "relation/8212116",
        "natural": "water",
        "type": "multipolygon"
      },
      "geometry": {
        "type": "Polygon",
        "coordinates": [
          [
            [
              77.2458059,
              28.6058943
            ],
            [
              77.2458441,
              28.6058645
            ],
            [
              77.2461498,
              28.6058322
            ],
            [
              77.2466168,
              28.6056185
            ],
            [
              77.2467668,
              28.6054296
            ],
            [
              77.2468461,
              28.6052656
            ],
            [
              77.2469013,
              28.6052867
            ],
            [
              77.246907,
              28.6053911
            ],
            [
              77.247081,
              28.6057477
            ],
            [
              77.2471362,
              28.6059242
            ],
            [
              77.2471249,
              28.6061441
            ],
            [
              77.2469876,
              28.6064361
            ],
            [
              77.2462885,
              28.6062149
            ],
            [
              77.2459346,
              28.6060459
            ],
            [
              77.2458059,
              28.6058943
            ]
          ],
          [
            [
              77.2459884,
              28.606036
            ],
            [
              77.2462205,
              28.6061428
            ],
            [
              77.24628,
              28.6060111
            ],
            [
              77.2462092,
              28.6058844
            ],
            [
              77.2460705,
              28.6058943
            ],
            [
              77.2459884,
              28.6059515
            ],
            [
              77.2459884,
              28.606036
            ]
          ],
          [
            [
              77.2465036,
              28.6058595
            ],
            [
              77.2466168,
              28.6059838
            ],
            [
              77.2466281,
              28.6061105
            ],
            [
              77.24673,
              28.6061627
            ],
            [
              77.2468716,
              28.6061081
            ],
            [
              77.2469508,
              28.6058496
            ],
            [
              77.2467782,
              28.605698
            ],
            [
              77.246597,
              28.6056955
            ],
            [
              77.2465036,
              28.6058595
            ]
          ]
        ]
      },
      "id": "relation/8212116"
    },
    {
      "type": "Feature",
      "properties": {
        "@id": "way/44176825",
        "natural": "water"
      },
      "geometry": {
        "type": "Polygon",
        "coordinates": [
          [
            [
              77.2119849,
              28.6144846
            ],
            [
              77.2119988,
              28.6146958
            ],
            [
              77.2106022,
              28.6147665
            ],
            [
              77.2105883,
              28.6145553
            ],
            [
              77.2119849,
              28.6144846
            ]
          ]
        ]
      },
      "id": "way/44176825"
    },
    {
      "type": "Feature",
      "properties": {
        "@id": "way/44176826",
        "natural": "water"
      },
      "geometry": {
        "type": "Polygon",
        "coordinates": [
          [
            [
              77.2119036,
              28.6130826
            ],
            [
              77.2105024,
              28.6131565
            ],
            [
              77.210486,
              28.6129163
            ],
            [
              77.2118871,
              28.6128423
            ],
            [
              77.2119036,
              28.6130826
            ]
          ]
        ]
      },
      "id": "way/44176826"
    },
    {
      "type": "Feature",
      "properties": {
        "@id": "way/44176827",
        "natural": "water"
      },
      "geometry": {
        "type": "Polygon",
        "coordinates": [
          [
            [
              77.2194103,
              28.6143258
            ],
            [
              77.2193997,
              28.6141193
            ],
            [
              77.2246264,
              28.6138619
            ],
            [
              77.2246415,
              28.614065
            ],
            [
              77.2194103,
              28.6143258
            ]
          ]
        ]
      },
      "id": "way/44176827"
    },
    {
      "type": "Feature",
      "properties": {
        "@id": "way/44176828",
        "natural": "water"
      },
      "geometry": {
        "type": "Polygon",
        "coordinates": [
          [
            [
              77.224535,
              28.6124433
            ],
            [
              77.2193111,
              28.6126874
            ],
            [
              77.2192988,
              28.6124944
            ],
            [
              77.2245208,
              28.6122277
            ],
            [
              77.224535,
              28.6124433
            ]
          ]
        ]
      },
      "id": "way/44176828"
    },
    {
      "type": "Feature",
      "properties": {
        "@id": "way/44176829",
        "natural": "water"
      },
      "geometry": {
        "type": "Polygon",
        "coordinates": [
          [
            [
              77.2250806,
              28.6140534
            ],
            [
              77.225067,
              28.6138378
            ],
            [
              77.2275037,
              28.6137191
            ],
            [
              77.2275173,
              28.6139342
            ],
            [
              77.2250806,
              28.6140534
            ]
          ]
        ]
      },
      "id": "way/44176829"
    },
    {
      "type": "Feature",
      "properties": {
        "@id": "way/44176830",
        "natural": "water"
      },
      "geometry": {
        "type": "Polygon",
        "coordinates": [
          [
            [
              77.2295503,
              28.6135471
            ],
            [
              77.2295388,
              28.6132509
            ],
            [
              77.2295892,
              28.6132487
            ],
            [
              77.22961,
              28.6135616
            ],
            [
              77.2296615,
              28.6135713
            ],
            [
              77.2297246,
              28.6135968
            ],
            [
              77.2297648,
              28.6136493
            ],
            [
              77.2297868,
              28.6137162
            ],
            [
              77.2297767,
              28.6137816
            ],
            [
              77.2297403,
              28.6138412
            ],
            [
              77.2296846,
              28.6138829
            ],
            [
              77.2296043,
              28.6138987
            ],
            [
              77.2295208,
              28.6138884
            ],
            [
              77.2294767,
              28.6138688
            ],
            [
              77.2294559,
              28.6138697
            ],
            [
              77.2294541,
              28.6138407
            ],
            [
              77.2280018,
              28.6139104
            ],
            [
              77.2279911,
              28.6136908
            ],
            [
              77.2294409,
              28.6136322
            ],
            [
              77.2294378,
              28.6136105
            ],
            [
              77.2294574,
              28.6136039
            ],
            [
              77.2294791,
              28.6135901
            ],
            [
              77.2295245,
              28.6135721
            ],
            [
              77.2295253,
              28.6135475
            ],
            [
              77.2295503,
              28.6135471
            ]
          ]
        ]
      },
      "id": "way/44176830"
    },
    {
      "type": "Feature",
      "properties": {
        "@id": "way/44176831",
        "natural": "water"
      },
      "geometry": {
        "type": "Polygon",
        "coordinates": [
          [
            [
              77.2123681,
              28.6130432
            ],
            [
              77.2123521,
              28.6127983
            ],
            [
              77.2175289,
              28.612548
            ],
            [
              77.2175449,
              28.6127904
            ],
            [
              77.2123681,
              28.6130432
            ]
          ]
        ]
      },
      "id": "way/44176831"
    },
    {
      "type": "Feature",
      "properties": {
        "@id": "way/44176832",
        "natural": "water"
      },
      "geometry": {
        "type": "Polygon",
        "coordinates": [
          [
            [
              77.2176503,
              28.6144227
            ],
            [
              77.2124561,
              28.6146799
            ],
            [
              77.2124395,
              28.6144619
            ],
            [
              77.2176356,
              28.6142052
            ],
            [
              77.2176503,
              28.6144227
            ]
          ]
        ]
      },
      "id": "way/44176832"
    },
    {
      "type": "Feature",
      "properties": {
        "@id": "way/44176835",
        "natural": "water"
      },
      "geometry": {
        "type": "Polygon",
        "coordinates": [
          [
            [
              77.224966,
              28.6124046
            ],
            [
              77.2249528,
              28.6121753
            ],
            [
              77.2273997,
              28.6120706
            ],
            [
              77.2274063,
              28.6123096
            ],
            [
              77.224966,
              28.6124046
            ]
          ]
        ]
      },
      "id": "way/44176835"
    },
    {
      "type": "Feature",
      "properties": {
        "@id": "way/44186065",
        "landuse": "grass",
        "leisure": "park"
      },
      "geometry": {
        "type": "Polygon",
        "coordinates": [
          [
            [
              77.211908,
              28.6136411
            ],
            [
              77.2103576,
              28.6137092
            ],
            [
              77.2103311,
              28.6136131
            ],
            [
              77.2102681,
              28.6136233
            ],
            [
              77.2102797,
              28.6136655
            ],
            [
              77.2094939,
              28.6137702
            ],
            [
              77.2094144,
              28.613668
            ],
            [
              77.2093468,
              28.6136032
            ],
            [
              77.2092587,
              28.6135458
            ],
            [
              77.2092049,
              28.6125203
            ],
            [
              77.209294,
              28.612404
            ],
            [
              77.2093024,
              28.6122893
            ],
            [
              77.2092777,
              28.6121602
            ],
            [
              77.2095077,
              28.6120365
            ],
            [
              77.2096199,
              28.612257
            ],
            [
              77.2117804,
              28.6121613
            ],
            [
              77.2118218,
              28.6127076
            ],
            [
              77.2119843,
              28.6128453
            ],
            [
              77.2119878,
              28.6131698
            ],
            [
              77.2118805,
              28.6131745
            ],
            [
              77.211908,
              28.6136411
            ]
          ]
        ]
      },
      "id": "way/44186065"
    },
    {
      "type": "Feature",
      "properties": {
        "@id": "way/44186067",
        "landuse": "grass",
        "leisure": "park"
      },
      "geometry": {
        "type": "Polygon",
        "coordinates": [
          [
            [
              77.2085988,
              28.6135861
            ],
            [
              77.2085794,
              28.6135871
            ],
            [
              77.2085865,
              28.6136918
            ],
            [
              77.207585,
              28.6137443
            ],
            [
              77.20749,
              28.6137493
            ],
            [
              77.2074638,
              28.613364
            ],
            [
              77.2075228,
              28.6133599
            ],
            [
              77.2075155,
              28.6132535
            ],
            [
              77.2074303,
              28.613258
            ],
            [
              77.2074142,
              28.613021
            ],
            [
              77.2074996,
              28.6130165
            ],
            [
              77.2074931,
              28.612922
            ],
            [
              77.2074337,
              28.6129251
            ],
            [
              77.2073965,
              28.6123792
            ],
            [
              77.2082773,
              28.612333
            ],
            [
              77.2082683,
              28.6121999
            ],
            [
              77.2082647,
              28.6121481
            ],
            [
              77.2085001,
              28.6121358
            ],
            [
              77.20851,
              28.6122813
            ],
            [
              77.2085164,
              28.6123754
            ],
            [
              77.2085224,
              28.6124639
            ],
            [
              77.2085276,
              28.6125401
            ],
            [
              77.2085334,
              28.6126252
            ],
            [
              77.2085988,
              28.6135861
            ]
          ]
        ]
      },
      "id": "way/44186067"
    },
    {
      "type": "Feature",
      "properties": {
        "@id": "way/44186069",
        "landuse": "grass",
        "leisure": "park"
      },
      "geometry": {
        "type": "Polygon",
        "coordinates": [
          [
            [
              77.2075624,
              28.6142477
            ],
            [
              77.2076136,
              28.6142448
            ],
            [
              77.2086808,
              28.6142152
            ],
            [
              77.2086949,
              28.6142148
            ],
            [
              77.2087095,
              28.6149012
            ],
            [
              77.2087163,
              28.615244
            ],
            [
              77.2087117,
              28.6153807
            ],
            [
              77.2087195,
              28.61549
            ],
            [
              77.2087248,
              28.6155638
            ],
            [
              77.208733,
              28.6156787
            ],
            [
              77.2085387,
              28.6157714
            ],
            [
              77.2084808,
              28.6156798
            ],
            [
              77.2084931,
              28.6155424
            ],
            [
              77.2076584,
              28.6155885
            ],
            [
              77.2075624,
              28.6142477
            ]
          ]
        ]
      },
      "id": "way/44186069"
    },
    {
      "type": "Feature",
      "properties": {
        "@id": "way/44352051",
        "leisure": "park",
        "name": "National Police Memorial Complex",
        "wikidata": "Q60749722",
        "wikimedia_commons": "Category:National Police Memorial, New Delhi",
        "wikipedia": "en:National Police Memorial (India)"
      },
      "geometry": {
        "type": "Polygon",
        "coordinates": [
          [
            [
              77.1930469,
              28.6028159
            ],
            [
              77.1931131,
              28.6027377
            ],
            [
              77.1936466,
              28.6025769
            ],
            [
              77.1937088,
              28.602578
            ],
            [
              77.1951094,
              28.6031654
            ],
            [
              77.1945909,
              28.6037357
            ],
            [
              77.1941337,
              28.6039521
            ],
            [
              77.1935548,
              28.6041139
            ],
            [
              77.192904,
              28.6041342
            ],
            [
              77.1927046,
              28.6041113
            ],
            [
              77.1930469,
              28.6028159
            ]
          ]
        ]
      },
      "id": "way/44352051"
    },
    {
      "type": "Feature",
      "properties": {
        "@id": "way/58719250",
        "landuse": "grass",
        "leisure": "park",
        "name": "India Gate Park",
        "name:hi": "इंडिया गेट पार्क",
        "name:zh": "印度门",
        "old_name": "Prince's Park"
      },
      "geometry": {
        "type": "Polygon",
        "coordinates": [
          [
            [
              77.2278411,
              28.6128891
            ],
            [
              77.2278035,
              28.611654
            ],
            [
              77.2278194,
              28.6115218
            ],
            [
              77.2278896,
              28.6113758
            ],
            [
              77.2280137,
              28.6112329
            ],
            [
              77.2281779,
              28.6111101
            ],
            [
              77.2289935,
              28.6106309
            ],
            [
              77.2291432,
              28.6106053
            ],
            [
              77.2292476,
              28.6106656
            ],
            [
              77.2304888,
              28.612277
            ],
            [
              77.2305737,
              28.6124442
            ],
            [
              77.2304596,
              28.6127028
            ],
            [
              77.2303817,
              28.612787
            ],
            [
              77.2302633,
              28.6128084
            ],
            [
              77.2301171,
              28.6128108
            ],
            [
              77.2300239,
              28.6127657
            ],
            [
              77.2299856,
              28.6127289
            ],
            [
              77.2299134,
              28.6126854
            ],
            [
              77.2297263,
              28.6126488
            ],
            [
              77.2295906,
              28.612642
            ],
            [
              77.2293581,
              28.6126528
            ],
            [
              77.2291778,
              28.6126884
            ],
            [
              77.2290095,
              28.6127577
            ],
            [
              77.2289565,
              28.6128181
            ],
            [
              77.228888,
              28.6128785
            ],
            [
              77.2278805,
              28.612919
            ],
            [
              77.2278411,
              28.6128891
            ]
          ]
        ]
      },
      "id": "way/58719250"
    },
    {
      "type": "Feature",
      "properties": {
        "@id": "way/80418128",
        "leisure": "park"
      },
      "geometry": {
        "type": "Polygon",
        "coordinates": [
          [
            [
              77.2268955,
              28.6428361
            ],
            [
              77.2268435,
              28.6427936
            ],
            [
              77.2268112,
              28.6427381
            ],
            [
              77.2268025,
              28.6426762
            ],
            [
              77.2268184,
              28.6426155
            ],
            [
              77.2268571,
              28.6425632
            ],
            [
              77.2269137,
              28.6425256
            ],
            [
              77.2269817,
              28.6425073
            ],
            [
              77.2270526,
              28.6425105
            ],
            [
              77.227112,
              28.6425315
            ],
            [
              77.2271611,
              28.6425676
            ],
            [
              77.2271951,
              28.6426152
            ],
            [
              77.2272106,
              28.6426697
            ],
            [
              77.2272062,
              28.6427257
            ],
            [
              77.2271823,
              28.6427779
            ],
            [
              77.2271411,
              28.6428209
            ],
            [
              77.2270869,
              28.6428507
            ],
            [
              77.2270248,
              28.6428644
            ],
            [
              77.2269609,
              28.6428605
            ],
            [
              77.2268955,
              28.6428361
            ]
          ]
        ]
      },
      "id": "way/80418128"
    },
    {
      "type": "Feature",
      "properties": {
        "@id": "way/80418134",
        "leisure": "park"
      },
      "geometry": {
        "type": "Polygon",
        "coordinates": [
          [
            [
              77.227958,
              28.6379543
            ],
            [
              77.2283428,
              28.6377125
            ],
            [
              77.2285453,
              28.6379934
            ],
            [
              77.2281767,
              28.6382493
            ],
            [
              77.227958,
              28.6379543
            ]
          ]
        ]
      },
      "id": "way/80418134"
    },
    {
      "type": "Feature",
      "properties": {
        "@id": "way/80429793",
        "leisure": "park",
        "name": "Hindi Park",
        "name:fa": "پارک هندی"
      },
      "geometry": {
        "type": "Polygon",
        "coordinates": [
          [
            [
              77.2414913,
              28.6422981
            ],
            [
              77.2414967,
              28.6422981
            ],
            [
              77.2423316,
              28.6423294
            ],
            [
              77.2422669,
              28.6436609
            ],
            [
              77.241432,
              28.6436296
            ],
            [
              77.2414913,
              28.6422981
            ]
          ]
        ]
      },
      "id": "way/80429793"
    },
    {
      "type": "Feature",
      "properties": {
        "@id": "way/80429795",
        "leisure": "park",
        "name": "Atal Bihari Vajpayee Sadbhavna Park"
      },
      "geometry": {
        "type": "Polygon",
        "coordinates": [
          [
            [
              77.246588,
              28.6455154
            ],
            [
              77.2464908,
              28.646084
            ],
            [
              77.2457728,
              28.6459939
            ],
            [
              77.2456162,
              28.6414263
            ],
            [
              77.2456054,
              28.641014
            ],
            [
              77.2458537,
              28.6409714
            ],
            [
              77.2458429,
              28.6406397
            ],
            [
              77.245515,
              28.6406562
            ],
            [
              77.2462513,
              28.6397528
            ],
            [
              77.2464746,
              28.6398247
            ],
            [
              77.2466096,
              28.6399953
            ],
            [
              77.2466744,
              28.640218
            ],
            [
              77.2466906,
              28.6405781
            ],
            [
              77.246534,
              28.6406065
            ],
            [
              77.246588,
              28.6455154
            ]
          ]
        ]
      },
      "id": "way/80429795"
    },
    {
      "type": "Feature",
      "properties": {
        "@id": "way/80429811",
        "leisure": "park"
      },
      "geometry": {
        "type": "Polygon",
        "coordinates": [
          [
            [
              77.2456027,
              28.6462033
            ],
            [
              77.2464233,
              28.6462839
            ],
            [
              77.2453759,
              28.6493068
            ],
            [
              77.2449386,
              28.6503159
            ],
            [
              77.2447982,
              28.6503633
            ],
            [
              77.2441773,
              28.6501975
            ],
            [
              77.2452679,
              28.6470135
            ],
            [
              77.2455649,
              28.6466961
            ],
            [
              77.2456027,
              28.6462033
            ]
          ]
        ]
      },
      "id": "way/80429811"
    },
    {
      "type": "Feature",
      "properties": {
        "@id": "way/80429893",
        "addr:street": "Gandi Smriti",
        "leisure": "park",
        "name": "Raj Ghat",
        "name:ar": "راج غات",
        "name:es": "Memorial de Ghandi",
        "name:fa": "راج گات",
        "name:hi": "राज घाट",
        "name:zh": "甘地陵",
        "wikidata": "Q1210083",
        "wikimedia_commons": "Category:Rajghat",
        "wikipedia": "en:Raj Ghat and associated memorials"
      },
      "geometry": {
        "type": "Polygon",
        "coordinates": [
          [
            [
              77.2475444,
              28.639501
            ],
            [
              77.2535862,
              28.6386554
            ],
            [
              77.2538232,
              28.6399865
            ],
            [
              77.2534796,
              28.6401841
            ],
            [
              77.2526916,
              28.64138
            ],
            [
              77.2522591,
              28.6432415
            ],
            [
              77.2524191,
              28.6450665
            ],
            [
              77.2524902,
              28.6462883
            ],
            [
              77.2523855,
              28.646811
            ],
            [
              77.2520515,
              28.6473938
            ],
            [
              77.2516794,
              28.6483315
            ],
            [
              77.2516634,
              28.6491246
            ],
            [
              77.2504538,
              28.6497295
            ],
            [
              77.2498878,
              28.6503173
            ],
            [
              77.2493676,
              28.6507198
            ],
            [
              77.2487637,
              28.6508208
            ],
            [
              77.2457125,
              28.6508013
            ],
            [
              77.2462042,
              28.6497615
            ],
            [
              77.2471344,
              28.6471066
            ],
            [
              77.2473103,
              28.6465948
            ],
            [
              77.2473843,
              28.6461561
            ],
            [
              77.2472363,
              28.6399628
            ],
            [
              77.2473548,
              28.6396633
            ],
            [
              77.2475444,
              28.639501
            ]
          ]
        ]
      },
      "id": "way/80429893"
    },
    {
      "type": "Feature",
      "properties": {
        "@id": "way/80439679",
        "leisure": "park"
      },
      "geometry": {
        "type": "Polygon",
        "coordinates": [
          [
            [
              77.244466,
              28.6060507
            ],
            [
              77.2478136,
              28.6079937
            ],
            [
              77.2473422,
              28.6084737
            ],
            [
              77.2474502,
              28.6086917
            ],
            [
              77.2460753,
              28.6100353
            ],
            [
              77.2449714,
              28.611114
            ],
            [
              77.2445498,
              28.6108228
            ],
            [
              77.2433609,
              28.6116905
            ],
            [
              77.2425315,
              28.6124975
            ],
            [
              77.2405892,
              28.6126007
            ],
            [
              77.2403127,
              28.6123944
            ],
            [
              77.2403055,
              28.612163
            ],
            [
              77.2402159,
              28.6092754
            ],
            [
              77.2403127,
              28.6076128
            ],
            [
              77.2414954,
              28.608412
            ],
            [
              77.241543,
              28.6084441
            ],
            [
              77.2416597,
              28.6083263
            ],
            [
              77.2432149,
              28.6073675
            ],
            [
              77.244466,
              28.6060507
            ]
          ]
        ]
      },
      "id": "way/80439679"
    },
    {
      "type": "Feature",
      "properties": {
        "@id": "way/80678169",
        "leisure": "park",
        "name": "Buddha Jayanti Park",
        "name:etymology:wikidata": "Q5348941",
        "name:hi": "बुद्ध जयंती उद्यान",
        "name:ml": "ബുദ്ധ ജയന്തി പാർക്ക്",
        "name:zh": "佛陀纪念公园",
        "wikidata": "Q4984155",
        "wikipedia": "en:Buddha Jayanti Park"
      },
      "geometry": {
        "type": "Polygon",
        "coordinates": [
          [
            [
              77.1771761,
              28.610569
            ],
            [
              77.1776587,
              28.6113394
            ],
            [
              77.1788161,
              28.6120336
            ],
            [
              77.1787802,
              28.6133653
            ],
            [
              77.1801322,
              28.6160392
            ],
            [
              77.1796501,
              28.6188368
            ],
            [
              77.1790462,
              28.619247
            ],
            [
              77.1789599,
              28.6200989
            ],
            [
              77.1787946,
              28.6204334
            ],
            [
              77.1782338,
              28.6206669
            ],
            [
              77.1777378,
              28.6207679
            ],
            [
              77.1772309,
              28.6201816
            ],
            [
              77.177062,
              28.619998
            ],
            [
              77.1767673,
              28.6196256
            ],
            [
              77.1766091,
              28.6192786
            ],
            [
              77.1764294,
              28.6173538
            ],
            [
              77.1763,
              28.6168615
            ],
            [
              77.1753151,
              28.6151828
            ],
            [
              77.1749988,
              28.6146022
            ],
            [
              77.1749125,
              28.6140532
            ],
            [
              77.1749988,
              28.6124565
            ],
            [
              77.1749628,
              28.6119705
            ],
            [
              77.1746824,
              28.6113836
            ],
            [
              77.1752293,
              28.6114643
            ],
            [
              77.1757347,
              28.611452
            ],
            [
              77.1771761,
              28.610569
            ]
          ]
        ]
      },
      "id": "way/80678169"
    },
    {
      "type": "Feature",
      "properties": {
        "@id": "way/80932741",
        "leisure": "park"
      },
      "geometry": {
        "type": "Polygon",
        "coordinates": [
          [
            [
              77.1861306,
              28.645324
            ],
            [
              77.1862476,
              28.6446448
            ],
            [
              77.1865024,
              28.6446786
            ],
            [
              77.1863854,
              28.6453578
            ],
            [
              77.1861306,
              28.645324
            ]
          ]
        ]
      },
      "id": "way/80932741"
    },
    {
      "type": "Feature",
      "properties": {
        "@id": "way/80932743",
        "leisure": "park"
      },
      "geometry": {
        "type": "Polygon",
        "coordinates": [
          [
            [
              77.1846965,
              28.6451119
            ],
            [
              77.1848135,
              28.6444326
            ],
            [
              77.1850683,
              28.6444664
            ],
            [
              77.1849513,
              28.6451457
            ],
            [
              77.1846965,
              28.6451119
            ]
          ]
        ]
      },
      "id": "way/80932743"
    },
    {
      "type": "Feature",
      "properties": {
        "@id": "way/80932753",
        "leisure": "park"
      },
      "geometry": {
        "type": "Polygon",
        "coordinates": [
          [
            [
              77.1817021,
              28.6472176
            ],
            [
              77.1817379,
              28.6472001
            ],
            [
              77.1821855,
              28.6474057
            ],
            [
              77.182541,
              28.6478401
            ],
            [
              77.1826633,
              28.648504
            ],
            [
              77.1826298,
              28.6485085
            ],
            [
              77.1817021,
              28.6472176
            ]
          ]
        ]
      },
      "id": "way/80932753"
    },
    {
      "type": "Feature",
      "properties": {
        "@id": "way/80936821",
        "leisure": "park"
      },
      "geometry": {
        "type": "Polygon",
        "coordinates": [
          [
            [
              77.2056441,
              28.6546976
            ],
            [
              77.2044966,
              28.6546985
            ],
            [
              77.2046301,
              28.6540818
            ],
            [
              77.2052686,
              28.6511328
            ],
            [
              77.2053741,
              28.6511097
            ],
            [
              77.2073692,
              28.6534929
            ],
            [
              77.2074395,
              28.6538014
            ],
            [
              77.2073516,
              28.6540097
            ],
            [
              77.2057074,
              28.655065
            ],
            [
              77.2056441,
              28.6546976
            ]
          ]
        ]
      },
      "id": "way/80936821"
    },
    {
      "type": "Feature",
      "properties": {
        "@id": "way/80936826",
        "leisure": "park",
        "name": "Ajmal Khan Park",
        "name:etymology:wikidata": "Q3595817",
        "wikidata": "Q19456690",
        "wikipedia": "en:Ajmal Khan Park"
      },
      "geometry": {
        "type": "Polygon",
        "coordinates": [
          [
            [
              77.199316,
              28.6537195
            ],
            [
              77.1961256,
              28.6553315
            ],
            [
              77.1947457,
              28.6532491
            ],
            [
              77.1978922,
              28.6515831
            ],
            [
              77.199316,
              28.6537195
            ]
          ]
        ]
      },
      "id": "way/80936826"
    },
    {
      "type": "Feature",
      "properties": {
        "@id": "way/80940704",
        "leisure": "park",
        "name": "Kaccha Bagh",
        "name:hi": "कच्चा बाग",
        "name:ur": "کچا باغ",
        "official_name": "Doctor Yuddhvir Singh Park",
        "official_name:hi": "डॉक्टर युद्धवीर सिंह पार्क",
        "opening_hours": "Mo-Sa 10:00-20:00; Su off"
      },
      "geometry": {
        "type": "Polygon",
        "coordinates": [
          [
            [
              77.2294126,
              28.6568042
            ],
            [
              77.2301078,
              28.6568046
            ],
            [
              77.2301918,
              28.6578818
            ],
            [
              77.230117,
              28.6579472
            ],
            [
              77.2298943,
              28.6581428
            ],
            [
              77.229761,
              28.658156
            ],
            [
              77.2297653,
              28.6579447
            ],
            [
              77.2297139,
              28.6579053
            ],
            [
              77.229381,
              28.6579181
            ],
            [
              77.229201,
              28.6578464
            ],
            [
              77.2294126,
              28.6568042
            ]
          ]
        ]
      },
      "id": "way/80940704"
    },
    {
      "type": "Feature",
      "properties": {
        "@id": "way/80940709",
        "leisure": "park",
        "name": "Company Bagh",
        "name:hi": "कंपनी बाग",
        "name:ur": "کمپنی باغ"
      },
      "geometry": {
        "type": "Polygon",
        "coordinates": [
          [
            [
              77.2270424,
              28.6577787
            ],
            [
              77.2280184,
              28.6577542
            ],
            [
              77.2281178,
              28.65793
            ],
            [
              77.2282133,
              28.658974
            ],
            [
              77.2282258,
              28.6595838
            ],
            [
              77.2282169,
              28.6596279
            ],
            [
              77.2281829,
              28.6596732
            ],
            [
              77.2281312,
              28.6597143
            ],
            [
              77.2280721,
              28.6597547
            ],
            [
              77.2279756,
              28.6597801
            ],
            [
              77.2277874,
              28.6594325
            ],
            [
              77.2276907,
              28.6594645
            ],
            [
              77.2275948,
              28.6594706
            ],
            [
              77.2275396,
              28.6594596
            ],
            [
              77.2274521,
              28.6598397
            ],
            [
              77.2271723,
              28.6597365
            ],
            [
              77.2270963,
              28.6596858
            ],
            [
              77.227054,
              28.6596205
            ],
            [
              77.2270536,
              28.6590396
            ],
            [
              77.2270424,
              28.6577787
            ]
          ]
        ]
      },
      "id": "way/80940709"
    },
    {
      "type": "Feature",
      "properties": {
        "@id": "way/111695184",
        "name": "Bangla Sahib Sarovar",
        "natural": "water",
        "water": "reservoir"
      },
      "geometry": {
        "type": "Polygon",
        "coordinates": [
          [
            [
              77.2082696,
              28.627228
            ],
            [
              77.207896,
              28.6267124
            ],
            [
              77.2085022,
              28.626374
            ],
            [
              77.2088757,
              28.6268896
            ],
            [
              77.2082696,
              28.627228
            ]
          ]
        ]
      },
      "id": "way/111695184"
    },
    {
      "type": "Feature",
      "properties": {
        "@id": "way/111697092",
        "leisure": "park"
      },
      "geometry": {
        "type": "Polygon",
        "coordinates": [
          [
            [
              77.2058208,
              28.6174912
            ],
            [
              77.2057655,
              28.6174204
            ],
            [
              77.205741,
              28.6173372
            ],
            [
              77.2057505,
              28.6172516
            ],
            [
              77.2057927,
              28.6171742
            ],
            [
              77.2058626,
              28.617114
            ],
            [
              77.2059517,
              28.6170784
            ],
            [
              77.2060493,
              28.6170717
            ],
            [
              77.2061435,
              28.6170948
            ],
            [
              77.2062231,
              28.6171448
            ],
            [
              77.2062786,
              28.6172156
            ],
            [
              77.206303,
              28.6172988
            ],
            [
              77.2062935,
              28.6173844
            ],
            [
              77.2062513,
              28.6174619
            ],
            [
              77.2061814,
              28.617522
            ],
            [
              77.2060923,
              28.6175575
            ],
            [
              77.2059947,
              28.6175642
            ],
            [
              77.2059004,
              28.6175412
            ],
            [
              77.2058208,
              28.6174912
            ]
          ]
        ]
      },
      "id": "way/111697092"
    },
    {
      "type": "Feature",
      "properties": {
        "@id": "way/111697834",
        "leisure": "garden"
      },
      "geometry": {
        "type": "Polygon",
        "coordinates": [
          [
            [
              77.2080814,
              28.6177563
            ],
            [
              77.2080248,
              28.6177494
            ],
            [
              77.2079568,
              28.6177352
            ],
            [
              77.2078705,
              28.6177075
            ],
            [
              77.2077993,
              28.617675
            ],
            [
              77.2077474,
              28.617645
            ],
            [
              77.207676,
              28.6175923
            ],
            [
              77.2076455,
              28.6175633
            ],
            [
              77.2076936,
              28.6175304
            ],
            [
              77.2076358,
              28.6174623
            ],
            [
              77.2077485,
              28.6173964
            ],
            [
              77.2077887,
              28.6173681
            ],
            [
              77.2078209,
              28.6173375
            ],
            [
              77.207845,
              28.6173069
            ],
            [
              77.2078584,
              28.6172692
            ],
            [
              77.2078692,
              28.6172386
            ],
            [
              77.2079378,
              28.6172343
            ],
            [
              77.2079487,
              28.6172596
            ],
            [
              77.2079653,
              28.6172836
            ],
            [
              77.2079951,
              28.6173134
            ],
            [
              77.2080257,
              28.617334
            ],
            [
              77.2080686,
              28.6173524
            ],
            [
              77.2081084,
              28.6173612
            ],
            [
              77.2081427,
              28.6173646
            ],
            [
              77.2081768,
              28.6173609
            ],
            [
              77.2082032,
              28.6173536
            ],
            [
              77.2082527,
              28.6174152
            ],
            [
              77.2082205,
              28.6174482
            ],
            [
              77.2081937,
              28.6174859
            ],
            [
              77.208183,
              28.6175282
            ],
            [
              77.2081776,
              28.617573
            ],
            [
              77.2081803,
              28.6176201
            ],
            [
              77.2081857,
              28.6176625
            ],
            [
              77.2081937,
              28.6176978
            ],
            [
              77.2080945,
              28.6177072
            ],
            [
              77.2080814,
              28.6177563
            ]
          ]
        ]
      },
      "id": "way/111697834"
    },
    {
      "type": "Feature",
      "properties": {
        "@id": "way/111697838",
        "leisure": "garden"
      },
      "geometry": {
        "type": "Polygon",
        "coordinates": [
          [
            [
              77.2080122,
              28.6165803
            ],
            [
              77.2080221,
              28.6166594
            ],
            [
              77.208124,
              28.61665
            ],
            [
              77.208124,
              28.6167536
            ],
            [
              77.2081347,
              28.6168078
            ],
            [
              77.2081535,
              28.6168454
            ],
            [
              77.2081803,
              28.6168855
            ],
            [
              77.2082152,
              28.6169184
            ],
            [
              77.2081727,
              28.6169868
            ],
            [
              77.2081566,
              28.6169844
            ],
            [
              77.208131,
              28.6169842
            ],
            [
              77.2080883,
              28.6169898
            ],
            [
              77.2080582,
              28.6169987
            ],
            [
              77.2080293,
              28.6170115
            ],
            [
              77.2079993,
              28.6170303
            ],
            [
              77.2079745,
              28.6170532
            ],
            [
              77.2079568,
              28.6170753
            ],
            [
              77.2079416,
              28.6171015
            ],
            [
              77.2079342,
              28.6171182
            ],
            [
              77.2078531,
              28.6171233
            ],
            [
              77.207837,
              28.617095
            ],
            [
              77.2078128,
              28.6170644
            ],
            [
              77.2077753,
              28.6170338
            ],
            [
              77.207719,
              28.6169985
            ],
            [
              77.207609,
              28.6169467
            ],
            [
              77.2076646,
              28.61687
            ],
            [
              77.2075903,
              28.6168234
            ],
            [
              77.2076335,
              28.6167737
            ],
            [
              77.2076879,
              28.6167246
            ],
            [
              77.2077566,
              28.616676
            ],
            [
              77.2078275,
              28.6166377
            ],
            [
              77.2078959,
              28.6166099
            ],
            [
              77.2079749,
              28.6165871
            ],
            [
              77.2080122,
              28.6165803
            ]
          ]
        ]
      },
      "id": "way/111697838"
    },
    {
      "type": "Feature",
      "properties": {
        "@id": "way/111697842",
        "leisure": "garden"
      },
      "geometry": {
        "type": "Polygon",
        "coordinates": [
          [
            [
              77.2083066,
              28.6172928
            ],
            [
              77.2083231,
              28.6172742
            ],
            [
              77.2083381,
              28.6172525
            ],
            [
              77.2083536,
              28.61721
            ],
            [
              77.2083575,
              28.6171661
            ],
            [
              77.2083499,
              28.6171234
            ],
            [
              77.2083387,
              28.6170955
            ],
            [
              77.2083227,
              28.6170703
            ],
            [
              77.2082977,
              28.6170446
            ],
            [
              77.2083412,
              28.6169726
            ],
            [
              77.2084029,
              28.6169749
            ],
            [
              77.2084485,
              28.6169726
            ],
            [
              77.2085102,
              28.6169561
            ],
            [
              77.2085612,
              28.6169302
            ],
            [
              77.208647,
              28.6168831
            ],
            [
              77.2087007,
              28.616949
            ],
            [
              77.2087675,
              28.6169225
            ],
            [
              77.208799,
              28.6169987
            ],
            [
              77.2088159,
              28.6170639
            ],
            [
              77.2088248,
              28.6171365
            ],
            [
              77.2088233,
              28.6172106
            ],
            [
              77.2088117,
              28.6172825
            ],
            [
              77.208799,
              28.617326
            ],
            [
              77.2087896,
              28.6173531
            ],
            [
              77.2087364,
              28.6173374
            ],
            [
              77.2086872,
              28.6174176
            ],
            [
              77.2085773,
              28.6173658
            ],
            [
              77.2085183,
              28.617354
            ],
            [
              77.2084646,
              28.6173446
            ],
            [
              77.2084163,
              28.6173446
            ],
            [
              77.20836,
              28.617354
            ],
            [
              77.2083066,
              28.6172928
            ]
          ]
        ]
      },
      "id": "way/111697842"
    },
    {
      "type": "Feature",
      "properties": {
        "@id": "way/137823977",
        "leisure": "park"
      },
      "geometry": {
        "type": "Polygon",
        "coordinates": [
          [
            [
              77.182404,
              28.6454238
            ],
            [
              77.1831386,
              28.6455317
            ],
            [
              77.1827044,
              28.6457859
            ],
            [
              77.182404,
              28.6454238
            ]
          ]
        ]
      },
      "id": "way/137823977"
    },
    {
      "type": "Feature",
      "properties": {
        "@id": "way/138947067",
        "leisure": "park"
      },
      "geometry": {
        "type": "Polygon",
        "coordinates": [
          [
            [
              77.20228,
              28.6183082
            ],
            [
              77.2029037,
              28.6182779
            ],
            [
              77.2029014,
              28.6184065
            ],
            [
              77.2026996,
              28.6188367
            ],
            [
              77.2025202,
              28.6187579
            ],
            [
              77.2024722,
              28.6186876
            ],
            [
              77.2023816,
              28.6184233
            ],
            [
              77.20228,
              28.6183082
            ]
          ]
        ]
      },
      "id": "way/138947067"
    },
    {
      "type": "Feature",
      "properties": {
        "@id": "way/148169131",
        "natural": "water"
      },
      "geometry": {
        "type": "Polygon",
        "coordinates": [
          [
            [
              77.2482445,
              28.6297641
            ],
            [
              77.248223,
              28.6296063
            ],
            [
              77.2482632,
              28.6294792
            ],
            [
              77.2483652,
              28.6294297
            ],
            [
              77.2485675,
              28.6293027
            ],
            [
              77.2486763,
              28.6291449
            ],
            [
              77.2487794,
              28.628919
            ],
            [
              77.2488089,
              28.6287989
            ],
            [
              77.2489296,
              28.6287377
            ],
            [
              77.2490718,
              28.6287236
            ],
            [
              77.2492771,
              28.6287376
            ],
            [
              77.249489,
              28.6287611
            ],
            [
              77.2496338,
              28.6287258
            ],
            [
              77.2497906,
              28.6286035
            ],
            [
              77.249973,
              28.6285941
            ],
            [
              77.250071,
              28.6286717
            ],
            [
              77.2502507,
              28.628667
            ],
            [
              77.2504612,
              28.6286271
            ],
            [
              77.2506838,
              28.6286953
            ],
            [
              77.2508811,
              28.6287988
            ],
            [
              77.2509186,
              28.6289707
            ],
            [
              77.250865,
              28.6291237
            ],
            [
              77.2506906,
              28.6292179
            ],
            [
              77.2505377,
              28.6292391
            ],
            [
              77.2504278,
              28.6292932
            ],
            [
              77.2503688,
              28.6294062
            ],
            [
              77.2503714,
              28.6295545
            ],
            [
              77.2503902,
              28.6296463
            ],
            [
              77.2503741,
              28.6297499
            ],
            [
              77.2503431,
              28.6298419
            ],
            [
              77.250252,
              28.6299148
            ],
            [
              77.2501205,
              28.6299713
            ],
            [
              77.2500871,
              28.6300348
            ],
            [
              77.2499408,
              28.630042
            ],
            [
              77.2498001,
              28.6297947
            ],
            [
              77.2498094,
              28.6296653
            ],
            [
              77.2499167,
              28.6295452
            ],
            [
              77.2498838,
              28.6294769
            ],
            [
              77.2498236,
              28.6294223
            ],
            [
              77.2495051,
              28.6292202
            ],
            [
              77.2493871,
              28.6292461
            ],
            [
              77.2492798,
              28.6293803
            ],
            [
              77.2490572,
              28.6294768
            ],
            [
              77.2489391,
              28.6297217
            ],
            [
              77.2485905,
              28.6298723
            ],
            [
              77.2483825,
              28.6298866
            ],
            [
              77.2482445,
              28.6297641
            ]
          ]
        ]
      },
      "id": "way/148169131"
    },
    {
      "type": "Feature",
      "properties": {
        "@id": "way/158036606",
        "leisure": "park",
        "name": "Sindhi Park"
      },
      "geometry": {
        "type": "Polygon",
        "coordinates": [
          [
            [
              77.1868705,
              28.6408347
            ],
            [
              77.1861765,
              28.6398019
            ],
            [
              77.1870691,
              28.6392849
            ],
            [
              77.1877736,
              28.640339
            ],
            [
              77.1868705,
              28.6408347
            ]
          ]
        ]
      },
      "id": "way/158036606"
    },
    {
      "type": "Feature",
      "properties": {
        "@id": "way/163795306",
        "landuse": "grass"
      },
      "geometry": {
        "type": "Polygon",
        "coordinates": [
          [
            [
              77.1969507,
              28.6110832
            ],
            [
              77.1970286,
              28.611031
            ],
            [
              77.1971388,
              28.6109996
            ],
            [
              77.1972535,
              28.6110049
            ],
            [
              77.1973563,
              28.6110444
            ],
            [
              77.1974371,
              28.6111129
            ],
            [
              77.1974811,
              28.6111885
            ],
            [
              77.1974969,
              28.6112824
            ],
            [
              77.1974778,
              28.6113712
            ],
            [
              77.1974271,
              28.6114501
            ],
            [
              77.1973515,
              28.6115098
            ],
            [
              77.1972508,
              28.6115471
            ],
            [
              77.1971244,
              28.6115499
            ],
            [
              77.1970123,
              28.6115121
            ],
            [
              77.1969331,
              28.6114507
            ],
            [
              77.1968803,
              28.6113672
            ],
            [
              77.1968628,
              28.61127
            ],
            [
              77.1968862,
              28.6111706
            ],
            [
              77.1969507,
              28.6110832
            ]
          ]
        ]
      },
      "id": "way/163795306"
    },
    {
      "type": "Feature",
      "properties": {
        "@id": "way/164675825",
        "leisure": "park",
        "name": "Rajiv Chowk Central Park",
        "name:hi": "राजीव चौक सेंट्रल पार्क",
        "name:ml": "രാജീവ് ചൗക്ക് സെൻട്രൽ പാർക്ക്",
        "tourism": "attraction",
        "wikimedia_commons": "Category:Central_Park,_New_Delhi"
      },
      "geometry": {
        "type": "Polygon",
        "coordinates": [
          [
            [
              77.2207537,
              28.6332962
            ],
            [
              77.2207153,
              28.6333549
            ],
            [
              77.220682,
              28.6333998
            ],
            [
              77.2206316,
              28.6334591
            ],
            [
              77.2205723,
              28.6335193
            ],
            [
              77.2205317,
              28.6335557
            ],
            [
              77.2204921,
              28.6335877
            ],
            [
              77.2204539,
              28.6336161
            ],
            [
              77.2204061,
              28.6336484
            ],
            [
              77.220334,
              28.6336205
            ],
            [
              77.2203083,
              28.6336379
            ],
            [
              77.220336,
              28.6336901
            ],
            [
              77.2202631,
              28.6337271
            ],
            [
              77.2202077,
              28.6337513
            ],
            [
              77.2201432,
              28.6337755
            ],
            [
              77.2200928,
              28.6337917
            ],
            [
              77.2200682,
              28.6337817
            ],
            [
              77.2200556,
              28.6337859
            ],
            [
              77.2200487,
              28.6338041
            ],
            [
              77.2200314,
              28.6338088
            ],
            [
              77.2199168,
              28.633832
            ],
            [
              77.2198363,
              28.6338422
            ],
            [
              77.2197871,
              28.6337967
            ],
            [
              77.2197575,
              28.6338018
            ],
            [
              77.2197246,
              28.6338074
            ],
            [
              77.2196974,
              28.6338482
            ],
            [
              77.2196046,
              28.6338442
            ],
            [
              77.219506,
              28.6338329
            ],
            [
              77.2194819,
              28.6338286
            ],
            [
              77.2194939,
              28.6337667
            ],
            [
              77.2193875,
              28.633749
            ],
            [
              77.219378,
              28.6338066
            ],
            [
              77.2193578,
              28.6338017
            ],
            [
              77.2193046,
              28.633786
            ],
            [
              77.2192215,
              28.6337563
            ],
            [
              77.2191705,
              28.6337238
            ],
            [
              77.2191485,
              28.6336676
            ],
            [
              77.2191275,
              28.6336587
            ],
            [
              77.2191088,
              28.6336507
            ],
            [
              77.2190538,
              28.6336646
            ],
            [
              77.219017,
              28.6336526
            ],
            [
              77.2189552,
              28.6336108
            ],
            [
              77.2189036,
              28.6335712
            ],
            [
              77.2188508,
              28.6335254
            ],
            [
              77.2188057,
              28.6334814
            ],
            [
              77.2187696,
              28.6334422
            ],
            [
              77.2187322,
              28.6333969
            ],
            [
              77.2187032,
              28.633358
            ],
            [
              77.2186765,
              28.6333183
            ],
            [
              77.218657,
              28.6332867
            ],
            [
              77.2186266,
              28.6332308
            ],
            [
              77.2186002,
              28.6331742
            ],
            [
              77.2185763,
              28.6331124
            ],
            [
              77.2185902,
              28.6330815
            ],
            [
              77.2186361,
              28.6330705
            ],
            [
              77.2186162,
              28.6330006
            ],
            [
              77.2185656,
              28.6330077
            ],
            [
              77.2185443,
              28.6329971
            ],
            [
              77.2185338,
              28.6329364
            ],
            [
              77.2185436,
              28.6329281
            ],
            [
              77.2185413,
              28.6329126
            ],
            [
              77.2185308,
              28.6329042
            ],
            [
              77.2185258,
              28.6328504
            ],
            [
              77.218525,
              28.6327949
            ],
            [
              77.2185278,
              28.6327367
            ],
            [
              77.2185457,
              28.6327146
            ],
            [
              77.2185789,
              28.632698
            ],
            [
              77.2185911,
              28.6326596
            ],
            [
              77.2185573,
              28.6326251
            ],
            [
              77.2185497,
              28.6325979
            ],
            [
              77.2185631,
              28.6325475
            ],
            [
              77.2185775,
              28.6325062
            ],
            [
              77.2185911,
              28.6324672
            ],
            [
              77.2186228,
              28.6323959
            ],
            [
              77.2186393,
              28.6323654
            ],
            [
              77.2186537,
              28.6323615
            ],
            [
              77.2186653,
              28.63234
            ],
            [
              77.2186637,
              28.6323223
            ],
            [
              77.2186984,
              28.6322682
            ],
            [
              77.2187238,
              28.6322216
            ],
            [
              77.2187536,
              28.6321756
            ],
            [
              77.2188006,
              28.6321143
            ],
            [
              77.2188458,
              28.6320799
            ],
            [
              77.2188653,
              28.6320789
            ],
            [
              77.2188938,
              28.6320892
            ],
            [
              77.2189191,
              28.6320775
            ],
            [
              77.2189421,
              28.6320668
            ],
            [
              77.2189444,
              28.6320257
            ],
            [
              77.2189625,
              28.6320031
            ],
            [
              77.2190068,
              28.6319731
            ],
            [
              77.2190574,
              28.6319421
            ],
            [
              77.2190948,
              28.6319214
            ],
            [
              77.2191347,
              28.6319011
            ],
            [
              77.219199,
              28.6318721
            ],
            [
              77.2192328,
              28.6318886
            ],
            [
              77.2192486,
              28.6318835
            ],
            [
              77.219266,
              28.6318779
            ],
            [
              77.219284,
              28.6318346
            ],
            [
              77.2193015,
              28.6318243
            ],
            [
              77.2193846,
              28.6317995
            ],
            [
              77.2194661,
              28.6317842
            ],
            [
              77.2195444,
              28.631781
            ],
            [
              77.2195969,
              28.6317756
            ],
            [
              77.2196669,
              28.6317716
            ],
            [
              77.2197634,
              28.6317722
            ],
            [
              77.219794,
              28.6317866
            ],
            [
              77.2198206,
              28.6318104
            ],
            [
              77.2198577,
              28.6318153
            ],
            [
              77.2198955,
              28.6317945
            ],
            [
              77.2199356,
              28.6317903
            ],
            [
              77.2200155,
              28.6318066
            ],
            [
              77.2201058,
              28.6318314
            ],
            [
              77.2201769,
              28.631856
            ],
            [
              77.2202617,
              28.6318916
            ],
            [
              77.220313,
              28.6319169
            ],
            [
              77.2203794,
              28.6319541
            ],
            [
              77.2204202,
              28.6319799
            ],
            [
              77.2204592,
              28.6320069
            ],
            [
              77.2205162,
              28.6320509
            ],
            [
              77.2205305,
              28.6321118
            ],
            [
              77.2205771,
              28.6321461
            ],
            [
              77.2206269,
              28.632155
            ],
            [
              77.2206709,
              28.6322056
            ],
            [
              77.2207144,
              28.6322629
            ],
            [
              77.2207574,
              28.6323292
            ],
            [
              77.2207962,
              28.6324013
            ],
            [
              77.2208331,
              28.6324769
            ],
            [
              77.220857,
              28.6325512
            ],
            [
              77.2208542,
              28.6325652
            ],
            [
              77.2208431,
              28.6325781
            ],
            [
              77.2208461,
              28.6325935
            ],
            [
              77.2208647,
              28.6326047
            ],
            [
              77.2208699,
              28.6326114
            ],
            [
              77.2208786,
              28.632656
            ],
            [
              77.2208857,
              28.6327057
            ],
            [
              77.2208886,
              28.6327359
            ],
            [
              77.2208916,
              28.6328099
            ],
            [
              77.2208905,
              28.632855
            ],
            [
              77.2208361,
              28.6328744
            ],
            [
              77.2208357,
              28.6328874
            ],
            [
              77.2208353,
              28.6329005
            ],
            [
              77.2208846,
              28.6329231
            ],
            [
              77.220879,
              28.6329584
            ],
            [
              77.2208682,
              28.6329645
            ],
            [
              77.2208675,
              28.6329719
            ],
            [
              77.2208755,
              28.6329805
            ],
            [
              77.2208636,
              28.6330342
            ],
            [
              77.2208454,
              28.6330968
            ],
            [
              77.2208307,
              28.6331386
            ],
            [
              77.2208161,
              28.6331746
            ],
            [
              77.2207845,
              28.6332413
            ],
            [
              77.2207537,
              28.6332962
            ]
          ]
        ]
      },
      "id": "way/164675825"
    },
    {
      "type": "Feature",
      "properties": {
        "@id": "way/164682370",
        "leisure": "park"
      },
      "geometry": {
        "type": "Polygon",
        "coordinates": [
          [
            [
              77.2190262,
              28.620306
            ],
            [
              77.2188321,
              28.6203331
            ],
            [
              77.2186324,
              28.6202911
            ],
            [
              77.2184828,
              28.6201981
            ],
            [
              77.2183887,
              28.6200816
            ],
            [
              77.2183455,
              28.6199692
            ],
            [
              77.2183399,
              28.6198259
            ],
            [
              77.2183731,
              28.6197138
            ],
            [
              77.2184591,
              28.6195893
            ],
            [
              77.2186051,
              28.6194857
            ],
            [
              77.2187627,
              28.6194379
            ],
            [
              77.2189303,
              28.6194369
            ],
            [
              77.2190997,
              28.6194884
            ],
            [
              77.2192218,
              28.6195713
            ],
            [
              77.2193086,
              28.6196796
            ],
            [
              77.2193576,
              28.6198143
            ],
            [
              77.2193549,
              28.6199647
            ],
            [
              77.2192948,
              28.6201077
            ],
            [
              77.2191819,
              28.6202264
            ],
            [
              77.2190262,
              28.620306
            ]
          ]
        ]
      },
      "id": "way/164682370"
    },
    {
      "type": "Feature",
      "properties": {
        "@id": "way/185307222",
        "landuse": "grass",
        "leisure": "garden"
      },
      "geometry": {
        "type": "Polygon",
        "coordinates": [
          [
            [
              77.2311,
              28.613271
            ],
            [
              77.2310138,
              28.6132668
            ],
            [
              77.2309545,
              28.6132497
            ],
            [
              77.2308871,
              28.6132221
            ],
            [
              77.2308133,
              28.6131877
            ],
            [
              77.2307464,
              28.6131306
            ],
            [
              77.2307,
              28.6130782
            ],
            [
              77.2306707,
              28.6130233
            ],
            [
              77.2306526,
              28.6129695
            ],
            [
              77.2306396,
              28.6129128
            ],
            [
              77.2309181,
              28.6128975
            ],
            [
              77.2309332,
              28.613144
            ],
            [
              77.2310983,
              28.6131397
            ],
            [
              77.2311,
              28.613271
            ]
          ]
        ]
      },
      "id": "way/185307222"
    },
    {
      "type": "Feature",
      "properties": {
        "@id": "way/185307223",
        "landuse": "grass",
        "leisure": "garden"
      },
      "geometry": {
        "type": "Polygon",
        "coordinates": [
          [
            [
              77.231591,
              28.6127935
            ],
            [
              77.2312971,
              28.6128036
            ],
            [
              77.231284,
              28.6125481
            ],
            [
              77.2311281,
              28.6125516
            ],
            [
              77.231123,
              28.6124225
            ],
            [
              77.2311945,
              28.6124253
            ],
            [
              77.2312661,
              28.6124378
            ],
            [
              77.231325,
              28.6124521
            ],
            [
              77.2313889,
              28.612487
            ],
            [
              77.231433,
              28.6125155
            ],
            [
              77.2314785,
              28.612559
            ],
            [
              77.2315122,
              28.6125942
            ],
            [
              77.2315333,
              28.6126251
            ],
            [
              77.2315496,
              28.6126583
            ],
            [
              77.2315684,
              28.6127048
            ],
            [
              77.23159,
              28.6127555
            ],
            [
              77.231591,
              28.6127935
            ]
          ]
        ]
      },
      "id": "way/185307223"
    },
    {
      "type": "Feature",
      "properties": {
        "@id": "way/185307224",
        "landuse": "grass",
        "leisure": "garden"
      },
      "geometry": {
        "type": "Polygon",
        "coordinates": [
          [
            [
              77.231305,
              28.6128643
            ],
            [
              77.2315919,
              28.6128478
            ],
            [
              77.2315933,
              28.6128907
            ],
            [
              77.2315841,
              28.6129441
            ],
            [
              77.2315631,
              28.6130065
            ],
            [
              77.2315418,
              28.6130429
            ],
            [
              77.2315185,
              28.613072
            ],
            [
              77.2314943,
              28.6131054
            ],
            [
              77.2314672,
              28.6131339
            ],
            [
              77.2314392,
              28.6131562
            ],
            [
              77.2314032,
              28.6131844
            ],
            [
              77.231355,
              28.6132134
            ],
            [
              77.2313017,
              28.6132392
            ],
            [
              77.2312436,
              28.6132583
            ],
            [
              77.2311692,
              28.6132717
            ],
            [
              77.2311702,
              28.6131367
            ],
            [
              77.2313157,
              28.6131304
            ],
            [
              77.231305,
              28.6128643
            ]
          ]
        ]
      },
      "id": "way/185307224"
    },
    {
      "type": "Feature",
      "properties": {
        "@id": "way/185307225",
        "landuse": "grass",
        "leisure": "garden"
      },
      "geometry": {
        "type": "Polygon",
        "coordinates": [
          [
            [
              77.2309177,
              28.612829
            ],
            [
              77.2306368,
              28.6128397
            ],
            [
              77.2306415,
              28.6127986
            ],
            [
              77.2306583,
              28.6127432
            ],
            [
              77.2306729,
              28.6126933
            ],
            [
              77.230698,
              28.6126382
            ],
            [
              77.230709,
              28.6126195
            ],
            [
              77.230746,
              28.6125687
            ],
            [
              77.2307913,
              28.6125355
            ],
            [
              77.2308244,
              28.6125099
            ],
            [
              77.2308675,
              28.6124832
            ],
            [
              77.230908,
              28.6124658
            ],
            [
              77.2309493,
              28.6124478
            ],
            [
              77.2309791,
              28.6124418
            ],
            [
              77.2310126,
              28.6124335
            ],
            [
              77.231058,
              28.6124282
            ],
            [
              77.2310629,
              28.6125599
            ],
            [
              77.2309071,
              28.6125688
            ],
            [
              77.2309177,
              28.612829
            ]
          ]
        ]
      },
      "id": "way/185307225"
    },
    {
      "type": "Feature",
      "properties": {
        "@id": "way/206479422",
        "leisure": "park"
      },
      "geometry": {
        "type": "Polygon",
        "coordinates": [
          [
            [
              77.1842443,
              28.6472948
            ],
            [
              77.1841156,
              28.6471253
            ],
            [
              77.1842979,
              28.647017
            ],
            [
              77.1844506,
              28.6471981
            ],
            [
              77.1842443,
              28.6472948
            ]
          ]
        ]
      },
      "id": "way/206479422"
    },
    {
      "type": "Feature",
      "properties": {
        "@id": "way/206479423",
        "leisure": "park"
      },
      "geometry": {
        "type": "Polygon",
        "coordinates": [
          [
            [
              77.1840565,
              28.6470265
            ],
            [
              77.1839248,
              28.6468968
            ],
            [
              77.1841156,
              28.6467817
            ],
            [
              77.1842389,
              28.646937
            ],
            [
              77.1840565,
              28.6470265
            ]
          ]
        ]
      },
      "id": "way/206479423"
    },
    {
      "type": "Feature",
      "properties": {
        "@id": "way/206479424",
        "leisure": "park"
      },
      "geometry": {
        "type": "Polygon",
        "coordinates": [
          [
            [
              77.1821039,
              28.6463109
            ],
            [
              77.1819752,
              28.6460943
            ],
            [
              77.1819778,
              28.6458966
            ],
            [
              77.1820261,
              28.6457812
            ],
            [
              77.1822273,
              28.6456565
            ],
            [
              77.1825706,
              28.6461014
            ],
            [
              77.1821039,
              28.6463109
            ]
          ]
        ]
      },
      "id": "way/206479424"
    },
    {
      "type": "Feature",
      "properties": {
        "@id": "way/213847283",
        "leisure": "park"
      },
      "geometry": {
        "type": "Polygon",
        "coordinates": [
          [
            [
              77.2400065,
              28.624524
            ],
            [
              77.2401948,
              28.6244055
            ],
            [
              77.2403097,
              28.6243825
            ],
            [
              77.240448,
              28.6244179
            ],
            [
              77.2405841,
              28.6244785
            ],
            [
              77.2404437,
              28.6247875
            ],
            [
              77.2403462,
              28.624856
            ],
            [
              77.2402334,
              28.6248028
            ],
            [
              77.2401819,
              28.6247395
            ],
            [
              77.2400065,
              28.624524
            ]
          ]
        ]
      },
      "id": "way/213847283"
    },
    {
      "type": "Feature",
      "properties": {
        "@id": "way/223456559",
        "barrier": "fence",
        "fee": "yes",
        "historic": "archaeological_site",
        "landuse": "grass",
        "name": "Jantar Mantar",
        "name:en": "Jantar Mantar Astronomical Observatory, Delhi",
        "name:hi": "जंतर मंतर",
        "name:ml": "ജന്തർ മന്തർ",
        "name:ru": "Обсерватория Джантар-мантар",
        "opening_hours": "sunrise-sunset",
        "tourism": "attraction",
        "wheelchair": "yes",
        "wikidata": "Q2045115",
        "wikipedia": "en:Jantar Mantar, New Delhi"
      },
      "geometry": {
        "type": "Polygon",
        "coordinates": [
          [
            [
              77.2161172,
              28.6277255
            ],
            [
              77.2161134,
              28.6276376
            ],
            [
              77.2160712,
              28.6267206
            ],
            [
              77.2160445,
              28.6261514
            ],
            [
              77.2162688,
              28.6260675
            ],
            [
              77.2165199,
              28.6260157
            ],
            [
              77.2167849,
              28.6260299
            ],
            [
              77.2170238,
              28.6260923
            ],
            [
              77.2171295,
              28.626092
            ],
            [
              77.2171301,
              28.6262757
            ],
            [
              77.2171483,
              28.6277943
            ],
            [
              77.2170523,
              28.6277943
            ],
            [
              77.2167383,
              28.6281821
            ],
            [
              77.2166062,
              28.6281807
            ],
            [
              77.2164578,
              28.6281829
            ],
            [
              77.2161172,
              28.6277255
            ]
          ]
        ]
      },
      "id": "way/223456559"
    },
    {
      "type": "Feature",
      "properties": {
        "@id": "way/231414759",
        "leisure": "park",
        "name": "Prasad Nagar Park",
        "source": "Bing"
      },
      "geometry": {
        "type": "Polygon",
        "coordinates": [
          [
            [
              77.1772489,
              28.646052
            ],
            [
              77.178015,
              28.6460227
            ],
            [
              77.1780222,
              28.6461424
            ],
            [
              77.1788454,
              28.6461207
            ],
            [
              77.1791318,
              28.6461132
            ],
            [
              77.1791801,
              28.6470547
            ],
            [
              77.1797434,
              28.6470359
            ],
            [
              77.1802604,
              28.6478573
            ],
            [
              77.1800911,
              28.6479351
            ],
            [
              77.1799869,
              28.647967
            ],
            [
              77.1799152,
              28.6479858
            ],
            [
              77.1798557,
              28.6480698
            ],
            [
              77.1792793,
              28.6481469
            ],
            [
              77.1788319,
              28.6481273
            ],
            [
              77.1784869,
              28.6480889
            ],
            [
              77.1783559,
              28.6479057
            ],
            [
              77.1773236,
              28.6465442
            ],
            [
              77.1770215,
              28.646158
            ],
            [
              77.1772489,
              28.646052
            ]
          ]
        ]
      },
      "id": "way/231414759"
    },
    {
      "type": "Feature",
      "properties": {
        "@id": "way/258341942",
        "leisure": "garden",
        "name": "Amrit Udyan",
        "name:hi": "अमृत उद्यान",
        "name:ml": "മുഗൾ ഉദ്യാനം"
      },
      "geometry": {
        "type": "Polygon",
        "coordinates": [
          [
            [
              77.198665,
              28.6151454
            ],
            [
              77.1980183,
              28.6151721
            ],
            [
              77.1980221,
              28.6152434
            ],
            [
              77.1980279,
              28.6153511
            ],
            [
              77.1977234,
              28.6153636
            ],
            [
              77.1977176,
              28.6152562
            ],
            [
              77.1977138,
              28.6151846
            ],
            [
              77.196919,
              28.6152174
            ],
            [
              77.1969025,
              28.614994
            ],
            [
              77.1968744,
              28.6146122
            ],
            [
              77.1969505,
              28.6146079
            ],
            [
              77.1969328,
              28.6143677
            ],
            [
              77.1968567,
              28.614372
            ],
            [
              77.1968286,
              28.6139901
            ],
            [
              77.196924,
              28.6139846
            ],
            [
              77.1969107,
              28.6138032
            ],
            [
              77.1976407,
              28.6137722
            ],
            [
              77.1976362,
              28.6136934
            ],
            [
              77.1976272,
              28.6135373
            ],
            [
              77.1979108,
              28.6135247
            ],
            [
              77.1979197,
              28.6136802
            ],
            [
              77.1979243,
              28.6137596
            ],
            [
              77.1985713,
              28.6137309
            ],
            [
              77.1985805,
              28.6138517
            ],
            [
              77.1989104,
              28.6138402
            ],
            [
              77.1989729,
              28.6149169
            ],
            [
              77.1986492,
              28.6149357
            ],
            [
              77.198665,
              28.6151454
            ]
          ]
        ]
      },
      "id": "way/258341942"
    },
    {
      "type": "Feature",
      "properties": {
        "@id": "way/259169046",
        "leisure": "park",
        "name": "Guru Nanak Dev Park",
        "name:etymology:wikidata": "Q83322",
        "old_name": "Shastri Park",
        "opening_hours": "Mo-Su 05:00-10:00; Mo-Su 17:00-21:30"
      },
      "geometry": {
        "type": "Polygon",
        "coordinates": [
          [
            [
              77.1921035,
              28.6459652
            ],
            [
              77.1917864,
              28.6461614
            ],
            [
              77.1914701,
              28.6463578
            ],
            [
              77.1914231,
              28.6463865
            ],
            [
              77.191405,
              28.6463635
            ],
            [
              77.1908236,
              28.6456401
            ],
            [
              77.1915039,
              28.645219
            ],
            [
              77.1921035,
              28.6459652
            ]
          ]
        ]
      },
      "id": "way/259169046"
    },
    {
      "type": "Feature",
      "properties": {
        "@id": "way/264768413",
        "leisure": "park"
      },
      "geometry": {
        "type": "Polygon",
        "coordinates": [
          [
            [
              77.2382533,
              28.6550342
            ],
            [
              77.2382587,
              28.6551942
            ],
            [
              77.238256,
              28.6552485
            ],
            [
              77.2381782,
              28.6552978
            ],
            [
              77.2380251,
              28.6553557
            ],
            [
              77.2379183,
              28.6554223
            ],
            [
              77.2378403,
              28.6555096
            ],
            [
              77.2378094,
              28.655608
            ],
            [
              77.2377115,
              28.655632
            ],
            [
              77.2376571,
              28.6556996
            ],
            [
              77.2375828,
              28.6557215
            ],
            [
              77.237396,
              28.65573
            ],
            [
              77.2369031,
              28.6557525
            ],
            [
              77.2367178,
              28.6539585
            ],
            [
              77.2367202,
              28.6537208
            ],
            [
              77.2367727,
              28.6534713
            ],
            [
              77.2368433,
              28.653247
            ],
            [
              77.2371804,
              28.6527228
            ],
            [
              77.238089,
              28.6515333
            ],
            [
              77.2381583,
              28.6515683
            ],
            [
              77.2382627,
              28.6514251
            ],
            [
              77.2385953,
              28.6508704
            ],
            [
              77.2390566,
              28.6502443
            ],
            [
              77.2393785,
              28.6501784
            ],
            [
              77.2399538,
              28.6504067
            ],
            [
              77.2395944,
              28.6508586
            ],
            [
              77.2393571,
              28.6511576
            ],
            [
              77.2393584,
              28.6512588
            ],
            [
              77.2393584,
              28.6515789
            ],
            [
              77.2393423,
              28.6516872
            ],
            [
              77.2391492,
              28.6518567
            ],
            [
              77.2382962,
              28.6525863
            ],
            [
              77.2381675,
              28.652704
            ],
            [
              77.2381139,
              28.6528029
            ],
            [
              77.2380964,
              28.652937
            ],
            [
              77.2382533,
              28.6550342
            ]
          ]
        ]
      },
      "id": "way/264768413"
    },
    {
      "type": "Feature",
      "properties": {
        "@id": "way/264769713",
        "leisure": "park"
      },
      "geometry": {
        "type": "Polygon",
        "coordinates": [
          [
            [
              77.2377544,
              28.6579904
            ],
            [
              77.2372626,
              28.6578593
            ],
            [
              77.2372853,
              28.6575119
            ],
            [
              77.2371143,
              28.6561653
            ],
            [
              77.237437,
              28.6561361
            ],
            [
              77.237615,
              28.6561267
            ],
            [
              77.2376876,
              28.6562991
            ],
            [
              77.2377555,
              28.6564226
            ],
            [
              77.237866,
              28.6565478
            ],
            [
              77.2379668,
              28.6566574
            ],
            [
              77.238051,
              28.6567489
            ],
            [
              77.2381396,
              28.6568282
            ],
            [
              77.2383861,
              28.6568348
            ],
            [
              77.2384397,
              28.657908
            ],
            [
              77.2377544,
              28.6579904
            ]
          ]
        ]
      },
      "id": "way/264769713"
    },
    {
      "type": "Feature",
      "properties": {
        "@id": "way/264904087",
        "leisure": "park",
        "name": "Dilli Chalo Park"
      },
      "geometry": {
        "type": "Polygon",
        "coordinates": [
          [
            [
              77.2444117,
              28.6524733
            ],
            [
              77.2447174,
              28.6570442
            ],
            [
              77.2445458,
              28.6579104
            ],
            [
              77.2442668,
              28.6583011
            ],
            [
              77.2439664,
              28.6586259
            ],
            [
              77.2435734,
              28.6524082
            ],
            [
              77.2427822,
              28.6519249
            ],
            [
              77.2427888,
              28.6518729
            ],
            [
              77.2427698,
              28.6518298
            ],
            [
              77.242737,
              28.6517898
            ],
            [
              77.242679,
              28.6517631
            ],
            [
              77.2426051,
              28.6517391
            ],
            [
              77.2425345,
              28.6517427
            ],
            [
              77.2424596,
              28.651756
            ],
            [
              77.2424054,
              28.6517906
            ],
            [
              77.2419722,
              28.6518261
            ],
            [
              77.2418793,
              28.651792
            ],
            [
              77.2417847,
              28.651791
            ],
            [
              77.2416942,
              28.6518079
            ],
            [
              77.2416171,
              28.651845
            ],
            [
              77.2411112,
              28.6518755
            ],
            [
              77.2410435,
              28.6518335
            ],
            [
              77.2409384,
              28.651829
            ],
            [
              77.2408525,
              28.6518441
            ],
            [
              77.2407934,
              28.6518824
            ],
            [
              77.2406177,
              28.6518825
            ],
            [
              77.2406056,
              28.6517177
            ],
            [
              77.2405855,
              28.651433
            ],
            [
              77.2407585,
              28.6514211
            ],
            [
              77.2411769,
              28.6508915
            ],
            [
              77.2411743,
              28.6504796
            ],
            [
              77.2434568,
              28.6503948
            ],
            [
              77.2433737,
              28.6516824
            ],
            [
              77.2436499,
              28.6516871
            ],
            [
              77.2443554,
              28.6510657
            ],
            [
              77.2446128,
              28.6510139
            ],
            [
              77.24446,
              28.6514917
            ],
            [
              77.2444036,
              28.6521107
            ],
            [
              77.2444117,
              28.6524733
            ]
          ]
        ]
      },
      "id": "way/264904087"
    },
    {
      "type": "Feature",
      "properties": {
        "@id": "way/264906803",
        "natural": "water",
        "water": "pond"
      },
      "geometry": {
        "type": "Polygon",
        "coordinates": [
          [
            [
              77.2497748,
              28.6436911
            ],
            [
              77.2496728,
              28.6436581
            ],
            [
              77.2496299,
              28.6435875
            ],
            [
              77.2496782,
              28.6435263
            ],
            [
              77.2498123,
              28.6435122
            ],
            [
              77.2498928,
              28.6435404
            ],
            [
              77.2500108,
              28.6435828
            ],
            [
              77.2501342,
              28.6435593
            ],
            [
              77.2502629,
              28.6435593
            ],
            [
              77.2503863,
              28.6436158
            ],
            [
              77.2504453,
              28.643677
            ],
            [
              77.2505258,
              28.6437711
            ],
            [
              77.2505741,
              28.64387
            ],
            [
              77.2505204,
              28.6439642
            ],
            [
              77.2504829,
              28.6440489
            ],
            [
              77.250456,
              28.6441384
            ],
            [
              77.2504775,
              28.6442278
            ],
            [
              77.2505311,
              28.6443125
            ],
            [
              77.2506062,
              28.6443643
            ],
            [
              77.2506384,
              28.6444585
            ],
            [
              77.2506599,
              28.6445338
            ],
            [
              77.2507135,
              28.644595
            ],
            [
              77.2508047,
              28.6446091
            ],
            [
              77.250912,
              28.6445668
            ],
            [
              77.2509764,
              28.6444914
            ],
            [
              77.2510676,
              28.6444538
            ],
            [
              77.2511963,
              28.6444302
            ],
            [
              77.2512661,
              28.6444773
            ],
            [
              77.2512982,
              28.6445903
            ],
            [
              77.2512392,
              28.6446939
            ],
            [
              77.251148,
              28.644788
            ],
            [
              77.2510569,
              28.6448587
            ],
            [
              77.2510032,
              28.6449575
            ],
            [
              77.2509227,
              28.6450423
            ],
            [
              77.2508155,
              28.6451223
            ],
            [
              77.2507243,
              28.645127
            ],
            [
              77.250617,
              28.6450988
            ],
            [
              77.2505097,
              28.6450281
            ],
            [
              77.2504078,
              28.6448775
            ],
            [
              77.2503219,
              28.6448398
            ],
            [
              77.2502146,
              28.6448587
            ],
            [
              77.2501127,
              28.6449199
            ],
            [
              77.249984,
              28.6450187
            ],
            [
              77.2499035,
              28.6450376
            ],
            [
              77.2497962,
              28.6449858
            ],
            [
              77.2497587,
              28.6448963
            ],
            [
              77.2497748,
              28.644788
            ],
            [
              77.2498713,
              28.6446703
            ],
            [
              77.2499679,
              28.6445856
            ],
            [
              77.2500752,
              28.6444632
            ],
            [
              77.2501449,
              28.6443078
            ],
            [
              77.2501556,
              28.6441478
            ],
            [
              77.2501288,
              28.6440112
            ],
            [
              77.2500537,
              28.6438418
            ],
            [
              77.2499518,
              28.6437429
            ],
            [
              77.2497748,
              28.6436911
            ]
          ]
        ]
      },
      "id": "way/264906803"
    },
    {
      "type": "Feature",
      "properties": {
        "@id": "way/265903499",
        "leisure": "park"
      },
      "geometry": {
        "type": "Polygon",
        "coordinates": [
          [
            [
              77.1793413,
              28.6518519
            ],
            [
              77.1796672,
              28.6516895
            ],
            [
              77.1799837,
              28.6514824
            ],
            [
              77.1801674,
              28.6516919
            ],
            [
              77.1802358,
              28.6516801
            ],
            [
              77.1804034,
              28.6519131
            ],
            [
              77.1799367,
              28.6522144
            ],
            [
              77.179529,
              28.652398
            ],
            [
              77.1794593,
              28.6521626
            ],
            [
              77.1793413,
              28.6518519
            ]
          ]
        ]
      },
      "id": "way/265903499"
    },
    {
      "type": "Feature",
      "properties": {
        "@id": "way/266768779",
        "leisure": "park",
        "name": "Purdah Bagh",
        "name:hi": "पर्दा बाग"
      },
      "geometry": {
        "type": "Polygon",
        "coordinates": [
          [
            [
              77.2402255,
              28.6486985
            ],
            [
              77.2417704,
              28.6485808
            ],
            [
              77.2418134,
              28.6498801
            ],
            [
              77.2399573,
              28.6497012
            ],
            [
              77.2398232,
              28.6496306
            ],
            [
              77.2396086,
              28.6495741
            ],
            [
              77.2402255,
              28.6486985
            ]
          ]
        ]
      },
      "id": "way/266768779"
    },
    {
      "type": "Feature",
      "properties": {
        "@id": "way/266778950",
        "leisure": "park"
      },
      "geometry": {
        "type": "Polygon",
        "coordinates": [
          [
            [
              77.2365393,
              28.6498017
            ],
            [
              77.2397553,
              28.6485236
            ],
            [
              77.2381718,
              28.6506446
            ],
            [
              77.2381118,
              28.6506116
            ],
            [
              77.2380044,
              28.6507592
            ],
            [
              77.2380727,
              28.6507943
            ],
            [
              77.2379904,
              28.6509242
            ],
            [
              77.2364674,
              28.6508276
            ],
            [
              77.2365393,
              28.6498017
            ]
          ]
        ]
      },
      "id": "way/266778950"
    },
    {
      "type": "Feature",
      "properties": {
        "@id": "way/266778951",
        "leisure": "park"
      },
      "geometry": {
        "type": "Polygon",
        "coordinates": [
          [
            [
              77.235072,
              28.6506905
            ],
            [
              77.2351103,
              28.6501281
            ],
            [
              77.2357611,
              28.6501623
            ],
            [
              77.2364118,
              28.6501964
            ],
            [
              77.2363735,
              28.6507588
            ],
            [
              77.235072,
              28.6506905
            ]
          ]
        ]
      },
      "id": "way/266778951"
    },
    {
      "type": "Feature",
      "properties": {
        "@id": "way/266778952",
        "leisure": "park"
      },
      "geometry": {
        "type": "Polygon",
        "coordinates": [
          [
            [
              77.2350482,
              28.6508102
            ],
            [
              77.2354189,
              28.6508317
            ],
            [
              77.2353872,
              28.6512522
            ],
            [
              77.2350165,
              28.6512307
            ],
            [
              77.2350482,
              28.6508102
            ]
          ]
        ]
      },
      "id": "way/266778952"
    },
    {
      "type": "Feature",
      "properties": {
        "@id": "way/266778953",
        "leisure": "park"
      },
      "geometry": {
        "type": "Polygon",
        "coordinates": [
          [
            [
              77.2359948,
              28.6509502
            ],
            [
              77.2378651,
              28.6510641
            ],
            [
              77.2371892,
              28.651902
            ],
            [
              77.2368692,
              28.6516799
            ],
            [
              77.2359197,
              28.6516187
            ],
            [
              77.2359948,
              28.6509502
            ]
          ]
        ]
      },
      "id": "way/266778953"
    },
    {
      "type": "Feature",
      "properties": {
        "@id": "way/284169201",
        "barrier": "wall",
        "leisure": "park"
      },
      "geometry": {
        "type": "Polygon",
        "coordinates": [
          [
            [
              77.2066065,
              28.628277
            ],
            [
              77.2065858,
              28.628254
            ],
            [
              77.2065762,
              28.6282187
            ],
            [
              77.2065812,
              28.6281845
            ],
            [
              77.2065917,
              28.6281562
            ],
            [
              77.2066052,
              28.6281284
            ],
            [
              77.2066246,
              28.6281023
            ],
            [
              77.2066509,
              28.6280844
            ],
            [
              77.2066825,
              28.6280715
            ],
            [
              77.2067175,
              28.6280847
            ],
            [
              77.206741,
              28.628104
            ],
            [
              77.2067629,
              28.6281261
            ],
            [
              77.2067774,
              28.6281485
            ],
            [
              77.2067904,
              28.6281819
            ],
            [
              77.2067938,
              28.6282175
            ],
            [
              77.2067883,
              28.6282535
            ],
            [
              77.206764,
              28.6282754
            ],
            [
              77.2066065,
              28.628277
            ]
          ]
        ]
      },
      "id": "way/284169201"
    },
    {
      "type": "Feature",
      "properties": {
        "@id": "way/284185497",
        "leisure": "park"
      },
      "geometry": {
        "type": "Polygon",
        "coordinates": [
          [
            [
              77.2068611,
              28.6280207
            ],
            [
              77.2071667,
              28.6280014
            ],
            [
              77.2073666,
              28.6279924
            ],
            [
              77.2073883,
              28.6282919
            ],
            [
              77.2068828,
              28.6283202
            ],
            [
              77.2068611,
              28.6280207
            ]
          ]
        ]
      },
      "id": "way/284185497"
    },
    {
      "type": "Feature",
      "properties": {
        "@id": "way/289747211",
        "barrier": "wall",
        "leisure": "park",
        "material": "brick",
        "name": "Deen Dayal Upadhyay Park",
        "name:etymology:wikidata": "Q3631426",
        "wall": "brick"
      },
      "geometry": {
        "type": "Polygon",
        "coordinates": [
          [
            [
              77.2301975,
              28.6337507
            ],
            [
              77.2303409,
              28.6336659
            ],
            [
              77.2319852,
              28.6327019
            ],
            [
              77.2322383,
              28.6330213
            ],
            [
              77.2326131,
              28.6334944
            ],
            [
              77.2318888,
              28.6339147
            ],
            [
              77.2319627,
              28.6345784
            ],
            [
              77.2308154,
              28.6346424
            ],
            [
              77.2306451,
              28.6343573
            ],
            [
              77.2301975,
              28.6337507
            ]
          ]
        ]
      },
      "id": "way/289747211"
    },
    {
      "type": "Feature",
      "properties": {
        "@id": "way/289747212",
        "barrier": "wall",
        "leisure": "park",
        "material": "brick",
        "name": "Deen Dayal Upadhyay Park",
        "name:etymology:wikidata": "Q3631426",
        "wall": "brick"
      },
      "geometry": {
        "type": "Polygon",
        "coordinates": [
          [
            [
              77.2285652,
              28.6347401
            ],
            [
              77.2291157,
              28.6344206
            ],
            [
              77.2300156,
              28.6338983
            ],
            [
              77.2303529,
              28.6343524
            ],
            [
              77.2305341,
              28.6346288
            ],
            [
              77.2306588,
              28.6349047
            ],
            [
              77.2307425,
              28.6351663
            ],
            [
              77.2307896,
              28.6354614
            ],
            [
              77.2308404,
              28.6360616
            ],
            [
              77.2296863,
              28.6361568
            ],
            [
              77.2285652,
              28.6347401
            ]
          ]
        ]
      },
      "id": "way/289747212"
    },
    {
      "type": "Feature",
      "properties": {
        "@id": "way/292194579",
        "barrier": "wall",
        "leisure": "park"
      },
      "geometry": {
        "type": "Polygon",
        "coordinates": [
          [
            [
              77.2378122,
              28.6093196
            ],
            [
              77.2375292,
              28.6083926
            ],
            [
              77.2377118,
              28.6081223
            ],
            [
              77.2384153,
              28.6084602
            ],
            [
              77.2393877,
              28.6070166
            ],
            [
              77.239921,
              28.6072946
            ],
            [
              77.2399615,
              28.6073502
            ],
            [
              77.2399716,
              28.6074169
            ],
            [
              77.239803,
              28.6089353
            ],
            [
              77.2397006,
              28.6090445
            ],
            [
              77.2395599,
              28.6091417
            ],
            [
              77.2394085,
              28.6092109
            ],
            [
              77.2384703,
              28.6092045
            ],
            [
              77.2381362,
              28.6092529
            ],
            [
              77.2378122,
              28.6093196
            ]
          ]
        ]
      },
      "id": "way/292194579"
    },
    {
      "type": "Feature",
      "properties": {
        "@id": "way/292194582",
        "barrier": "wall",
        "leisure": "park"
      },
      "geometry": {
        "type": "Polygon",
        "coordinates": [
          [
            [
              77.2406816,
              28.6041975
            ],
            [
              77.2422323,
              28.6042825
            ],
            [
              77.2421948,
              28.6048751
            ],
            [
              77.2406386,
              28.6047998
            ],
            [
              77.2406816,
              28.6041975
            ]
          ]
        ]
      },
      "id": "way/292194582"
    },
    {
      "type": "Feature",
      "properties": {
        "@id": "way/292194583",
        "barrier": "wall",
        "leisure": "park"
      },
      "geometry": {
        "type": "Polygon",
        "coordinates": [
          [
            [
              77.2426104,
              28.5998435
            ],
            [
              77.2429736,
              28.599867
            ],
            [
              77.2429494,
              28.6001561
            ],
            [
              77.2425862,
              28.6001326
            ],
            [
              77.2426104,
              28.5998435
            ]
          ]
        ]
      },
      "id": "way/292194583"
    },
    {
      "type": "Feature",
      "properties": {
        "@id": "way/292194586",
        "barrier": "wall",
        "leisure": "park"
      },
      "geometry": {
        "type": "Polygon",
        "coordinates": [
          [
            [
              77.2423186,
              28.6038898
            ],
            [
              77.2426819,
              28.6039133
            ],
            [
              77.2426576,
              28.6042024
            ],
            [
              77.2422944,
              28.6041789
            ],
            [
              77.2423186,
              28.6038898
            ]
          ]
        ]
      },
      "id": "way/292194586"
    },
    {
      "type": "Feature",
      "properties": {
        "@id": "way/292194588",
        "barrier": "wall",
        "leisure": "park"
      },
      "geometry": {
        "type": "Polygon",
        "coordinates": [
          [
            [
              77.2413327,
              28.6001288
            ],
            [
              77.2416959,
              28.6001523
            ],
            [
              77.2416717,
              28.6004414
            ],
            [
              77.2413084,
              28.6004179
            ],
            [
              77.2413327,
              28.6001288
            ]
          ]
        ]
      },
      "id": "way/292194588"
    },
    {
      "type": "Feature",
      "properties": {
        "@id": "way/292194589",
        "barrier": "wall",
        "leisure": "park"
      },
      "geometry": {
        "type": "Polygon",
        "coordinates": [
          [
            [
              77.2410858,
              28.6034866
            ],
            [
              77.241449,
              28.6035101
            ],
            [
              77.2414248,
              28.6037992
            ],
            [
              77.2410616,
              28.6037757
            ],
            [
              77.2410858,
              28.6034866
            ]
          ]
        ]
      },
      "id": "way/292194589"
    },
    {
      "type": "Feature",
      "properties": {
        "@id": "way/292194590",
        "barrier": "wall",
        "leisure": "park"
      },
      "geometry": {
        "type": "Polygon",
        "coordinates": [
          [
            [
              77.2407281,
              28.6024213
            ],
            [
              77.2407899,
              28.6014471
            ],
            [
              77.2413131,
              28.6014726
            ],
            [
              77.2412514,
              28.6024469
            ],
            [
              77.2407281,
              28.6024213
            ]
          ]
        ]
      },
      "id": "way/292194590"
    },
    {
      "type": "Feature",
      "properties": {
        "@id": "way/292194591",
        "barrier": "wall",
        "leisure": "park"
      },
      "geometry": {
        "type": "Polygon",
        "coordinates": [
          [
            [
              77.2415903,
              28.6028195
            ],
            [
              77.2432346,
              28.6028996
            ],
            [
              77.2431972,
              28.6034922
            ],
            [
              77.2415528,
              28.6034121
            ],
            [
              77.2415903,
              28.6028195
            ]
          ]
        ]
      },
      "id": "way/292194591"
    },
    {
      "type": "Feature",
      "properties": {
        "@id": "way/292194592",
        "barrier": "wall",
        "leisure": "park"
      },
      "geometry": {
        "type": "Polygon",
        "coordinates": [
          [
            [
              77.2422454,
              28.6049856
            ],
            [
              77.2426087,
              28.6050091
            ],
            [
              77.2425844,
              28.6052982
            ],
            [
              77.2422212,
              28.6052747
            ],
            [
              77.2422454,
              28.6049856
            ]
          ]
        ]
      },
      "id": "way/292194592"
    },
    {
      "type": "Feature",
      "properties": {
        "@id": "way/292194593",
        "barrier": "wall",
        "leisure": "park"
      },
      "geometry": {
        "type": "Polygon",
        "coordinates": [
          [
            [
              77.2417317,
              28.6005571
            ],
            [
              77.243376,
              28.6006373
            ],
            [
              77.2433386,
              28.6012299
            ],
            [
              77.2416942,
              28.6011497
            ],
            [
              77.2417317,
              28.6005571
            ]
          ]
        ]
      },
      "id": "way/292194593"
    },
    {
      "type": "Feature",
      "properties": {
        "@id": "way/292988259",
        "access": "yes",
        "addr:city": "Old Rajinder Nagar",
        "addr:district": "110060",
        "addr:postcode": "110060",
        "addr:street": "Sir Ganga Ram Hospital Marg",
        "leisure": "park",
        "name": "Moola Mal Bhatia Park",
        "opening_hours": "sunrise-sunset"
      },
      "geometry": {
        "type": "Polygon",
        "coordinates": [
          [
            [
              77.1875919,
              28.6380464
            ],
            [
              77.1881265,
              28.6377781
            ],
            [
              77.189693,
              28.6399931
            ],
            [
              77.1891667,
              28.6403024
            ],
            [
              77.1884253,
              28.6392403
            ],
            [
              77.1883836,
              28.6391806
            ],
            [
              77.1878131,
              28.6383633
            ],
            [
              77.1875919,
              28.6380464
            ]
          ]
        ]
      },
      "id": "way/292988259"
    },
    {
      "type": "Feature",
      "properties": {
        "@id": "way/317310810",
        "landuse": "grass"
      },
      "geometry": {
        "type": "Polygon",
        "coordinates": [
          [
            [
              77.2216896,
              28.6178712
            ],
            [
              77.2216554,
              28.6178319
            ],
            [
              77.2216053,
              28.6177649
            ],
            [
              77.2215948,
              28.6176909
            ],
            [
              77.2216343,
              28.6176701
            ],
            [
              77.2216791,
              28.61764
            ],
            [
              77.2217186,
              28.6176446
            ],
            [
              77.2217581,
              28.6176631
            ],
            [
              77.221845,
              28.6177672
            ],
            [
              77.2218635,
              28.6178342
            ],
            [
              77.2218424,
              28.6178712
            ],
            [
              77.2217765,
              28.6179082
            ],
            [
              77.2217502,
              28.6179082
            ],
            [
              77.2216896,
              28.6178712
            ]
          ]
        ]
      },
      "id": "way/317310810"
    },
    {
      "type": "Feature",
      "properties": {
        "@id": "way/317310815",
        "leisure": "park"
      },
      "geometry": {
        "type": "Polygon",
        "coordinates": [
          [
            [
              77.2124274,
              28.6234797
            ],
            [
              77.2124296,
              28.6233797
            ],
            [
              77.2124701,
              28.6232862
            ],
            [
              77.2125442,
              28.6232102
            ],
            [
              77.2126432,
              28.6231606
            ],
            [
              77.2127554,
              28.6231433
            ],
            [
              77.2128678,
              28.6231602
            ],
            [
              77.2129669,
              28.6232095
            ],
            [
              77.2130414,
              28.6232853
            ],
            [
              77.2130802,
              28.6233703
            ],
            [
              77.2130871,
              28.6234618
            ],
            [
              77.2130614,
              28.6235506
            ],
            [
              77.2130055,
              28.6236281
            ],
            [
              77.212925,
              28.6236865
            ],
            [
              77.2128279,
              28.6237201
            ],
            [
              77.2127236,
              28.6237256
            ],
            [
              77.2126226,
              28.6237024
            ],
            [
              77.2125347,
              28.6236529
            ],
            [
              77.2124639,
              28.6235745
            ],
            [
              77.2124274,
              28.6234797
            ]
          ]
        ]
      },
      "id": "way/317310815"
    },
    {
      "type": "Feature",
      "properties": {
        "@id": "way/320348676",
        "barrier": "fence",
        "leisure": "park",
        "name": "Sushila Mohan Park",
        "name:hi": "सुशीला मोहन पार्क",
        "old_name": "Bagh Diwar Park",
        "old_name:ur": "باغ دیور پارک",
        "opening_hours": "Mo-Su 05:00-10:00, 16:00-19:30 \"summer\"; Oct-Jan Mo-Su 06:00-10:00, 15:00-18:30 \"winter\"",
        "surface": "grass"
      },
      "geometry": {
        "type": "Polygon",
        "coordinates": [
          [
            [
              77.2258799,
              28.6587282
            ],
            [
              77.2258968,
              28.6590939
            ],
            [
              77.2259258,
              28.6596711
            ],
            [
              77.2250428,
              28.6597051
            ],
            [
              77.2250233,
              28.6592637
            ],
            [
              77.2249956,
              28.6587623
            ],
            [
              77.2251649,
              28.6587558
            ],
            [
              77.2256963,
              28.6587353
            ],
            [
              77.2258799,
              28.6587282
            ]
          ]
        ]
      },
      "id": "way/320348676"
    },
    {
      "type": "Feature",
      "properties": {
        "@id": "way/320348677",
        "landuse": "grass",
        "name": "Gandhi Maidan",
        "name:uk": "Майдан Ганді",
        "name:ur": "گاندھی میدان"
      },
      "geometry": {
        "type": "Polygon",
        "coordinates": [
          [
            [
              77.2304415,
              28.6591131
            ],
            [
              77.2314544,
              28.6590738
            ],
            [
              77.2314579,
              28.6594275
            ],
            [
              77.2312891,
              28.6598749
            ],
            [
              77.2303692,
              28.6599142
            ],
            [
              77.2303279,
              28.6593126
            ],
            [
              77.2304415,
              28.6591131
            ]
          ]
        ]
      },
      "id": "way/320348677"
    },
    {
      "type": "Feature",
      "properties": {
        "@id": "way/320353002",
        "leisure": "garden"
      },
      "geometry": {
        "type": "Polygon",
        "coordinates": [
          [
            [
              77.2411746,
              28.6560519
            ],
            [
              77.2411381,
              28.6555044
            ],
            [
              77.2420587,
              28.6554571
            ],
            [
              77.2420952,
              28.6560047
            ],
            [
              77.2411746,
              28.6560519
            ]
          ]
        ]
      },
      "id": "way/320353002"
    },
    {
      "type": "Feature",
      "properties": {
        "@id": "way/320353003",
        "leisure": "garden",
        "name": "Hayat Bakhsh"
      },
      "geometry": {
        "type": "Polygon",
        "coordinates": [
          [
            [
              77.2423453,
              28.6585934
            ],
            [
              77.2422511,
              28.6569682
            ],
            [
              77.2435208,
              28.6569158
            ],
            [
              77.2436284,
              28.6585527
            ],
            [
              77.2423453,
              28.6585934
            ]
          ]
        ]
      },
      "id": "way/320353003"
    },
    {
      "type": "Feature",
      "properties": {
        "@id": "way/320353004",
        "leisure": "garden"
      },
      "geometry": {
        "type": "Polygon",
        "coordinates": [
          [
            [
              77.2426006,
              28.656761
            ],
            [
              77.24251,
              28.6553962
            ],
            [
              77.2427849,
              28.655209
            ],
            [
              77.2429434,
              28.6549979
            ],
            [
              77.2430062,
              28.6548198
            ],
            [
              77.2429995,
              28.6545615
            ],
            [
              77.2432819,
              28.6545502
            ],
            [
              77.2434225,
              28.6566369
            ],
            [
              77.2432168,
              28.6566443
            ],
            [
              77.2432217,
              28.6567408
            ],
            [
              77.2426006,
              28.656761
            ]
          ]
        ]
      },
      "id": "way/320353004"
    },
    {
      "type": "Feature",
      "properties": {
        "@id": "way/335305068",
        "leisure": "park",
        "name": "Jhoola Ground"
      },
      "geometry": {
        "type": "Polygon",
        "coordinates": [
          [
            [
              77.2375994,
              28.6055681
            ],
            [
              77.2378086,
              28.6052384
            ],
            [
              77.237873,
              28.6051301
            ],
            [
              77.2382431,
              28.6053232
            ],
            [
              77.2379695,
              28.6057564
            ],
            [
              77.2377831,
              28.6056615
            ],
            [
              77.2375994,
              28.6055681
            ]
          ]
        ]
      },
      "id": "way/335305068"
    },
    {
      "type": "Feature",
      "properties": {
        "@id": "way/335305069",
        "leisure": "park"
      },
      "geometry": {
        "type": "Polygon",
        "coordinates": [
          [
            [
              77.2381217,
              28.6036724
            ],
            [
              77.2385284,
              28.6030286
            ],
            [
              77.2387009,
              28.603126
            ],
            [
              77.2387502,
              28.6032396
            ],
            [
              77.2387256,
              28.6034127
            ],
            [
              77.238627,
              28.6035479
            ],
            [
              77.2385345,
              28.603602
            ],
            [
              77.2383497,
              28.6036886
            ],
            [
              77.2382203,
              28.6036886
            ],
            [
              77.2381217,
              28.6036724
            ]
          ]
        ]
      },
      "id": "way/335305069"
    },
    {
      "type": "Feature",
      "properties": {
        "@id": "way/335305070",
        "leisure": "park"
      },
      "geometry": {
        "type": "Polygon",
        "coordinates": [
          [
            [
              77.2395883,
              28.6021089
            ],
            [
              77.2396006,
              28.6016977
            ],
            [
              77.240186,
              28.6017031
            ],
            [
              77.2401428,
              28.6021359
            ],
            [
              77.2399272,
              28.6021251
            ],
            [
              77.2395883,
              28.6021089
            ]
          ]
        ]
      },
      "id": "way/335305070"
    },
    {
      "type": "Feature",
      "properties": {
        "@id": "way/335305071",
        "leisure": "park"
      },
      "geometry": {
        "type": "Polygon",
        "coordinates": [
          [
            [
              77.2397916,
              28.6024497
            ],
            [
              77.2397916,
              28.6022495
            ],
            [
              77.2400689,
              28.6022712
            ],
            [
              77.2400566,
              28.6024605
            ],
            [
              77.2397916,
              28.6024497
            ]
          ]
        ]
      },
      "id": "way/335305071"
    },
    {
      "type": "Feature",
      "properties": {
        "@id": "way/335305072",
        "leisure": "park"
      },
      "geometry": {
        "type": "Polygon",
        "coordinates": [
          [
            [
              77.2397731,
              28.6047598
            ],
            [
              77.2397731,
              28.604143
            ],
            [
              77.2400258,
              28.6041539
            ],
            [
              77.2399703,
              28.6047598
            ],
            [
              77.2397731,
              28.6047598
            ]
          ]
        ]
      },
      "id": "way/335305072"
    },
    {
      "type": "Feature",
      "properties": {
        "@id": "way/335305074",
        "leisure": "park"
      },
      "geometry": {
        "type": "Polygon",
        "coordinates": [
          [
            [
              77.239426,
              28.606675
            ],
            [
              77.2399218,
              28.6064408
            ],
            [
              77.2398452,
              28.6066163
            ],
            [
              77.239739,
              28.6066827
            ],
            [
              77.2396324,
              28.606724
            ],
            [
              77.2395146,
              28.6067209
            ],
            [
              77.239426,
              28.606675
            ]
          ]
        ]
      },
      "id": "way/335305074"
    },
    {
      "type": "Feature",
      "properties": {
        "@id": "way/357288760",
        "leisure": "park"
      },
      "geometry": {
        "type": "Polygon",
        "coordinates": [
          [
            [
              77.1812593,
              28.6337144
            ],
            [
              77.1805163,
              28.6326339
            ],
            [
              77.1808965,
              28.6324325
            ],
            [
              77.1816394,
              28.6335131
            ],
            [
              77.1812593,
              28.6337144
            ]
          ]
        ]
      },
      "id": "way/357288760"
    },
    {
      "type": "Feature",
      "properties": {
        "@id": "way/357288761",
        "leisure": "park"
      },
      "geometry": {
        "type": "Polygon",
        "coordinates": [
          [
            [
              77.1804713,
              28.6325593
            ],
            [
              77.1797416,
              28.6315013
            ],
            [
              77.1801102,
              28.6313054
            ],
            [
              77.1808399,
              28.6323634
            ],
            [
              77.1804713,
              28.6325593
            ]
          ]
        ]
      },
      "id": "way/357288761"
    },
    {
      "type": "Feature",
      "properties": {
        "@id": "way/357288762",
        "leisure": "park",
        "name": "Sita Mata Park",
        "name:etymology:wikidata": "Q191114"
      },
      "geometry": {
        "type": "Polygon",
        "coordinates": [
          [
            [
              77.1794773,
              28.6332189
            ],
            [
              77.1797992,
              28.6336787
            ],
            [
              77.1802184,
              28.6342773
            ],
            [
              77.1796665,
              28.634575
            ],
            [
              77.1789255,
              28.6335166
            ],
            [
              77.1794773,
              28.6332189
            ]
          ]
        ]
      },
      "id": "way/357288762"
    },
    {
      "type": "Feature",
      "properties": {
        "@id": "way/359559374",
        "leisure": "garden"
      },
      "geometry": {
        "type": "Polygon",
        "coordinates": [
          [
            [
              77.2137378,
              28.6014149
            ],
            [
              77.2135588,
              28.6011853
            ],
            [
              77.2138872,
              28.6009879
            ],
            [
              77.2140662,
              28.6012176
            ],
            [
              77.2137378,
              28.6014149
            ]
          ]
        ]
      },
      "id": "way/359559374"
    },
    {
      "type": "Feature",
      "properties": {
        "@id": "way/359561724",
        "leisure": "park"
      },
      "geometry": {
        "type": "Polygon",
        "coordinates": [
          [
            [
              77.2177785,
              28.6002668
            ],
            [
              77.2178912,
              28.6003181
            ],
            [
              77.2179778,
              28.6003997
            ],
            [
              77.2180281,
              28.6005021
            ],
            [
              77.2180363,
              28.6006134
            ],
            [
              77.2180055,
              28.6007132
            ],
            [
              77.2179406,
              28.6007996
            ],
            [
              77.2178483,
              28.6008639
            ],
            [
              77.2177377,
              28.6008996
            ],
            [
              77.2176199,
              28.6009033
            ],
            [
              77.2175068,
              28.6008745
            ],
            [
              77.2174095,
              28.6008161
            ],
            [
              77.2173379,
              28.6007339
            ],
            [
              77.217299,
              28.6006363
            ],
            [
              77.2172983,
              28.6005248
            ],
            [
              77.2173402,
              28.6004195
            ],
            [
              77.21742,
              28.6003328
            ],
            [
              77.2175284,
              28.6002746
            ],
            [
              77.2176527,
              28.6002517
            ],
            [
              77.2177785,
              28.6002668
            ]
          ]
        ]
      },
      "id": "way/359561724"
    },
    {
      "type": "Feature",
      "properties": {
        "@id": "way/359757120",
        "leisure": "garden"
      },
      "geometry": {
        "type": "Polygon",
        "coordinates": [
          [
            [
              77.2057373,
              28.6160517
            ],
            [
              77.2061097,
              28.6160303
            ],
            [
              77.2061707,
              28.6168492
            ],
            [
              77.2057879,
              28.6168608
            ],
            [
              77.2057569,
              28.6163857
            ],
            [
              77.2057373,
              28.6160517
            ]
          ]
        ]
      },
      "id": "way/359757120"
    },
    {
      "type": "Feature",
      "properties": {
        "@id": "way/359757144",
        "landuse": "grass"
      },
      "geometry": {
        "type": "Polygon",
        "coordinates": [
          [
            [
              77.2088984,
              28.6142508
            ],
            [
              77.2091171,
              28.6142405
            ],
            [
              77.20912,
              28.6142879
            ],
            [
              77.2091512,
              28.6147997
            ],
            [
              77.2089325,
              28.61481
            ],
            [
              77.2088984,
              28.6142508
            ]
          ]
        ]
      },
      "id": "way/359757144"
    },
    {
      "type": "Feature",
      "properties": {
        "@id": "way/359757145",
        "landuse": "grass"
      },
      "geometry": {
        "type": "Polygon",
        "coordinates": [
          [
            [
              77.2088059,
              28.613006
            ],
            [
              77.2090148,
              28.6129974
            ],
            [
              77.2090449,
              28.6135655
            ],
            [
              77.208836,
              28.613574
            ],
            [
              77.2088059,
              28.613006
            ]
          ]
        ]
      },
      "id": "way/359757145"
    },
    {
      "type": "Feature",
      "properties": {
        "@id": "way/359770123",
        "leisure": "garden"
      },
      "geometry": {
        "type": "Polygon",
        "coordinates": [
          [
            [
              77.2016632,
              28.6141641
            ],
            [
              77.2019398,
              28.6141512
            ],
            [
              77.2019549,
              28.6144011
            ],
            [
              77.2016783,
              28.614414
            ],
            [
              77.2016632,
              28.6141641
            ]
          ]
        ]
      },
      "id": "way/359770123"
    },
    {
      "type": "Feature",
      "properties": {
        "@id": "way/359796538",
        "landuse": "grass",
        "leisure": "park"
      },
      "geometry": {
        "type": "Polygon",
        "coordinates": [
          [
            [
              77.1955854,
              28.6115434
            ],
            [
              77.1966378,
              28.6120253
            ],
            [
              77.1965048,
              28.6122576
            ],
            [
              77.1964697,
              28.6122533
            ],
            [
              77.1962386,
              28.6121714
            ],
            [
              77.195892,
              28.6120856
            ],
            [
              77.1956876,
              28.6120271
            ],
            [
              77.1955277,
              28.6119491
            ],
            [
              77.1953499,
              28.6118164
            ],
            [
              77.1950922,
              28.6114537
            ],
            [
              77.1955854,
              28.6114146
            ],
            [
              77.1955854,
              28.6115434
            ]
          ]
        ]
      },
      "id": "way/359796538"
    },
    {
      "type": "Feature",
      "properties": {
        "@id": "way/359796539",
        "landuse": "grass",
        "leisure": "golf_course"
      },
      "geometry": {
        "type": "Polygon",
        "coordinates": [
          [
            [
              77.1967404,
              28.6120562
            ],
            [
              77.1977867,
              28.6125196
            ],
            [
              77.1978779,
              28.6123376
            ],
            [
              77.1979596,
              28.612401
            ],
            [
              77.1979753,
              28.612481
            ],
            [
              77.1979753,
              28.6126299
            ],
            [
              77.197991,
              28.6127292
            ],
            [
              77.1980538,
              28.6128203
            ],
            [
              77.1982455,
              28.6130768
            ],
            [
              77.1966022,
              28.612332
            ],
            [
              77.196599,
              28.6122934
            ],
            [
              77.1967404,
              28.6120562
            ]
          ]
        ]
      },
      "id": "way/359796539"
    },
    {
      "type": "Feature",
      "properties": {
        "@id": "way/359796541",
        "landuse": "grass",
        "leisure": "golf_course"
      },
      "geometry": {
        "type": "Polygon",
        "coordinates": [
          [
            [
              77.1983947,
              28.6113351
            ],
            [
              77.2003271,
              28.6112331
            ],
            [
              77.2015298,
              28.6111636
            ],
            [
              77.2016743,
              28.6130916
            ],
            [
              77.2004716,
              28.6131611
            ],
            [
              77.1994724,
              28.6132108
            ],
            [
              77.1985267,
              28.6132494
            ],
            [
              77.1983476,
              28.6131005
            ],
            [
              77.1980899,
              28.6127171
            ],
            [
              77.1980648,
              28.6126343
            ],
            [
              77.1980805,
              28.6126012
            ],
            [
              77.1983036,
              28.6125874
            ],
            [
              77.198269,
              28.6118068
            ],
            [
              77.198445,
              28.6118013
            ],
            [
              77.1983947,
              28.6113351
            ]
          ]
        ]
      },
      "id": "way/359796541"
    },
    {
      "type": "Feature",
      "properties": {
        "@id": "way/359796543",
        "landuse": "grass",
        "leisure": "golf_course"
      },
      "geometry": {
        "type": "Polygon",
        "coordinates": [
          [
            [
              77.1965268,
              28.6124258
            ],
            [
              77.1965582,
              28.6124065
            ],
            [
              77.1966085,
              28.6124148
            ],
            [
              77.1981198,
              28.6131016
            ],
            [
              77.1981921,
              28.6131844
            ],
            [
              77.1982015,
              28.6132451
            ],
            [
              77.1982078,
              28.6133278
            ],
            [
              77.1982172,
              28.613474
            ],
            [
              77.1975605,
              28.6135071
            ],
            [
              77.1975731,
              28.613725
            ],
            [
              77.1966839,
              28.6137691
            ],
            [
              77.1966933,
              28.6140091
            ],
            [
              77.1956187,
              28.6140808
            ],
            [
              77.1965268,
              28.6124258
            ]
          ]
        ]
      },
      "id": "way/359796543"
    },
    {
      "type": "Feature",
      "properties": {
        "@id": "way/359796545",
        "landuse": "grass",
        "leisure": "golf_course"
      },
      "geometry": {
        "type": "Polygon",
        "coordinates": [
          [
            [
              77.196227,
              28.6122745
            ],
            [
              77.196407,
              28.6123349
            ],
            [
              77.1955138,
              28.6139518
            ],
            [
              77.1954472,
              28.613985
            ],
            [
              77.1953827,
              28.6139947
            ],
            [
              77.1951961,
              28.6139986
            ],
            [
              77.1950539,
              28.614022
            ],
            [
              77.1949739,
              28.6140455
            ],
            [
              77.1949051,
              28.6140474
            ],
            [
              77.1948384,
              28.6140181
            ],
            [
              77.1930654,
              28.6116035
            ],
            [
              77.193061,
              28.611545
            ],
            [
              77.1930937,
              28.6115026
            ],
            [
              77.1949851,
              28.6114085
            ],
            [
              77.1950561,
              28.6115781
            ],
            [
              77.1951339,
              28.6117205
            ],
            [
              77.1952406,
              28.6118512
            ],
            [
              77.1954672,
              28.6120228
            ],
            [
              77.1956294,
              28.6121126
            ],
            [
              77.1958382,
              28.6121711
            ],
            [
              77.196227,
              28.6122745
            ]
          ]
        ]
      },
      "id": "way/359796545"
    },
    {
      "type": "Feature",
      "properties": {
        "@id": "way/359797056",
        "leisure": "garden"
      },
      "geometry": {
        "type": "Polygon",
        "coordinates": [
          [
            [
              77.2013256,
              28.6144922
            ],
            [
              77.2013602,
              28.6144787
            ],
            [
              77.2014199,
              28.6144829
            ],
            [
              77.2014748,
              28.6145132
            ],
            [
              77.201533,
              28.6145601
            ],
            [
              77.2015612,
              28.6145973
            ],
            [
              77.2016618,
              28.614596
            ],
            [
              77.2016681,
              28.6146994
            ],
            [
              77.2004548,
              28.6147724
            ],
            [
              77.2004392,
              28.614465
            ],
            [
              77.2006206,
              28.6144586
            ],
            [
              77.2006139,
              28.6145185
            ],
            [
              77.2005919,
              28.6145378
            ],
            [
              77.2005794,
              28.6145681
            ],
            [
              77.2005935,
              28.6145943
            ],
            [
              77.2006206,
              28.6146031
            ],
            [
              77.2013449,
              28.6145641
            ],
            [
              77.2013649,
              28.6145407
            ],
            [
              77.2013649,
              28.6145198
            ],
            [
              77.2013476,
              28.6145019
            ],
            [
              77.2013256,
              28.6144922
            ]
          ]
        ]
      },
      "id": "way/359797056"
    },
    {
      "type": "Feature",
      "properties": {
        "@id": "way/359797057",
        "leisure": "garden"
      },
      "geometry": {
        "type": "Polygon",
        "coordinates": [
          [
            [
              77.2004192,
              28.6138907
            ],
            [
              77.2016046,
              28.613838
            ],
            [
              77.2016167,
              28.613932
            ],
            [
              77.2015331,
              28.6139392
            ],
            [
              77.2014997,
              28.6139719
            ],
            [
              77.2014635,
              28.6140119
            ],
            [
              77.2013991,
              28.6140509
            ],
            [
              77.2013213,
              28.6140665
            ],
            [
              77.2013413,
              28.6140431
            ],
            [
              77.2013413,
              28.6140222
            ],
            [
              77.201324,
              28.6140043
            ],
            [
              77.201302,
              28.6139946
            ],
            [
              77.2005903,
              28.6140209
            ],
            [
              77.2005684,
              28.6140402
            ],
            [
              77.2005558,
              28.6140705
            ],
            [
              77.2005699,
              28.6140967
            ],
            [
              77.200597,
              28.6141055
            ],
            [
              77.2005621,
              28.6141119
            ],
            [
              77.2005581,
              28.6141797
            ],
            [
              77.2004305,
              28.6141913
            ],
            [
              77.2004192,
              28.6138907
            ]
          ]
        ]
      },
      "id": "way/359797057"
    },
    {
      "type": "Feature",
      "properties": {
        "@id": "way/359797058",
        "leisure": "garden"
      },
      "geometry": {
        "type": "Polygon",
        "coordinates": [
          [
            [
              77.2019799,
              28.6137117
            ],
            [
              77.2019619,
              28.6133832
            ],
            [
              77.2021353,
              28.6133759
            ],
            [
              77.2021317,
              28.6133089
            ],
            [
              77.2036022,
              28.613247
            ],
            [
              77.2036238,
              28.6136425
            ],
            [
              77.2019799,
              28.6137117
            ]
          ]
        ]
      },
      "id": "way/359797058"
    },
    {
      "type": "Feature",
      "properties": {
        "@id": "way/359797059",
        "leisure": "garden"
      },
      "geometry": {
        "type": "Polygon",
        "coordinates": [
          [
            [
              77.2010717,
              28.6133676
            ],
            [
              77.2013825,
              28.6133518
            ],
            [
              77.2013866,
              28.6134148
            ],
            [
              77.2015683,
              28.6134055
            ],
            [
              77.2015898,
              28.6137319
            ],
            [
              77.2006322,
              28.6137807
            ],
            [
              77.2006304,
              28.6137525
            ],
            [
              77.2010956,
              28.6137288
            ],
            [
              77.2010717,
              28.6133676
            ]
          ]
        ]
      },
      "id": "way/359797059"
    },
    {
      "type": "Feature",
      "properties": {
        "@id": "way/359797060",
        "natural": "water"
      },
      "geometry": {
        "type": "Polygon",
        "coordinates": [
          [
            [
              77.2006206,
              28.6146031
            ],
            [
              77.2005935,
              28.6145943
            ],
            [
              77.2005794,
              28.6145681
            ],
            [
              77.2005919,
              28.6145378
            ],
            [
              77.2006139,
              28.6145185
            ],
            [
              77.2013256,
              28.6144922
            ],
            [
              77.2013476,
              28.6145019
            ],
            [
              77.2013649,
              28.6145198
            ],
            [
              77.2013649,
              28.6145407
            ],
            [
              77.2013449,
              28.6145641
            ],
            [
              77.2006206,
              28.6146031
            ]
          ]
        ]
      },
      "id": "way/359797060"
    },
    {
      "type": "Feature",
      "properties": {
        "@id": "way/359797061",
        "natural": "water"
      },
      "geometry": {
        "type": "Polygon",
        "coordinates": [
          [
            [
              77.200597,
              28.6141055
            ],
            [
              77.2005699,
              28.6140967
            ],
            [
              77.2005558,
              28.6140705
            ],
            [
              77.2005684,
              28.6140402
            ],
            [
              77.2005903,
              28.6140209
            ],
            [
              77.201302,
              28.6139946
            ],
            [
              77.201324,
              28.6140043
            ],
            [
              77.2013413,
              28.6140222
            ],
            [
              77.2013413,
              28.6140431
            ],
            [
              77.2013213,
              28.6140665
            ],
            [
              77.200597,
              28.6141055
            ]
          ]
        ]
      },
      "id": "way/359797061"
    },
    {
      "type": "Feature",
      "properties": {
        "@id": "way/359798452",
        "landuse": "recreation_ground"
      },
      "geometry": {
        "type": "Polygon",
        "coordinates": [
          [
            [
              77.1950047,
              28.6151625
            ],
            [
              77.1953468,
              28.6153459
            ],
            [
              77.1956556,
              28.6155916
            ],
            [
              77.1965777,
              28.6167287
            ],
            [
              77.1961378,
              28.6169101
            ],
            [
              77.1956601,
              28.6170096
            ],
            [
              77.1952735,
              28.6170447
            ],
            [
              77.1951957,
              28.6170291
            ],
            [
              77.1950913,
              28.6169803
            ],
            [
              77.1949824,
              28.6169686
            ],
            [
              77.1949002,
              28.6169959
            ],
            [
              77.1948047,
              28.617033
            ],
            [
              77.1947269,
              28.6170252
            ],
            [
              77.1943848,
              28.6169354
            ],
            [
              77.194076,
              28.6168165
            ],
            [
              77.1940471,
              28.6167853
            ],
            [
              77.1940515,
              28.6167502
            ],
            [
              77.1949558,
              28.6151684
            ],
            [
              77.1950047,
              28.6151625
            ]
          ]
        ]
      },
      "id": "way/359798452"
    },
    {
      "type": "Feature",
      "properties": {
        "@id": "way/359798454",
        "leisure": "garden"
      },
      "geometry": {
        "type": "Polygon",
        "coordinates": [
          [
            [
              77.1955731,
              28.6146722
            ],
            [
              77.1955887,
              28.6145708
            ],
            [
              77.1955598,
              28.6144421
            ],
            [
              77.1968567,
              28.614372
            ],
            [
              77.1969328,
              28.6143677
            ],
            [
              77.1969505,
              28.6146079
            ],
            [
              77.1968744,
              28.6146122
            ],
            [
              77.1955731,
              28.6146722
            ]
          ]
        ]
      },
      "id": "way/359798454"
    },
    {
      "type": "Feature",
      "properties": {
        "@id": "way/359798456",
        "leisure": "garden",
        "name": "Herb Garden"
      },
      "geometry": {
        "type": "Polygon",
        "coordinates": [
          [
            [
              77.1976152,
              28.6161143
            ],
            [
              77.1967199,
              28.6166351
            ],
            [
              77.1960267,
              28.6157652
            ],
            [
              77.1969535,
              28.6157371
            ],
            [
              77.1973753,
              28.6157243
            ],
            [
              77.1976152,
              28.6161143
            ]
          ]
        ]
      },
      "id": "way/359798456"
    },
    {
      "type": "Feature",
      "properties": {
        "@id": "way/359798458",
        "leisure": "garden",
        "name": "Rose Garden"
      },
      "geometry": {
        "type": "Polygon",
        "coordinates": [
          [
            [
              77.1952611,
              28.6143288
            ],
            [
              77.1953464,
              28.6143424
            ],
            [
              77.1954228,
              28.6143784
            ],
            [
              77.1954827,
              28.6144334
            ],
            [
              77.1955203,
              28.614502
            ],
            [
              77.1955319,
              28.6145774
            ],
            [
              77.1955164,
              28.6146523
            ],
            [
              77.1954753,
              28.6147193
            ],
            [
              77.1954127,
              28.6147719
            ],
            [
              77.1953253,
              28.6148072
            ],
            [
              77.1952294,
              28.6148141
            ],
            [
              77.1951366,
              28.6147918
            ],
            [
              77.1950581,
              28.614743
            ],
            [
              77.1950033,
              28.6146736
            ],
            [
              77.1949788,
              28.6145919
            ],
            [
              77.1949877,
              28.6145078
            ],
            [
              77.1950288,
              28.6144315
            ],
            [
              77.1950971,
              28.614372
            ],
            [
              77.1951752,
              28.614339
            ],
            [
              77.1952611,
              28.6143288
            ]
          ]
        ]
      },
      "id": "way/359798458"
    },
    {
      "type": "Feature",
      "properties": {
        "@id": "way/359800651",
        "leisure": "garden"
      },
      "geometry": {
        "type": "Polygon",
        "coordinates": [
          [
            [
              77.2037556,
              28.6150714
            ],
            [
              77.202166,
              28.615153
            ],
            [
              77.2021615,
              28.615085
            ],
            [
              77.2020692,
              28.6150897
            ],
            [
              77.2020544,
              28.6148665
            ],
            [
              77.2020061,
              28.614869
            ],
            [
              77.2019998,
              28.6147739
            ],
            [
              77.2037299,
              28.6146851
            ],
            [
              77.2037556,
              28.6150714
            ]
          ]
        ]
      },
      "id": "way/359800651"
    },
    {
      "type": "Feature",
      "properties": {
        "@id": "way/359802016",
        "leisure": "garden"
      },
      "geometry": {
        "type": "Polygon",
        "coordinates": [
          [
            [
              77.2010357,
              28.6148472
            ],
            [
              77.2006495,
              28.6148684
            ],
            [
              77.200648,
              28.6148465
            ],
            [
              77.2014852,
              28.6148005
            ],
            [
              77.2014892,
              28.6148562
            ],
            [
              77.2017177,
              28.6148437
            ],
            [
              77.2017366,
              28.6151092
            ],
            [
              77.2016644,
              28.6151131
            ],
            [
              77.2016682,
              28.6151668
            ],
            [
              77.2010609,
              28.6152001
            ],
            [
              77.2010589,
              28.6151719
            ],
            [
              77.2010357,
              28.6148472
            ]
          ]
        ]
      },
      "id": "way/359802016"
    },
    {
      "type": "Feature",
      "properties": {
        "@id": "way/359803395",
        "landuse": "grass",
        "leisure": "garden"
      },
      "geometry": {
        "type": "Polygon",
        "coordinates": [
          [
            [
              77.2053676,
              28.6143183
            ],
            [
              77.2064687,
              28.6142531
            ],
            [
              77.2064822,
              28.6144412
            ],
            [
              77.2063871,
              28.6144567
            ],
            [
              77.2062705,
              28.6144628
            ],
            [
              77.2062998,
              28.6148954
            ],
            [
              77.2058794,
              28.6149091
            ],
            [
              77.2054991,
              28.6149306
            ],
            [
              77.2054631,
              28.614478
            ],
            [
              77.2053398,
              28.6144844
            ],
            [
              77.2053585,
              28.6144262
            ],
            [
              77.2053716,
              28.6143686
            ],
            [
              77.2053676,
              28.6143183
            ]
          ]
        ]
      },
      "id": "way/359803395"
    },
    {
      "type": "Feature",
      "properties": {
        "@id": "way/359803396",
        "landuse": "grass",
        "leisure": "garden"
      },
      "geometry": {
        "type": "Polygon",
        "coordinates": [
          [
            [
              77.20523,
              28.613805
            ],
            [
              77.2052501,
              28.6139039
            ],
            [
              77.2049558,
              28.6139201
            ],
            [
              77.20495,
              28.6138172
            ],
            [
              77.2049798,
              28.6137584
            ],
            [
              77.2050255,
              28.6137235
            ],
            [
              77.2050838,
              28.6137091
            ],
            [
              77.2051434,
              28.6137179
            ],
            [
              77.205193,
              28.613748
            ],
            [
              77.20523,
              28.613805
            ]
          ]
        ]
      },
      "id": "way/359803396"
    },
    {
      "type": "Feature",
      "properties": {
        "@id": "way/359803397",
        "landuse": "grass",
        "leisure": "garden"
      },
      "geometry": {
        "type": "Polygon",
        "coordinates": [
          [
            [
              77.2052875,
              28.6144091
            ],
            [
              77.2052583,
              28.6144583
            ],
            [
              77.2052057,
              28.6144937
            ],
            [
              77.2051424,
              28.6145055
            ],
            [
              77.205084,
              28.6144945
            ],
            [
              77.205038,
              28.6144668
            ],
            [
              77.205006,
              28.6144244
            ],
            [
              77.2049986,
              28.6143459
            ],
            [
              77.2052882,
              28.6143433
            ],
            [
              77.2052875,
              28.6144091
            ]
          ]
        ]
      },
      "id": "way/359803397"
    },
    {
      "type": "Feature",
      "properties": {
        "@id": "way/359803398",
        "landuse": "grass",
        "leisure": "garden"
      },
      "geometry": {
        "type": "Polygon",
        "coordinates": [
          [
            [
              77.2066432,
              28.6135975
            ],
            [
              77.2067652,
              28.6135941
            ],
            [
              77.2072739,
              28.6135756
            ],
            [
              77.2072983,
              28.6137966
            ],
            [
              77.2065036,
              28.6138351
            ],
            [
              77.2064534,
              28.6138383
            ],
            [
              77.2053558,
              28.6138969
            ],
            [
              77.2053402,
              28.6137762
            ],
            [
              77.2053241,
              28.6137243
            ],
            [
              77.2052944,
              28.6136772
            ],
            [
              77.2052781,
              28.613635
            ],
            [
              77.2054014,
              28.6136301
            ],
            [
              77.2053735,
              28.6132418
            ],
            [
              77.2061695,
              28.6132076
            ],
            [
              77.206203,
              28.6136209
            ],
            [
              77.2063513,
              28.6136121
            ],
            [
              77.2066432,
              28.6135975
            ]
          ]
        ]
      },
      "id": "way/359803398"
    },
    {
      "type": "Feature",
      "properties": {
        "@id": "way/359803399",
        "landuse": "grass",
        "leisure": "garden"
      },
      "geometry": {
        "type": "Polygon",
        "coordinates": [
          [
            [
              77.2048937,
              28.614529
            ],
            [
              77.2044699,
              28.6145393
            ],
            [
              77.2044562,
              28.6143622
            ],
            [
              77.2048887,
              28.614336
            ],
            [
              77.2049158,
              28.614412
            ],
            [
              77.2049691,
              28.6145173
            ],
            [
              77.2048937,
              28.614529
            ]
          ]
        ]
      },
      "id": "way/359803399"
    },
    {
      "type": "Feature",
      "properties": {
        "@id": "way/359803400",
        "landuse": "grass"
      },
      "geometry": {
        "type": "Polygon",
        "coordinates": [
          [
            [
              77.2065444,
              28.6142524
            ],
            [
              77.2073309,
              28.6142035
            ],
            [
              77.2073487,
              28.6144354
            ],
            [
              77.2065955,
              28.6144803
            ],
            [
              77.2065622,
              28.6144471
            ],
            [
              77.2065488,
              28.6144003
            ],
            [
              77.2065444,
              28.6142524
            ]
          ]
        ]
      },
      "id": "way/359803400"
    },
    {
      "type": "Feature",
      "properties": {
        "@id": "way/359803401",
        "landuse": "grass",
        "leisure": "garden"
      },
      "geometry": {
        "type": "Polygon",
        "coordinates": [
          [
            [
              77.2044266,
              28.6136939
            ],
            [
              77.2048105,
              28.6136714
            ],
            [
              77.2048869,
              28.6136708
            ],
            [
              77.2048714,
              28.6137079
            ],
            [
              77.2048603,
              28.6137605
            ],
            [
              77.2048687,
              28.6139191
            ],
            [
              77.2044372,
              28.6139401
            ],
            [
              77.2044266,
              28.6136939
            ]
          ]
        ]
      },
      "id": "way/359803401"
    },
    {
      "type": "Feature",
      "properties": {
        "@id": "way/359803402",
        "landuse": "grass",
        "leisure": "garden"
      },
      "geometry": {
        "type": "Polygon",
        "coordinates": [
          [
            [
              77.2043753,
              28.6143636
            ],
            [
              77.204385,
              28.6145428
            ],
            [
              77.2043364,
              28.6145448
            ],
            [
              77.2043514,
              28.6148232
            ],
            [
              77.2039678,
              28.6148392
            ],
            [
              77.2039591,
              28.6145112
            ],
            [
              77.2039717,
              28.6144112
            ],
            [
              77.2040039,
              28.6143811
            ],
            [
              77.2043753,
              28.6143636
            ]
          ]
        ]
      },
      "id": "way/359803402"
    },
    {
      "type": "Feature",
      "properties": {
        "@id": "way/359803403",
        "landuse": "grass",
        "leisure": "garden"
      },
      "geometry": {
        "type": "Polygon",
        "coordinates": [
          [
            [
              77.2043339,
              28.6139508
            ],
            [
              77.2039562,
              28.6139807
            ],
            [
              77.2039378,
              28.6139519
            ],
            [
              77.2039308,
              28.6139151
            ],
            [
              77.2038918,
              28.6134257
            ],
            [
              77.2042458,
              28.613405
            ],
            [
              77.2042718,
              28.6137361
            ],
            [
              77.2043169,
              28.6137334
            ],
            [
              77.2043339,
              28.6139508
            ]
          ]
        ]
      },
      "id": "way/359803403"
    },
    {
      "type": "Feature",
      "properties": {
        "@id": "way/359805856",
        "leisure": "garden"
      },
      "geometry": {
        "type": "Polygon",
        "coordinates": [
          [
            [
              77.1996242,
              28.6158853
            ],
            [
              77.200591,
              28.6158268
            ],
            [
              77.2006976,
              28.6174071
            ],
            [
              77.1997075,
              28.617451
            ],
            [
              77.1996242,
              28.6158853
            ]
          ]
        ]
      },
      "id": "way/359805856"
    },
    {
      "type": "Feature",
      "properties": {
        "@id": "way/359805858",
        "leisure": "garden"
      },
      "geometry": {
        "type": "Polygon",
        "coordinates": [
          [
            [
              77.1960267,
              28.6157652
            ],
            [
              77.1956629,
              28.6150468
            ],
            [
              77.1969025,
              28.614994
            ],
            [
              77.196919,
              28.6152174
            ],
            [
              77.1969535,
              28.6157371
            ],
            [
              77.1960267,
              28.6157652
            ]
          ]
        ]
      },
      "id": "way/359805858"
    },
    {
      "type": "Feature",
      "properties": {
        "@id": "way/359805859",
        "leisure": "park"
      },
      "geometry": {
        "type": "Polygon",
        "coordinates": [
          [
            [
              77.2006976,
              28.6174071
            ],
            [
              77.200591,
              28.6158268
            ],
            [
              77.2005695,
              28.6154859
            ],
            [
              77.2017939,
              28.615439
            ],
            [
              77.2019306,
              28.6173469
            ],
            [
              77.2006976,
              28.6174071
            ]
          ]
        ]
      },
      "id": "way/359805859"
    },
    {
      "type": "Feature",
      "properties": {
        "@id": "way/359814902",
        "natural": "water"
      },
      "geometry": {
        "type": "Polygon",
        "coordinates": [
          [
            [
              77.2022746,
              28.6144396
            ],
            [
              77.2033821,
              28.6143853
            ],
            [
              77.2034096,
              28.6143913
            ],
            [
              77.203425,
              28.6144139
            ],
            [
              77.2034181,
              28.6144426
            ],
            [
              77.203389,
              28.6144622
            ],
            [
              77.2022815,
              28.6145195
            ],
            [
              77.202254,
              28.6145059
            ],
            [
              77.2022403,
              28.6144833
            ],
            [
              77.2022471,
              28.6144546
            ],
            [
              77.2022746,
              28.6144396
            ]
          ]
        ]
      },
      "id": "way/359814902"
    },
    {
      "type": "Feature",
      "properties": {
        "@id": "way/359814903",
        "natural": "water"
      },
      "geometry": {
        "type": "Polygon",
        "coordinates": [
          [
            [
              77.202261,
              28.6139473
            ],
            [
              77.2033279,
              28.6138993
            ],
            [
              77.2033666,
              28.6138973
            ],
            [
              77.2033919,
              28.6139244
            ],
            [
              77.2033901,
              28.6139552
            ],
            [
              77.2033717,
              28.613978
            ],
            [
              77.202254,
              28.6140339
            ],
            [
              77.2022301,
              28.614014
            ],
            [
              77.2022245,
              28.6139892
            ],
            [
              77.2022458,
              28.6139633
            ],
            [
              77.202261,
              28.6139473
            ]
          ]
        ]
      },
      "id": "way/359814903"
    },
    {
      "type": "Feature",
      "properties": {
        "@id": "way/359814904",
        "leisure": "garden"
      },
      "geometry": {
        "type": "Polygon",
        "coordinates": [
          [
            [
              77.2022471,
              28.6144546
            ],
            [
              77.2022403,
              28.6144833
            ],
            [
              77.202254,
              28.6145059
            ],
            [
              77.2022815,
              28.6145195
            ],
            [
              77.203389,
              28.6144622
            ],
            [
              77.2034181,
              28.6144426
            ],
            [
              77.203425,
              28.6144139
            ],
            [
              77.2034096,
              28.6143913
            ],
            [
              77.2034,
              28.614325
            ],
            [
              77.2034429,
              28.6143234
            ],
            [
              77.2034669,
              28.6146213
            ],
            [
              77.2019432,
              28.6146883
            ],
            [
              77.2019432,
              28.6145858
            ],
            [
              77.2020428,
              28.6145617
            ],
            [
              77.202084,
              28.6145466
            ],
            [
              77.2021355,
              28.6144984
            ],
            [
              77.2022471,
              28.6144546
            ]
          ]
        ]
      },
      "id": "way/359814904"
    },
    {
      "type": "Feature",
      "properties": {
        "@id": "way/359814905",
        "leisure": "garden"
      },
      "geometry": {
        "type": "Polygon",
        "coordinates": [
          [
            [
              77.2033772,
              28.6140443
            ],
            [
              77.2033717,
              28.613978
            ],
            [
              77.2033901,
              28.6139552
            ],
            [
              77.2033919,
              28.6139244
            ],
            [
              77.2033666,
              28.6138973
            ],
            [
              77.2033279,
              28.6138993
            ],
            [
              77.202261,
              28.6139473
            ],
            [
              77.2022458,
              28.6139633
            ],
            [
              77.2022245,
              28.6139892
            ],
            [
              77.2022301,
              28.614014
            ],
            [
              77.202254,
              28.6140339
            ],
            [
              77.2021593,
              28.6140193
            ],
            [
              77.2020888,
              28.6139746
            ],
            [
              77.2020397,
              28.6139204
            ],
            [
              77.2019514,
              28.6139204
            ],
            [
              77.201941,
              28.6138225
            ],
            [
              77.2034052,
              28.6137481
            ],
            [
              77.2034171,
              28.6140233
            ],
            [
              77.2033772,
              28.6140443
            ]
          ]
        ]
      },
      "id": "way/359814905"
    },
    {
      "type": "Feature",
      "properties": {
        "@id": "way/359819827",
        "leisure": "park"
      },
      "geometry": {
        "type": "Polygon",
        "coordinates": [
          [
            [
              77.192789,
              28.6019567
            ],
            [
              77.192909,
              28.6018492
            ],
            [
              77.1930666,
              28.6017902
            ],
            [
              77.193238,
              28.6017886
            ],
            [
              77.193397,
              28.6018447
            ],
            [
              77.1935195,
              28.60195
            ],
            [
              77.1935867,
              28.6020884
            ],
            [
              77.1935885,
              28.6022389
            ],
            [
              77.1935246,
              28.6023785
            ],
            [
              77.1934047,
              28.602486
            ],
            [
              77.193247,
              28.6025451
            ],
            [
              77.1930756,
              28.6025467
            ],
            [
              77.1929166,
              28.6024905
            ],
            [
              77.1927941,
              28.6023852
            ],
            [
              77.1927269,
              28.6022468
            ],
            [
              77.1927251,
              28.6020963
            ],
            [
              77.192789,
              28.6019567
            ]
          ]
        ]
      },
      "id": "way/359819827"
    },
    {
      "type": "Feature",
      "properties": {
        "@id": "way/359830631",
        "leisure": "park"
      },
      "geometry": {
        "type": "Polygon",
        "coordinates": [
          [
            [
              77.1911992,
              28.5978153
            ],
            [
              77.1913021,
              28.5977788
            ],
            [
              77.1913854,
              28.5977942
            ],
            [
              77.1914489,
              28.5978249
            ],
            [
              77.1930847,
              28.6009819
            ],
            [
              77.1931131,
              28.6010627
            ],
            [
              77.1931153,
              28.6011242
            ],
            [
              77.1930124,
              28.6012088
            ],
            [
              77.1929139,
              28.6012376
            ],
            [
              77.1928066,
              28.6012319
            ],
            [
              77.1927409,
              28.6011857
            ],
            [
              77.191116,
              28.597996
            ],
            [
              77.1911094,
              28.5979268
            ],
            [
              77.1911248,
              28.5978653
            ],
            [
              77.1911992,
              28.5978153
            ]
          ]
        ]
      },
      "id": "way/359830631"
    },
    {
      "type": "Feature",
      "properties": {
        "@id": "way/359830632",
        "leisure": "park"
      },
      "geometry": {
        "type": "Polygon",
        "coordinates": [
          [
            [
              77.1906715,
              28.5980393
            ],
            [
              77.1907744,
              28.5980028
            ],
            [
              77.1908576,
              28.5980181
            ],
            [
              77.1909211,
              28.5980489
            ],
            [
              77.1925569,
              28.6012059
            ],
            [
              77.1925854,
              28.6012866
            ],
            [
              77.1925876,
              28.6013482
            ],
            [
              77.1924847,
              28.6014328
            ],
            [
              77.1923861,
              28.6014616
            ],
            [
              77.1922788,
              28.6014558
            ],
            [
              77.1922131,
              28.6014097
            ],
            [
              77.1905883,
              28.59822
            ],
            [
              77.1905817,
              28.5981508
            ],
            [
              77.190597,
              28.5980893
            ],
            [
              77.1906715,
              28.5980393
            ]
          ]
        ]
      },
      "id": "way/359830632"
    },
    {
      "type": "Feature",
      "properties": {
        "@id": "way/360264005",
        "intermittent": "no",
        "natural": "water"
      },
      "geometry": {
        "type": "Polygon",
        "coordinates": [
          [
            [
              77.2333907,
              28.650608
            ],
            [
              77.2335412,
              28.6506165
            ],
            [
              77.233533,
              28.6507286
            ],
            [
              77.2333824,
              28.6507201
            ],
            [
              77.2333907,
              28.650608
            ]
          ]
        ]
      },
      "id": "way/360264005"
    },
    {
      "type": "Feature",
      "properties": {
        "@id": "way/370533491",
        "leisure": "park"
      },
      "geometry": {
        "type": "Polygon",
        "coordinates": [
          [
            [
              77.2052121,
              28.6009347
            ],
            [
              77.2052879,
              28.601004
            ],
            [
              77.2053355,
              28.6010905
            ],
            [
              77.2053504,
              28.6011857
            ],
            [
              77.2053311,
              28.6012803
            ],
            [
              77.2052794,
              28.601365
            ],
            [
              77.2052004,
              28.6014316
            ],
            [
              77.2051019,
              28.6014734
            ],
            [
              77.2049934,
              28.6014865
            ],
            [
              77.2048743,
              28.6014658
            ],
            [
              77.2047703,
              28.6014106
            ],
            [
              77.2046941,
              28.6013275
            ],
            [
              77.2046549,
              28.6012265
            ],
            [
              77.2046574,
              28.6011199
            ],
            [
              77.2047013,
              28.6010204
            ],
            [
              77.2047813,
              28.6009401
            ],
            [
              77.2048878,
              28.6008887
            ],
            [
              77.2050078,
              28.6008723
            ],
            [
              77.2051156,
              28.6008893
            ],
            [
              77.2052121,
              28.6009347
            ]
          ]
        ]
      },
      "id": "way/370533491"
    },
    {
      "type": "Feature",
      "properties": {
        "@id": "way/370545712",
        "landuse": "grass"
      },
      "geometry": {
        "type": "Polygon",
        "coordinates": [
          [
            [
              77.2160599,
              28.6216277
            ],
            [
              77.2160544,
              28.6217092
            ],
            [
              77.2160139,
              28.6217826
            ],
            [
              77.2159444,
              28.6218368
            ],
            [
              77.2158566,
              28.6218635
            ],
            [
              77.2157638,
              28.6218587
            ],
            [
              77.2156802,
              28.6218231
            ],
            [
              77.2156185,
              28.6217621
            ],
            [
              77.2155881,
              28.621685
            ],
            [
              77.2155935,
              28.6216036
            ],
            [
              77.2156341,
              28.6215302
            ],
            [
              77.2157036,
              28.621476
            ],
            [
              77.2157914,
              28.6214493
            ],
            [
              77.2158841,
              28.6214541
            ],
            [
              77.2159677,
              28.6214897
            ],
            [
              77.2160295,
              28.6215507
            ],
            [
              77.2160599,
              28.6216277
            ]
          ]
        ]
      },
      "id": "way/370545712"
    },
    {
      "type": "Feature",
      "properties": {
        "@id": "way/370546792",
        "leisure": "park"
      },
      "geometry": {
        "type": "Polygon",
        "coordinates": [
          [
            [
              77.2052464,
              28.6073652
            ],
            [
              77.205271,
              28.6073582
            ],
            [
              77.2053584,
              28.6073332
            ],
            [
              77.2054761,
              28.6073368
            ],
            [
              77.2055853,
              28.6073754
            ],
            [
              77.2056729,
              28.6074446
            ],
            [
              77.2057283,
              28.6075359
            ],
            [
              77.2057447,
              28.6076382
            ],
            [
              77.2057203,
              28.6077394
            ],
            [
              77.205658,
              28.6078271
            ],
            [
              77.2055756,
              28.6078858
            ],
            [
              77.2055611,
              28.6078907
            ],
            [
              77.2054765,
              28.6079193
            ],
            [
              77.2053706,
              28.6079242
            ],
            [
              77.205268,
              28.6079002
            ],
            [
              77.205179,
              28.6078495
            ],
            [
              77.2051121,
              28.6077771
            ],
            [
              77.205074,
              28.6076901
            ],
            [
              77.2050684,
              28.6075971
            ],
            [
              77.2050958,
              28.6075071
            ],
            [
              77.2051536,
              28.6074289
            ],
            [
              77.2052464,
              28.6073652
            ]
          ]
        ]
      },
      "id": "way/370546792"
    },
    {
      "type": "Feature",
      "properties": {
        "@id": "way/370546793",
        "leisure": "park"
      },
      "geometry": {
        "type": "Polygon",
        "coordinates": [
          [
            [
              77.1988634,
              28.6044221
            ],
            [
              77.1988839,
              28.6044213
            ],
            [
              77.1989044,
              28.6044216
            ],
            [
              77.1989249,
              28.604423
            ],
            [
              77.1989453,
              28.6044254
            ],
            [
              77.1989655,
              28.6044289
            ],
            [
              77.1989853,
              28.6044335
            ],
            [
              77.1989963,
              28.6044365
            ],
            [
              77.1990049,
              28.6044391
            ],
            [
              77.199024,
              28.6044457
            ],
            [
              77.1990427,
              28.6044533
            ],
            [
              77.1990607,
              28.6044619
            ],
            [
              77.1990782,
              28.6044714
            ],
            [
              77.199095,
              28.6044818
            ],
            [
              77.199113,
              28.6044945
            ],
            [
              77.1991263,
              28.6045051
            ],
            [
              77.1991407,
              28.604518
            ],
            [
              77.1991542,
              28.6045316
            ],
            [
              77.1991668,
              28.6045459
            ],
            [
              77.1991784,
              28.6045608
            ],
            [
              77.1991889,
              28.6045763
            ],
            [
              77.1991955,
              28.6045873
            ],
            [
              77.1991983,
              28.6045923
            ],
            [
              77.1992067,
              28.6046088
            ],
            [
              77.1992139,
              28.6046257
            ],
            [
              77.1992199,
              28.604643
            ],
            [
              77.1992248,
              28.6046605
            ],
            [
              77.1992284,
              28.6046783
            ],
            [
              77.1992308,
              28.6046962
            ],
            [
              77.1992313,
              28.6047007
            ],
            [
              77.199232,
              28.6047142
            ],
            [
              77.199232,
              28.6047323
            ],
            [
              77.1992308,
              28.6047503
            ],
            [
              77.1992283,
              28.6047682
            ],
            [
              77.1992246,
              28.6047859
            ],
            [
              77.1992197,
              28.6048035
            ],
            [
              77.1992149,
              28.6048175
            ],
            [
              77.1992064,
              28.6048376
            ],
            [
              77.199198,
              28.6048541
            ],
            [
              77.1991885,
              28.6048701
            ],
            [
              77.199178,
              28.6048856
            ],
            [
              77.1991664,
              28.6049004
            ],
            [
              77.1991538,
              28.6049147
            ],
            [
              77.1991488,
              28.6049199
            ],
            [
              77.1991402,
              28.6049283
            ],
            [
              77.1991258,
              28.6049411
            ],
            [
              77.1991105,
              28.6049532
            ],
            [
              77.1990944,
              28.6049644
            ],
            [
              77.1990776,
              28.6049748
            ],
            [
              77.1990601,
              28.6049843
            ],
            [
              77.1990431,
              28.6049923
            ],
            [
              77.1990233,
              28.6050004
            ],
            [
              77.1990042,
              28.6050069
            ],
            [
              77.1989846,
              28.6050125
            ],
            [
              77.1989647,
              28.605017
            ],
            [
              77.1989446,
              28.6050205
            ],
            [
              77.1989242,
              28.6050229
            ],
            [
              77.1989139,
              28.6050237
            ],
            [
              77.1989037,
              28.6050242
            ],
            [
              77.1988831,
              28.6050245
            ],
            [
              77.1988626,
              28.6050236
            ],
            [
              77.1988422,
              28.6050217
            ],
            [
              77.1988219,
              28.6050188
            ],
            [
              77.1988019,
              28.6050147
            ],
            [
              77.1987809,
              28.6050093
            ],
            [
              77.1987628,
              28.6050035
            ],
            [
              77.1987439,
              28.6049964
            ],
            [
              77.1987255,
              28.6049883
            ],
            [
              77.1987077,
              28.6049793
            ],
            [
              77.1986906,
              28.6049693
            ],
            [
              77.1986742,
              28.6049585
            ],
            [
              77.1986643,
              28.6049513
            ],
            [
              77.1986585,
              28.6049468
            ],
            [
              77.1986437,
              28.6049343
            ],
            [
              77.1986297,
              28.6049211
            ],
            [
              77.1986167,
              28.6049071
            ],
            [
              77.1986046,
              28.6048925
            ],
            [
              77.1985936,
              28.6048773
            ],
            [
              77.1985819,
              28.6048586
            ],
            [
              77.1985747,
              28.6048453
            ],
            [
              77.1985669,
              28.6048286
            ],
            [
              77.1985603,
              28.6048115
            ],
            [
              77.1985548,
              28.6047941
            ],
            [
              77.1985506,
              28.6047764
            ],
            [
              77.1985475,
              28.6047586
            ],
            [
              77.1985461,
              28.6047452
            ],
            [
              77.1985457,
              28.6047406
            ],
            [
              77.1985451,
              28.6047226
            ],
            [
              77.1985458,
              28.6047045
            ],
            [
              77.1985476,
              28.6046866
            ],
            [
              77.1985507,
              28.6046687
            ],
            [
              77.198555,
              28.6046511
            ],
            [
              77.1985605,
              28.6046337
            ],
            [
              77.1985624,
              28.6046284
            ],
            [
              77.1985672,
              28.6046166
            ],
            [
              77.198575,
              28.6045999
            ],
            [
              77.1985839,
              28.6045837
            ],
            [
              77.1985939,
              28.6045679
            ],
            [
              77.198605,
              28.6045527
            ],
            [
              77.1986171,
              28.6045382
            ],
            [
              77.1986284,
              28.604526
            ],
            [
              77.1986442,
              28.604511
            ],
            [
              77.1986591,
              28.6044986
            ],
            [
              77.1986748,
              28.6044869
            ],
            [
              77.1986912,
              28.6044761
            ],
            [
              77.1987084,
              28.6044662
            ],
            [
              77.1987262,
              28.6044572
            ],
            [
              77.1987342,
              28.6044535
            ],
            [
              77.1987446,
              28.6044491
            ],
            [
              77.1987635,
              28.604442
            ],
            [
              77.1987829,
              28.604436
            ],
            [
              77.1988026,
              28.6044309
            ],
            [
              77.1988226,
              28.6044269
            ],
            [
              77.1988429,
              28.604424
            ],
            [
              77.1988634,
              28.6044221
            ]
          ]
        ]
      },
      "id": "way/370546793"
    },
    {
      "type": "Feature",
      "properties": {
        "@id": "way/370546802",
        "landuse": "grass"
      },
      "geometry": {
        "type": "Polygon",
        "coordinates": [
          [
            [
              77.1985198,
              28.602984
            ],
            [
              77.1990412,
              28.6029605
            ],
            [
              77.1990731,
              28.6035057
            ],
            [
              77.1985517,
              28.6035292
            ],
            [
              77.1985198,
              28.602984
            ]
          ]
        ]
      },
      "id": "way/370546802"
    },
    {
      "type": "Feature",
      "properties": {
        "@id": "way/370546804",
        "landuse": "grass"
      },
      "geometry": {
        "type": "Polygon",
        "coordinates": [
          [
            [
              77.1993849,
              28.6109384
            ],
            [
              77.199681,
              28.6109286
            ],
            [
              77.1997169,
              28.6109404
            ],
            [
              77.1997618,
              28.6110723
            ],
            [
              77.1994567,
              28.61109
            ],
            [
              77.1994006,
              28.6110684
            ],
            [
              77.1993715,
              28.6110231
            ],
            [
              77.1993625,
              28.6109738
            ],
            [
              77.1993849,
              28.6109384
            ]
          ]
        ]
      },
      "id": "way/370546804"
    },
    {
      "type": "Feature",
      "properties": {
        "@id": "way/370715077",
        "leisure": "park"
      },
      "geometry": {
        "type": "Polygon",
        "coordinates": [
          [
            [
              77.2054755,
              28.6121064
            ],
            [
              77.2054357,
              28.6113405
            ],
            [
              77.2058373,
              28.6113222
            ],
            [
              77.205884,
              28.6120806
            ],
            [
              77.2054755,
              28.6121064
            ]
          ]
        ]
      },
      "id": "way/370715077"
    },
    {
      "type": "Feature",
      "properties": {
        "@id": "way/370716730",
        "leisure": "garden"
      },
      "geometry": {
        "type": "Polygon",
        "coordinates": [
          [
            [
              77.2068853,
              28.6125854
            ],
            [
              77.2070965,
              28.6125747
            ],
            [
              77.2071536,
              28.6125945
            ],
            [
              77.2071796,
              28.6126249
            ],
            [
              77.20719,
              28.6127829
            ],
            [
              77.2071761,
              28.6128331
            ],
            [
              77.2071259,
              28.6128711
            ],
            [
              77.2068749,
              28.6128832
            ],
            [
              77.2068265,
              28.6128711
            ],
            [
              77.2067988,
              28.6128483
            ],
            [
              77.2067866,
              28.6126644
            ],
            [
              77.2068178,
              28.6126036
            ],
            [
              77.2068853,
              28.6125854
            ]
          ]
        ]
      },
      "id": "way/370716730"
    },
    {
      "type": "Feature",
      "properties": {
        "@id": "way/370716731",
        "leisure": "garden"
      },
      "geometry": {
        "type": "Polygon",
        "coordinates": [
          [
            [
              77.207071,
              28.6117776
            ],
            [
              77.2069948,
              28.6115162
            ],
            [
              77.2073791,
              28.611688
            ],
            [
              77.207071,
              28.6117776
            ]
          ]
        ]
      },
      "id": "way/370716731"
    },
    {
      "type": "Feature",
      "properties": {
        "@id": "way/370716732",
        "leisure": "park"
      },
      "geometry": {
        "type": "Polygon",
        "coordinates": [
          [
            [
              77.206175,
              28.6113669
            ],
            [
              77.2064901,
              28.6113472
            ],
            [
              77.2065385,
              28.6120158
            ],
            [
              77.2062287,
              28.6120356
            ],
            [
              77.206175,
              28.6113669
            ]
          ]
        ]
      },
      "id": "way/370716732"
    },
    {
      "type": "Feature",
      "properties": {
        "@id": "way/370721421",
        "leisure": "garden"
      },
      "geometry": {
        "type": "Polygon",
        "coordinates": [
          [
            [
              77.2069417,
              28.6154669
            ],
            [
              77.2069174,
              28.6151707
            ],
            [
              77.207292,
              28.6151471
            ],
            [
              77.2073163,
              28.6154432
            ],
            [
              77.2069417,
              28.6154669
            ]
          ]
        ]
      },
      "id": "way/370721421"
    },
    {
      "type": "Feature",
      "properties": {
        "@id": "way/370737759",
        "leisure": "park"
      },
      "geometry": {
        "type": "Polygon",
        "coordinates": [
          [
            [
              77.2055629,
              28.6105836
            ],
            [
              77.2056755,
              28.6105939
            ],
            [
              77.2057674,
              28.6106376
            ],
            [
              77.2057751,
              28.6106412
            ],
            [
              77.2058465,
              28.6107183
            ],
            [
              77.2058788,
              28.6108136
            ],
            [
              77.2058672,
              28.6109125
            ],
            [
              77.2058133,
              28.6109999
            ],
            [
              77.2057254,
              28.6110626
            ],
            [
              77.2056169,
              28.611091
            ],
            [
              77.2055042,
              28.6110807
            ],
            [
              77.205423,
              28.6110421
            ],
            [
              77.2054046,
              28.6110334
            ],
            [
              77.2053332,
              28.6109563
            ],
            [
              77.2053009,
              28.610861
            ],
            [
              77.2053126,
              28.6107621
            ],
            [
              77.2053665,
              28.6106747
            ],
            [
              77.2054544,
              28.610612
            ],
            [
              77.2055629,
              28.6105836
            ]
          ]
        ]
      },
      "id": "way/370737759"
    },
    {
      "type": "Feature",
      "properties": {
        "@id": "way/370737760",
        "leisure": "park",
        "name": "Prime Chowk",
        "name:ur": "پرائم چوک"
      },
      "geometry": {
        "type": "Polygon",
        "coordinates": [
          [
            [
              77.2083781,
              28.6088722
            ],
            [
              77.2084834,
              28.6087928
            ],
            [
              77.2086152,
              28.6087549
            ],
            [
              77.2087536,
              28.6087641
            ],
            [
              77.2088774,
              28.6088192
            ],
            [
              77.2089678,
              28.6089116
            ],
            [
              77.209011,
              28.6090273
            ],
            [
              77.2090005,
              28.6091488
            ],
            [
              77.2089378,
              28.6092575
            ],
            [
              77.2088326,
              28.6093368
            ],
            [
              77.2087007,
              28.6093748
            ],
            [
              77.2085623,
              28.6093656
            ],
            [
              77.2084385,
              28.6093105
            ],
            [
              77.2083481,
              28.6092181
            ],
            [
              77.2083049,
              28.6091024
            ],
            [
              77.2083154,
              28.6089809
            ],
            [
              77.2083781,
              28.6088722
            ]
          ]
        ]
      },
      "id": "way/370737760"
    },
    {
      "type": "Feature",
      "properties": {
        "@id": "way/370741566",
        "landuse": "grass",
        "leisure": "park"
      },
      "geometry": {
        "type": "Polygon",
        "coordinates": [
          [
            [
              77.2095042,
              28.6139694
            ],
            [
              77.2103062,
              28.6140002
            ],
            [
              77.2103062,
              28.6140351
            ],
            [
              77.2103742,
              28.6140365
            ],
            [
              77.2103824,
              28.6139434
            ],
            [
              77.2119217,
              28.6138751
            ],
            [
              77.2119422,
              28.6142235
            ],
            [
              77.212046,
              28.6142178
            ],
            [
              77.2120601,
              28.6146345
            ],
            [
              77.2119619,
              28.614842
            ],
            [
              77.2119563,
              28.6151124
            ],
            [
              77.2120907,
              28.6152796
            ],
            [
              77.2120939,
              28.6153708
            ],
            [
              77.2097955,
              28.6154788
            ],
            [
              77.2097245,
              28.6157191
            ],
            [
              77.2095217,
              28.6156345
            ],
            [
              77.2095623,
              28.6155099
            ],
            [
              77.2095268,
              28.6153052
            ],
            [
              77.2094051,
              28.6152117
            ],
            [
              77.2093114,
              28.6142097
            ],
            [
              77.2094152,
              28.6141523
            ],
            [
              77.2094756,
              28.6140498
            ],
            [
              77.2095042,
              28.6139694
            ]
          ]
        ]
      },
      "id": "way/370741566"
    },
    {
      "type": "Feature",
      "properties": {
        "@id": "way/370760305",
        "leisure": "garden"
      },
      "geometry": {
        "type": "Polygon",
        "coordinates": [
          [
            [
              77.2091176,
              28.6185278
            ],
            [
              77.2092237,
              28.6184933
            ],
            [
              77.2093367,
              28.618497
            ],
            [
              77.2094396,
              28.6185385
            ],
            [
              77.2095165,
              28.6186113
            ],
            [
              77.2095558,
              28.6187044
            ],
            [
              77.2095515,
              28.6188037
            ],
            [
              77.2095043,
              28.6188939
            ],
            [
              77.2094214,
              28.6189615
            ],
            [
              77.2093153,
              28.618996
            ],
            [
              77.2092022,
              28.6189922
            ],
            [
              77.2090994,
              28.6189508
            ],
            [
              77.2090225,
              28.618878
            ],
            [
              77.2089832,
              28.6187848
            ],
            [
              77.2089874,
              28.6186856
            ],
            [
              77.2090346,
              28.6185953
            ],
            [
              77.2091176,
              28.6185278
            ]
          ]
        ]
      },
      "id": "way/370760305"
    },
    {
      "type": "Feature",
      "properties": {
        "@id": "way/370765170",
        "leisure": "park"
      },
      "geometry": {
        "type": "Polygon",
        "coordinates": [
          [
            [
              77.235446,
              28.6288856
            ],
            [
              77.2354324,
              28.6288529
            ],
            [
              77.2360993,
              28.6281999
            ],
            [
              77.2361625,
              28.6282856
            ],
            [
              77.2362627,
              28.6284215
            ],
            [
              77.235446,
              28.6288856
            ]
          ]
        ]
      },
      "id": "way/370765170"
    },
    {
      "type": "Feature",
      "properties": {
        "@id": "way/370902434",
        "leisure": "park"
      },
      "geometry": {
        "type": "Polygon",
        "coordinates": [
          [
            [
              77.2292414,
              28.6067116
            ],
            [
              77.2295988,
              28.6066296
            ],
            [
              77.2296759,
              28.607357
            ],
            [
              77.229546,
              28.6073855
            ],
            [
              77.2292414,
              28.6067116
            ]
          ]
        ]
      },
      "id": "way/370902434"
    },
    {
      "type": "Feature",
      "properties": {
        "@id": "way/370903615",
        "leisure": "park"
      },
      "geometry": {
        "type": "Polygon",
        "coordinates": [
          [
            [
              77.2237087,
              28.6032607
            ],
            [
              77.2237546,
              28.6032257
            ],
            [
              77.2238128,
              28.6032203
            ],
            [
              77.2238863,
              28.6032445
            ],
            [
              77.2243273,
              28.6037635
            ],
            [
              77.2243243,
              28.603828
            ],
            [
              77.2242875,
              28.6038764
            ],
            [
              77.2241926,
              28.6039167
            ],
            [
              77.2240333,
              28.603906
            ],
            [
              77.2238128,
              28.6037904
            ],
            [
              77.2237332,
              28.6036962
            ],
            [
              77.2236566,
              28.6034166
            ],
            [
              77.2236689,
              28.6033306
            ],
            [
              77.2237087,
              28.6032607
            ]
          ]
        ]
      },
      "id": "way/370903615"
    },
    {
      "type": "Feature",
      "properties": {
        "@id": "way/370903620",
        "leisure": "garden"
      },
      "geometry": {
        "type": "Polygon",
        "coordinates": [
          [
            [
              77.2247175,
              28.6097697
            ],
            [
              77.2247678,
              28.6098093
            ],
            [
              77.2248016,
              28.6098606
            ],
            [
              77.2248155,
              28.6099186
            ],
            [
              77.2248082,
              28.6099776
            ],
            [
              77.2247804,
              28.6100316
            ],
            [
              77.2247349,
              28.6100754
            ],
            [
              77.2246761,
              28.6101046
            ],
            [
              77.2246098,
              28.6101163
            ],
            [
              77.2245364,
              28.6101077
            ],
            [
              77.2244707,
              28.6100776
            ],
            [
              77.2244205,
              28.6100298
            ],
            [
              77.2243919,
              28.6099698
            ],
            [
              77.2243882,
              28.6099048
            ],
            [
              77.2244099,
              28.6098426
            ],
            [
              77.2244544,
              28.6097906
            ],
            [
              77.2245164,
              28.6097549
            ],
            [
              77.2245885,
              28.6097399
            ],
            [
              77.2246557,
              28.6097458
            ],
            [
              77.2247175,
              28.6097697
            ]
          ]
        ]
      },
      "id": "way/370903620"
    },
    {
      "type": "Feature",
      "properties": {
        "@id": "way/370904812",
        "landuse": "grass"
      },
      "geometry": {
        "type": "Polygon",
        "coordinates": [
          [
            [
              77.2157613,
              28.6036601
            ],
            [
              77.2158153,
              28.6036555
            ],
            [
              77.2158672,
              28.6036695
            ],
            [
              77.215909,
              28.6036998
            ],
            [
              77.2159345,
              28.6037419
            ],
            [
              77.2159397,
              28.6037893
            ],
            [
              77.2159238,
              28.6038348
            ],
            [
              77.2158893,
              28.6038716
            ],
            [
              77.2158414,
              28.603894
            ],
            [
              77.2157874,
              28.6038985
            ],
            [
              77.2157355,
              28.6038846
            ],
            [
              77.2156936,
              28.6038543
            ],
            [
              77.2156681,
              28.6038122
            ],
            [
              77.2156629,
              28.6037648
            ],
            [
              77.2156788,
              28.6037192
            ],
            [
              77.2157133,
              28.6036825
            ],
            [
              77.2157613,
              28.6036601
            ]
          ]
        ]
      },
      "id": "way/370904812"
    },
    {
      "type": "Feature",
      "properties": {
        "@id": "way/370908547",
        "leisure": "park"
      },
      "geometry": {
        "type": "Polygon",
        "coordinates": [
          [
            [
              77.2175413,
              28.6065401
            ],
            [
              77.2176531,
              28.6064238
            ],
            [
              77.2177258,
              28.6063715
            ],
            [
              77.217846,
              28.606303
            ],
            [
              77.2180489,
              28.6062762
            ],
            [
              77.2182622,
              28.6063151
            ],
            [
              77.2184473,
              28.6064461
            ],
            [
              77.2185971,
              28.6065923
            ],
            [
              77.2187868,
              28.6068656
            ],
            [
              77.2188634,
              28.607042
            ],
            [
              77.2188553,
              28.6072534
            ],
            [
              77.2187576,
              28.607417
            ],
            [
              77.218585,
              28.6075243
            ],
            [
              77.218449,
              28.6075815
            ],
            [
              77.2183514,
              28.6076009
            ],
            [
              77.2177921,
              28.6076234
            ],
            [
              77.2176778,
              28.607608
            ],
            [
              77.2175843,
              28.6075739
            ],
            [
              77.217509,
              28.6075259
            ],
            [
              77.2174314,
              28.6074667
            ],
            [
              77.217372,
              28.6074009
            ],
            [
              77.2173254,
              28.607329
            ],
            [
              77.2172904,
              28.6072518
            ],
            [
              77.2172745,
              28.6071794
            ],
            [
              77.2172667,
              28.6070907
            ],
            [
              77.2172924,
              28.606997
            ],
            [
              77.2175413,
              28.6065401
            ]
          ]
        ]
      },
      "id": "way/370908547"
    },
    {
      "type": "Feature",
      "properties": {
        "@id": "way/370947966",
        "leisure": "park",
        "name": "Pandara Road Colony Park",
        "operator": "NDMC",
        "wall": "yes"
      },
      "geometry": {
        "type": "Polygon",
        "coordinates": [
          [
            [
              77.2289748,
              28.6052351
            ],
            [
              77.2288279,
              28.6049673
            ],
            [
              77.2285981,
              28.6044476
            ],
            [
              77.229076,
              28.6043457
            ],
            [
              77.2291273,
              28.6047911
            ],
            [
              77.2291808,
              28.6052011
            ],
            [
              77.2289748,
              28.6052351
            ]
          ]
        ]
      },
      "id": "way/370947966"
    },
    {
      "type": "Feature",
      "properties": {
        "@id": "way/370947967",
        "boat": "yes",
        "intermittent": "no",
        "name": "Old Fort Lake",
        "natural": "water",
        "water": "lake"
      },
      "geometry": {
        "type": "Polygon",
        "coordinates": [
          [
            [
              77.2409461,
              28.6101532
            ],
            [
              77.2409195,
              28.6102889
            ],
            [
              77.2408472,
              28.6104256
            ],
            [
              77.240775,
              28.6105855
            ],
            [
              77.2406702,
              28.6107108
            ],
            [
              77.2406341,
              28.6108346
            ],
            [
              77.2406856,
              28.6109613
            ],
            [
              77.2408025,
              28.6110609
            ],
            [
              77.2408658,
              28.6110848
            ],
            [
              77.2408996,
              28.611135
            ],
            [
              77.2411515,
              28.6115092
            ],
            [
              77.2411773,
              28.6116767
            ],
            [
              77.2411582,
              28.6117664
            ],
            [
              77.2411116,
              28.6118425
            ],
            [
              77.2409796,
              28.6119486
            ],
            [
              77.2408569,
              28.6120252
            ],
            [
              77.2408277,
              28.6120434
            ],
            [
              77.2407762,
              28.6120671
            ],
            [
              77.2405956,
              28.6121502
            ],
            [
              77.2405129,
              28.6121491
            ],
            [
              77.240429,
              28.6121076
            ],
            [
              77.2403534,
              28.6112112
            ],
            [
              77.2403568,
              28.6104113
            ],
            [
              77.2403912,
              28.6101095
            ],
            [
              77.240625,
              28.6096929
            ],
            [
              77.2409875,
              28.6091955
            ],
            [
              77.2412393,
              28.6088572
            ],
            [
              77.241354,
              28.6087901
            ],
            [
              77.241362,
              28.6088231
            ],
            [
              77.2413875,
              28.6088596
            ],
            [
              77.2414251,
              28.6088749
            ],
            [
              77.2414653,
              28.6088749
            ],
            [
              77.2414948,
              28.6088666
            ],
            [
              77.241523,
              28.6088454
            ],
            [
              77.2415324,
              28.6088077
            ],
            [
              77.2415096,
              28.6087642
            ],
            [
              77.2414996,
              28.6087407
            ],
            [
              77.241531,
              28.6087136
            ],
            [
              77.2415712,
              28.6087147
            ],
            [
              77.241645,
              28.6087371
            ],
            [
              77.2416994,
              28.6087754
            ],
            [
              77.2417356,
              28.6089836
            ],
            [
              77.2416477,
              28.6091468
            ],
            [
              77.2415275,
              28.6092866
            ],
            [
              77.24124,
              28.6096849
            ],
            [
              77.2409461,
              28.6101532
            ]
          ]
        ]
      },
      "id": "way/370947967"
    },
    {
      "type": "Feature",
      "properties": {
        "@id": "way/406245959",
        "leisure": "garden"
      },
      "geometry": {
        "type": "Polygon",
        "coordinates": [
          [
            [
              77.2150122,
              28.6274107
            ],
            [
              77.2153502,
              28.627519
            ],
            [
              77.2154601,
              28.6275614
            ],
            [
              77.2155433,
              28.6276343
            ],
            [
              77.2155862,
              28.6277003
            ],
            [
              77.2156023,
              28.6277662
            ],
            [
              77.2155272,
              28.6279357
            ],
            [
              77.2153073,
              28.6278274
            ],
            [
              77.2151222,
              28.6281405
            ],
            [
              77.2151088,
              28.6280864
            ],
            [
              77.2150578,
              28.6280322
            ],
            [
              77.2148969,
              28.6279569
            ],
            [
              77.214862,
              28.6279027
            ],
            [
              77.214862,
              28.6278439
            ],
            [
              77.2150122,
              28.6275543
            ],
            [
              77.2149559,
              28.6275331
            ],
            [
              77.2150122,
              28.6274107
            ]
          ]
        ]
      },
      "id": "way/406245959"
    },
    {
      "type": "Feature",
      "properties": {
        "@id": "way/414777308",
        "leisure": "park",
        "name": "Nehru Park",
        "name:etymology:wikidata": "Q1047"
      },
      "geometry": {
        "type": "Polygon",
        "coordinates": [
          [
            [
              77.1807897,
              28.6340364
            ],
            [
              77.1821468,
              28.63329
            ],
            [
              77.182248,
              28.6335501
            ],
            [
              77.1822551,
              28.6338079
            ],
            [
              77.1821312,
              28.6340253
            ],
            [
              77.1819436,
              28.6342148
            ],
            [
              77.1816251,
              28.6343639
            ],
            [
              77.1812605,
              28.6343701
            ],
            [
              77.1809809,
              28.6342428
            ],
            [
              77.1807897,
              28.6340364
            ]
          ]
        ]
      },
      "id": "way/414777308"
    },
    {
      "type": "Feature",
      "properties": {
        "@id": "way/435426341",
        "landuse": "recreation_ground",
        "leisure": "common"
      },
      "geometry": {
        "type": "Polygon",
        "coordinates": [
          [
            [
              77.2394195,
              28.6152239
            ],
            [
              77.2394436,
              28.6155616
            ],
            [
              77.2389814,
              28.6155845
            ],
            [
              77.2389263,
              28.6151103
            ],
            [
              77.2393436,
              28.6150758
            ],
            [
              77.239358,
              28.6152277
            ],
            [
              77.2394195,
              28.6152239
            ]
          ]
        ]
      },
      "id": "way/435426341"
    },
    {
      "type": "Feature",
      "properties": {
        "@id": "way/437448251",
        "leisure": "park",
        "name": "Jhandewalan Extension Park"
      },
      "geometry": {
        "type": "Polygon",
        "coordinates": [
          [
            [
              77.2021034,
              28.6461062
            ],
            [
              77.2018358,
              28.645789
            ],
            [
              77.201821,
              28.6457717
            ],
            [
              77.2015793,
              28.6454855
            ],
            [
              77.2018219,
              28.6453227
            ],
            [
              77.2021012,
              28.6451354
            ],
            [
              77.2021746,
              28.64509
            ],
            [
              77.2022934,
              28.6450065
            ],
            [
              77.2028222,
              28.6456999
            ],
            [
              77.2027427,
              28.6457449
            ],
            [
              77.2026916,
              28.6457738
            ],
            [
              77.2025679,
              28.6458437
            ],
            [
              77.2025153,
              28.6458734
            ],
            [
              77.2024636,
              28.6459026
            ],
            [
              77.2023497,
              28.645967
            ],
            [
              77.2021034,
              28.6461062
            ]
          ]
        ]
      },
      "id": "way/437448251"
    },
    {
      "type": "Feature",
      "properties": {
        "@id": "way/464253913",
        "leisure": "garden"
      },
      "geometry": {
        "type": "Polygon",
        "coordinates": [
          [
            [
              77.2464583,
              28.6330482
            ],
            [
              77.2464556,
              28.6361816
            ],
            [
              77.245903,
              28.636158
            ],
            [
              77.2459567,
              28.6356495
            ],
            [
              77.2459191,
              28.6341711
            ],
            [
              77.245844,
              28.633672
            ],
            [
              77.2458548,
              28.6330411
            ],
            [
              77.2464583,
              28.6330482
            ]
          ]
        ]
      },
      "id": "way/464253913"
    },
    {
      "type": "Feature",
      "properties": {
        "@id": "way/464253915",
        "leisure": "park",
        "name": "Lok Nayak Jaya Prakash Narayan Memorial Park"
      },
      "geometry": {
        "type": "Polygon",
        "coordinates": [
          [
            [
              77.2413218,
              28.6353082
            ],
            [
              77.2419595,
              28.6352247
            ],
            [
              77.2420355,
              28.6352147
            ],
            [
              77.2427058,
              28.6351269
            ],
            [
              77.2428158,
              28.6352211
            ],
            [
              77.243253,
              28.6364923
            ],
            [
              77.2426093,
              28.6364735
            ],
            [
              77.2414827,
              28.636643
            ],
            [
              77.2413647,
              28.6365865
            ],
            [
              77.2413218,
              28.6353082
            ]
          ]
        ]
      },
      "id": "way/464253915"
    },
    {
      "type": "Feature",
      "properties": {
        "@id": "way/485053607",
        "leisure": "park",
        "name": "Palika Park",
        "name:hi": "पालिका पार्क"
      },
      "geometry": {
        "type": "Polygon",
        "coordinates": [
          [
            [
              77.2193951,
              28.6302969
            ],
            [
              77.2194407,
              28.6302937
            ],
            [
              77.2195092,
              28.6311933
            ],
            [
              77.2193915,
              28.6312994
            ],
            [
              77.2192945,
              28.6313239
            ],
            [
              77.2192618,
              28.6313323
            ],
            [
              77.2190376,
              28.6313898
            ],
            [
              77.2190038,
              28.6313976
            ],
            [
              77.2189162,
              28.6314201
            ],
            [
              77.2187358,
              28.6313208
            ],
            [
              77.2186225,
              28.6310677
            ],
            [
              77.2186771,
              28.631051
            ],
            [
              77.2186529,
              28.630983
            ],
            [
              77.2186198,
              28.6309906
            ],
            [
              77.218568,
              28.6308449
            ],
            [
              77.2185085,
              28.6308596
            ],
            [
              77.2181695,
              28.630326
            ],
            [
              77.2193044,
              28.6299906
            ],
            [
              77.2193644,
              28.6300215
            ],
            [
              77.2193951,
              28.6302969
            ]
          ]
        ]
      },
      "id": "way/485053607"
    },
    {
      "type": "Feature",
      "properties": {
        "@id": "way/488319628",
        "landuse": "grass"
      },
      "geometry": {
        "type": "Polygon",
        "coordinates": [
          [
            [
              77.2292492,
              28.6282092
            ],
            [
              77.2292415,
              28.628168
            ],
            [
              77.2292998,
              28.6281227
            ],
            [
              77.2294151,
              28.6280526
            ],
            [
              77.2294721,
              28.6280332
            ],
            [
              77.2295191,
              28.6280485
            ],
            [
              77.2295338,
              28.6280844
            ],
            [
              77.2295057,
              28.6281527
            ],
            [
              77.2293876,
              28.6282315
            ],
            [
              77.2292988,
              28.6282333
            ],
            [
              77.2292492,
              28.6282092
            ]
          ]
        ]
      },
      "id": "way/488319628"
    },
    {
      "type": "Feature",
      "properties": {
        "@id": "way/529530398",
        "natural": "water",
        "source": "gps",
        "water": "pond"
      },
      "geometry": {
        "type": "Polygon",
        "coordinates": [
          [
            [
              77.2226667,
              28.6565557
            ],
            [
              77.2226749,
              28.6565499
            ],
            [
              77.2226787,
              28.6565571
            ],
            [
              77.2226727,
              28.6566295
            ],
            [
              77.2226951,
              28.6566382
            ],
            [
              77.2227033,
              28.6566588
            ],
            [
              77.2226907,
              28.6566737
            ],
            [
              77.2226667,
              28.6566823
            ],
            [
              77.2226607,
              28.6567418
            ],
            [
              77.2226508,
              28.656748
            ],
            [
              77.2226448,
              28.6567403
            ],
            [
              77.2226519,
              28.6566809
            ],
            [
              77.2226289,
              28.6566689
            ],
            [
              77.2226251,
              28.6566511
            ],
            [
              77.2226377,
              28.6566362
            ],
            [
              77.2226596,
              28.6566281
            ],
            [
              77.2226667,
              28.6565557
            ]
          ]
        ]
      },
      "id": "way/529530398"
    },
    {
      "type": "Feature",
      "properties": {
        "@id": "way/546331088",
        "leisure": "park",
        "noname": "yes"
      },
      "geometry": {
        "type": "Polygon",
        "coordinates": [
          [
            [
              77.2065546,
              28.6204975
            ],
            [
              77.2065426,
              28.6205889
            ],
            [
              77.2064974,
              28.6206718
            ],
            [
              77.206424,
              28.6207374
            ],
            [
              77.2063304,
              28.6207785
            ],
            [
              77.2062266,
              28.6207907
            ],
            [
              77.2061239,
              28.6207727
            ],
            [
              77.2060334,
              28.6207263
            ],
            [
              77.205965,
              28.6206567
            ],
            [
              77.2059261,
              28.6205713
            ],
            [
              77.2059208,
              28.6204795
            ],
            [
              77.2059498,
              28.6203912
            ],
            [
              77.2060099,
              28.6203159
            ],
            [
              77.2060946,
              28.6202618
            ],
            [
              77.2061947,
              28.6202347
            ],
            [
              77.2062994,
              28.6202377
            ],
            [
              77.2063973,
              28.6202704
            ],
            [
              77.2064778,
              28.6203292
            ],
            [
              77.2065322,
              28.6204077
            ],
            [
              77.2065546,
              28.6204975
            ]
          ]
        ]
      },
      "id": "way/546331088"
    },
    {
      "type": "Feature",
      "properties": {
        "@id": "way/553845693",
        "leisure": "park",
        "name": "Talkatora Gardens",
        "name:hi": "तालकटोरा उद्यान",
        "wikidata": "Q7679719",
        "wikipedia": "en:Talkatora Gardens"
      },
      "geometry": {
        "type": "Polygon",
        "coordinates": [
          [
            [
              77.1917268,
              28.6256576
            ],
            [
              77.1906903,
              28.6242485
            ],
            [
              77.1908638,
              28.6241501
            ],
            [
              77.1914724,
              28.6239189
            ],
            [
              77.191413,
              28.6238077
            ],
            [
              77.1918389,
              28.6235817
            ],
            [
              77.1920896,
              28.6239334
            ],
            [
              77.1929132,
              28.6234772
            ],
            [
              77.1933196,
              28.623387
            ],
            [
              77.1937769,
              28.6232069
            ],
            [
              77.1940869,
              28.6229587
            ],
            [
              77.1942787,
              28.6226655
            ],
            [
              77.1943668,
              28.6223269
            ],
            [
              77.1939906,
              28.6222255
            ],
            [
              77.19437,
              28.6217491
            ],
            [
              77.1977625,
              28.6232298
            ],
            [
              77.1978504,
              28.624595
            ],
            [
              77.1978569,
              28.6247586
            ],
            [
              77.1963215,
              28.6248149
            ],
            [
              77.1959744,
              28.6243828
            ],
            [
              77.1956105,
              28.6245844
            ],
            [
              77.195506,
              28.6244399
            ],
            [
              77.195859,
              28.6242568
            ],
            [
              77.1955435,
              28.6239324
            ],
            [
              77.1952467,
              28.6241191
            ],
            [
              77.1950389,
              28.6238397
            ],
            [
              77.1947607,
              28.6240424
            ],
            [
              77.1946136,
              28.6239597
            ],
            [
              77.1938196,
              28.6243666
            ],
            [
              77.1939448,
              28.6245731
            ],
            [
              77.1936665,
              28.6247034
            ],
            [
              77.1936034,
              28.6246085
            ],
            [
              77.192958,
              28.6249556
            ],
            [
              77.1932497,
              28.6253706
            ],
            [
              77.192818,
              28.6256056
            ],
            [
              77.1919884,
              28.6260393
            ],
            [
              77.1917268,
              28.6256576
            ]
          ]
        ]
      },
      "id": "way/553845693"
    },
    {
      "type": "Feature",
      "properties": {
        "@id": "way/558832166",
        "barrier": "fence",
        "leisure": "park",
        "name": "Tikona Park"
      },
      "geometry": {
        "type": "Polygon",
        "coordinates": [
          [
            [
              77.1954518,
              28.6461658
            ],
            [
              77.1950973,
              28.6457433
            ],
            [
              77.1959668,
              28.6458551
            ],
            [
              77.1954518,
              28.6461658
            ]
          ]
        ]
      },
      "id": "way/558832166"
    },
    {
      "type": "Feature",
      "properties": {
        "@id": "way/580251493",
        "natural": "water"
      },
      "geometry": {
        "type": "Polygon",
        "coordinates": [
          [
            [
              77.2427403,
              28.6066647
            ],
            [
              77.2428776,
              28.6065765
            ],
            [
              77.2430942,
              28.6065864
            ],
            [
              77.2431437,
              28.6064783
            ],
            [
              77.2432598,
              28.6065541
            ],
            [
              77.2432484,
              28.6065951
            ],
            [
              77.2431621,
              28.6066075
            ],
            [
              77.2430786,
              28.6066572
            ],
            [
              77.2430531,
              28.6067417
            ],
            [
              77.2429725,
              28.6068175
            ],
            [
              77.2428309,
              28.6068424
            ],
            [
              77.2427672,
              28.6068113
            ],
            [
              77.2427276,
              28.6067107
            ],
            [
              77.2427403,
              28.6066647
            ]
          ]
        ]
      },
      "id": "way/580251493"
    },
    {
      "type": "Feature",
      "properties": {
        "@id": "way/580251494",
        "natural": "water"
      },
      "geometry": {
        "type": "Polygon",
        "coordinates": [
          [
            [
              77.2461951,
              28.6046195
            ],
            [
              77.2465177,
              28.6040703
            ],
            [
              77.24673,
              28.603946
            ],
            [
              77.2467442,
              28.6041001
            ],
            [
              77.2475311,
              28.6048108
            ],
            [
              77.2474858,
              28.6048904
            ],
            [
              77.2472367,
              28.6047959
            ],
            [
              77.2470867,
              28.6048282
            ],
            [
              77.246897,
              28.6049848
            ],
            [
              77.2468178,
              28.6049997
            ],
            [
              77.2461951,
              28.6046195
            ]
          ]
        ]
      },
      "id": "way/580251494"
    },
    {
      "type": "Feature",
      "properties": {
        "@id": "way/697101341",
        "leisure": "park",
        "name": "Children's Park",
        "name:de": "Kinderpark",
        "name:fa": "پارک کودکان",
        "name:fr": "Parc pour enfants",
        "name:hi": "शिशु उद्यान",
        "name:ur": "بچوں پارک",
        "opening_hours": "Su-Sa 09:30-17:30"
      },
      "geometry": {
        "type": "Polygon",
        "coordinates": [
          [
            [
              77.2295183,
              28.6103997
            ],
            [
              77.2295306,
              28.6103366
            ],
            [
              77.2306812,
              28.6096487
            ],
            [
              77.2312896,
              28.6096676
            ],
            [
              77.2323077,
              28.6101604
            ],
            [
              77.232373,
              28.6102549
            ],
            [
              77.2323994,
              28.6103367
            ],
            [
              77.2321133,
              28.6108519
            ],
            [
              77.2315313,
              28.6118531
            ],
            [
              77.2314266,
              28.6120328
            ],
            [
              77.2313684,
              28.6121311
            ],
            [
              77.2313201,
              28.6122421
            ],
            [
              77.231003,
              28.6122612
            ],
            [
              77.2309136,
              28.6122662
            ],
            [
              77.2308649,
              28.6122107
            ],
            [
              77.2295183,
              28.6103997
            ]
          ]
        ]
      },
      "id": "way/697101341"
    },
    {
      "type": "Feature",
      "properties": {
        "@id": "way/699609065",
        "leisure": "park",
        "name": "VIP Park",
        "name:ur": "وی آئی پی پارک"
      },
      "geometry": {
        "type": "Polygon",
        "coordinates": [
          [
            [
              77.2375232,
              28.6180934
            ],
            [
              77.2378772,
              28.6177802
            ],
            [
              77.2381374,
              28.6178792
            ],
            [
              77.2382689,
              28.6179357
            ],
            [
              77.2385344,
              28.6180534
            ],
            [
              77.2387892,
              28.6181594
            ],
            [
              77.2388804,
              28.6182159
            ],
            [
              77.2389957,
              28.6183383
            ],
            [
              77.238985,
              28.6184301
            ],
            [
              77.2389501,
              28.6185549
            ],
            [
              77.2388589,
              28.6186938
            ],
            [
              77.2387034,
              28.6188116
            ],
            [
              77.238521,
              28.6188375
            ],
            [
              77.2383305,
              28.6188327
            ],
            [
              77.2382152,
              28.6187927
            ],
            [
              77.2381133,
              28.6187244
            ],
            [
              77.237947,
              28.6185785
            ],
            [
              77.2376493,
              28.6182512
            ],
            [
              77.2375232,
              28.6180934
            ]
          ]
        ]
      },
      "id": "way/699609065"
    },
    {
      "type": "Feature",
      "properties": {
        "@id": "way/700261791",
        "leisure": "park"
      },
      "geometry": {
        "type": "Polygon",
        "coordinates": [
          [
            [
              77.1984943,
              28.6089449
            ],
            [
              77.1987652,
              28.6089402
            ],
            [
              77.1987813,
              28.6092887
            ],
            [
              77.1986874,
              28.6092934
            ],
            [
              77.1986499,
              28.6093005
            ],
            [
              77.1986364,
              28.6092581
            ],
            [
              77.1985157,
              28.6092605
            ],
            [
              77.1984943,
              28.6089449
            ]
          ]
        ]
      },
      "id": "way/700261791"
    },
    {
      "type": "Feature",
      "properties": {
        "@id": "way/700293873",
        "leisure": "park",
        "name": "Mandi House Gol Chakkar Park",
        "name:hi": "मंडी हाउस गोल चक्कर",
        "official_name": "Rotary Number 6"
      },
      "geometry": {
        "type": "Polygon",
        "coordinates": [
          [
            [
              77.2315713,
              28.6255443
            ],
            [
              77.2316076,
              28.6254884
            ],
            [
              77.2316546,
              28.625439
            ],
            [
              77.2317108,
              28.6253977
            ],
            [
              77.2317745,
              28.6253659
            ],
            [
              77.2318436,
              28.6253444
            ],
            [
              77.2319159,
              28.6253341
            ],
            [
              77.2319892,
              28.6253352
            ],
            [
              77.2320611,
              28.6253477
            ],
            [
              77.2321293,
              28.6253711
            ],
            [
              77.2321917,
              28.6254049
            ],
            [
              77.2322463,
              28.6254478
            ],
            [
              77.2322914,
              28.6254985
            ],
            [
              77.2323255,
              28.6255555
            ],
            [
              77.2323475,
              28.6256168
            ],
            [
              77.2323568,
              28.6256806
            ],
            [
              77.2323531,
              28.6257449
            ],
            [
              77.2323294,
              28.6258246
            ],
            [
              77.2322858,
              28.6258976
            ],
            [
              77.2322245,
              28.62596
            ],
            [
              77.2321486,
              28.6260085
            ],
            [
              77.2320622,
              28.6260407
            ],
            [
              77.2319697,
              28.6260549
            ],
            [
              77.231876,
              28.6260503
            ],
            [
              77.2317859,
              28.6260272
            ],
            [
              77.2317041,
              28.6259868
            ],
            [
              77.2316349,
              28.6259311
            ],
            [
              77.2315818,
              28.6258631
            ],
            [
              77.2315477,
              28.6257863
            ],
            [
              77.2315343,
              28.6257048
            ],
            [
              77.2315423,
              28.6256227
            ],
            [
              77.2315713,
              28.6255443
            ]
          ]
        ]
      },
      "id": "way/700293873"
    },
    {
      "type": "Feature",
      "properties": {
        "@id": "way/700293882",
        "leisure": "park",
        "name": "Bengali Market Park",
        "name:fa": "پارک فروشگاه بنگالی",
        "name:hi": "बंगाली मार्केट पार्क"
      },
      "geometry": {
        "type": "Polygon",
        "coordinates": [
          [
            [
              77.2300569,
              28.6312474
            ],
            [
              77.2297779,
              28.6308919
            ],
            [
              77.2301856,
              28.6306824
            ],
            [
              77.2303009,
              28.6308378
            ],
            [
              77.2304404,
              28.6310661
            ],
            [
              77.2300569,
              28.6312474
            ]
          ]
        ]
      },
      "id": "way/700293882"
    },
    {
      "type": "Feature",
      "properties": {
        "@id": "way/700298283",
        "leisure": "park"
      },
      "geometry": {
        "type": "Polygon",
        "coordinates": [
          [
            [
              77.2109488,
              28.6308766
            ],
            [
              77.2113286,
              28.6302744
            ],
            [
              77.2114735,
              28.630265
            ],
            [
              77.2115003,
              28.6303403
            ],
            [
              77.2118543,
              28.630312
            ],
            [
              77.2118007,
              28.6302085
            ],
            [
              77.2118758,
              28.6300907
            ],
            [
              77.2127877,
              28.6305428
            ],
            [
              77.2123677,
              28.6311991
            ],
            [
              77.2123355,
              28.6312368
            ],
            [
              77.212255,
              28.6314181
            ],
            [
              77.2122443,
              28.6315193
            ],
            [
              77.2120029,
              28.6317335
            ],
            [
              77.2116703,
              28.6317406
            ],
            [
              77.2115979,
              28.6316558
            ],
            [
              77.2110454,
              28.631597
            ],
            [
              77.2110266,
              28.6314039
            ],
            [
              77.2110266,
              28.6310626
            ],
            [
              77.2109966,
              28.6309908
            ],
            [
              77.2109488,
              28.6308766
            ]
          ]
        ]
      },
      "id": "way/700298283"
    },
    {
      "type": "Feature",
      "properties": {
        "@id": "way/700305761",
        "leisure": "park",
        "name": "RWA Central Park"
      },
      "geometry": {
        "type": "Polygon",
        "coordinates": [
          [
            [
              77.2031302,
              28.6290568
            ],
            [
              77.2037068,
              28.6287766
            ],
            [
              77.2037685,
              28.6288402
            ],
            [
              77.203967,
              28.6291321
            ],
            [
              77.2037256,
              28.629271
            ],
            [
              77.2034037,
              28.629424
            ],
            [
              77.2031302,
              28.6290568
            ]
          ]
        ]
      },
      "id": "way/700305761"
    },
    {
      "type": "Feature",
      "properties": {
        "@id": "way/700310538",
        "leisure": "park",
        "name": "BK Ganjoo Memorial Park"
      },
      "geometry": {
        "type": "Polygon",
        "coordinates": [
          [
            [
              77.201869,
              28.6305814
            ],
            [
              77.2019125,
              28.6306371
            ],
            [
              77.202266,
              28.6310899
            ],
            [
              77.2024323,
              28.6313347
            ],
            [
              77.2025235,
              28.6314148
            ],
            [
              77.2016384,
              28.6318997
            ],
            [
              77.2012414,
              28.6321352
            ],
            [
              77.2007801,
              28.6315137
            ],
            [
              77.2012092,
              28.6312876
            ],
            [
              77.2014399,
              28.631137
            ],
            [
              77.2013165,
              28.6309486
            ],
            [
              77.201869,
              28.6305814
            ]
          ]
        ]
      },
      "id": "way/700310538"
    },
    {
      "type": "Feature",
      "properties": {
        "@id": "way/708281607",
        "leisure": "park"
      },
      "geometry": {
        "type": "Polygon",
        "coordinates": [
          [
            [
              77.1854964,
              28.6005091
            ],
            [
              77.1859148,
              28.6002925
            ],
            [
              77.1860543,
              28.6003584
            ],
            [
              77.1864298,
              28.6011214
            ],
            [
              77.1858505,
              28.6013663
            ],
            [
              77.185475,
              28.6006316
            ],
            [
              77.1854964,
              28.6005091
            ]
          ]
        ]
      },
      "id": "way/708281607"
    },
    {
      "type": "Feature",
      "properties": {
        "@id": "way/708281608",
        "leisure": "park"
      },
      "geometry": {
        "type": "Polygon",
        "coordinates": [
          [
            [
              77.1867538,
              28.5999599
            ],
            [
              77.1868772,
              28.5999223
            ],
            [
              77.1869791,
              28.5999317
            ],
            [
              77.1870864,
              28.5999976
            ],
            [
              77.1872205,
              28.6002472
            ],
            [
              77.1874297,
              28.6006805
            ],
            [
              77.1869577,
              28.6008689
            ],
            [
              77.1867324,
              28.6004074
            ],
            [
              77.1866197,
              28.600153
            ],
            [
              77.1866412,
              28.600007
            ],
            [
              77.1867538,
              28.5999599
            ]
          ]
        ]
      },
      "id": "way/708281608"
    },
    {
      "type": "Feature",
      "properties": {
        "@id": "way/708281609",
        "leisure": "park"
      },
      "geometry": {
        "type": "Polygon",
        "coordinates": [
          [
            [
              77.1887816,
              28.5992159
            ],
            [
              77.189047,
              28.5991028
            ],
            [
              77.189274,
              28.5995134
            ],
            [
              77.1905788,
              28.5989575
            ],
            [
              77.191177,
              28.6000396
            ],
            [
              77.1906141,
              28.6002794
            ],
            [
              77.1905702,
              28.6001998
            ],
            [
              77.1902348,
              28.6003427
            ],
            [
              77.1895627,
              28.6006291
            ],
            [
              77.1887816,
              28.5992159
            ]
          ]
        ]
      },
      "id": "way/708281609"
    },
    {
      "type": "Feature",
      "properties": {
        "@id": "way/708433700",
        "leisure": "park"
      },
      "geometry": {
        "type": "Polygon",
        "coordinates": [
          [
            [
              77.1831726,
              28.6015597
            ],
            [
              77.1831565,
              28.6014513
            ],
            [
              77.1831941,
              28.6013995
            ],
            [
              77.1835482,
              28.6012488
            ],
            [
              77.1838378,
              28.6013383
            ],
            [
              77.1841436,
              28.6019835
            ],
            [
              77.183988,
              28.6020401
            ],
            [
              77.1837949,
              28.6019412
            ],
            [
              77.1832156,
              28.6016397
            ],
            [
              77.1831726,
              28.6015597
            ]
          ]
        ]
      },
      "id": "way/708433700"
    },
    {
      "type": "Feature",
      "properties": {
        "@id": "way/708433703",
        "leisure": "park"
      },
      "geometry": {
        "type": "Polygon",
        "coordinates": [
          [
            [
              77.1845326,
              28.600921
            ],
            [
              77.184882,
              28.6007884
            ],
            [
              77.1853184,
              28.6016755
            ],
            [
              77.1849689,
              28.6018081
            ],
            [
              77.1845326,
              28.600921
            ]
          ]
        ]
      },
      "id": "way/708433703"
    },
    {
      "type": "Feature",
      "properties": {
        "@id": "way/708433704",
        "leisure": "park"
      },
      "geometry": {
        "type": "Polygon",
        "coordinates": [
          [
            [
              77.1850046,
              28.6019317
            ],
            [
              77.1854123,
              28.6017716
            ],
            [
              77.1856644,
              28.602285
            ],
            [
              77.1856322,
              28.6023509
            ],
            [
              77.1855786,
              28.6024168
            ],
            [
              77.1855035,
              28.6024545
            ],
            [
              77.1854016,
              28.6024734
            ],
            [
              77.185305,
              28.6024592
            ],
            [
              77.1852567,
              28.6024168
            ],
            [
              77.1850046,
              28.6019317
            ]
          ]
        ]
      },
      "id": "way/708433704"
    },
    {
      "type": "Feature",
      "properties": {
        "@id": "way/708433705",
        "leisure": "park"
      },
      "geometry": {
        "type": "Polygon",
        "coordinates": [
          [
            [
              77.187277,
              28.6042329
            ],
            [
              77.1880172,
              28.6035641
            ],
            [
              77.1881245,
              28.6036395
            ],
            [
              77.1885751,
              28.6031874
            ],
            [
              77.1888729,
              28.6034588
            ],
            [
              77.187719,
              28.6045833
            ],
            [
              77.187277,
              28.6042329
            ]
          ]
        ]
      },
      "id": "way/708433705"
    },
    {
      "type": "Feature",
      "properties": {
        "@id": "way/708433708",
        "leisure": "park"
      },
      "geometry": {
        "type": "Polygon",
        "coordinates": [
          [
            [
              77.1939342,
              28.6042361
            ],
            [
              77.1939127,
              28.604189
            ],
            [
              77.1941488,
              28.6040854
            ],
            [
              77.1945189,
              28.6039159
            ],
            [
              77.1946691,
              28.6038217
            ],
            [
              77.1949373,
              28.6035485
            ],
            [
              77.1950875,
              28.6036521
            ],
            [
              77.1950929,
              28.6036992
            ],
            [
              77.1949588,
              28.6038405
            ],
            [
              77.1948301,
              28.6040289
            ],
            [
              77.1949749,
              28.6041843
            ],
            [
              77.1948998,
              28.604255
            ],
            [
              77.1946101,
              28.6043868
            ],
            [
              77.1944492,
              28.6045281
            ],
            [
              77.1942829,
              28.6047306
            ],
            [
              77.1941595,
              28.6049332
            ],
            [
              77.1939342,
              28.6042361
            ]
          ]
        ]
      },
      "id": "way/708433708"
    },
    {
      "type": "Feature",
      "properties": {
        "@id": "way/708488756",
        "leisure": "park"
      },
      "geometry": {
        "type": "Polygon",
        "coordinates": [
          [
            [
              77.1989862,
              28.6110897
            ],
            [
              77.1989873,
              28.6110351
            ],
            [
              77.1989605,
              28.6107785
            ],
            [
              77.1989256,
              28.6099237
            ],
            [
              77.1989337,
              28.609886
            ],
            [
              77.1989701,
              28.60987
            ],
            [
              77.1989916,
              28.6098229
            ],
            [
              77.1990828,
              28.60979
            ],
            [
              77.199115,
              28.610341
            ],
            [
              77.1991579,
              28.611085
            ],
            [
              77.1989862,
              28.6110897
            ]
          ]
        ]
      },
      "id": "way/708488756"
    },
    {
      "type": "Feature",
      "properties": {
        "@id": "way/708491586",
        "leisure": "garden"
      },
      "geometry": {
        "type": "Polygon",
        "coordinates": [
          [
            [
              77.2121621,
              28.6167696
            ],
            [
              77.2122575,
              28.6167316
            ],
            [
              77.2123617,
              28.6167228
            ],
            [
              77.2124636,
              28.6167443
            ],
            [
              77.2125519,
              28.6167936
            ],
            [
              77.2126173,
              28.6168654
            ],
            [
              77.2126526,
              28.6169519
            ],
            [
              77.2126539,
              28.6170439
            ],
            [
              77.2126212,
              28.6171312
            ],
            [
              77.212558,
              28.6172044
            ],
            [
              77.212471,
              28.6172557
            ],
            [
              77.2123698,
              28.6172794
            ],
            [
              77.2122654,
              28.617273
            ],
            [
              77.2121689,
              28.6172372
            ],
            [
              77.212091,
              28.6171758
            ],
            [
              77.21204,
              28.6170955
            ],
            [
              77.2120214,
              28.617005
            ],
            [
              77.2120373,
              28.6169141
            ],
            [
              77.212086,
              28.6168327
            ],
            [
              77.2121621,
              28.6167696
            ]
          ]
        ]
      },
      "id": "way/708491586"
    },
    {
      "type": "Feature",
      "properties": {
        "@id": "way/709276139",
        "leisure": "garden"
      },
      "geometry": {
        "type": "Polygon",
        "coordinates": [
          [
            [
              77.2181928,
              28.6101759
            ],
            [
              77.218219,
              28.6101579
            ],
            [
              77.2182504,
              28.6101479
            ],
            [
              77.2182836,
              28.610147
            ],
            [
              77.2183156,
              28.6101553
            ],
            [
              77.218343,
              28.6101718
            ],
            [
              77.2183632,
              28.6101951
            ],
            [
              77.2183741,
              28.6102227
            ],
            [
              77.2183743,
              28.6102543
            ],
            [
              77.2183623,
              28.6102842
            ],
            [
              77.2183396,
              28.6103087
            ],
            [
              77.2183088,
              28.6103251
            ],
            [
              77.2182735,
              28.6103315
            ],
            [
              77.2182378,
              28.6103271
            ],
            [
              77.2182059,
              28.6103124
            ],
            [
              77.2181815,
              28.6102891
            ],
            [
              77.2181675,
              28.61026
            ],
            [
              77.2181654,
              28.6102284
            ],
            [
              77.2181743,
              28.6102002
            ],
            [
              77.2181928,
              28.6101759
            ]
          ]
        ]
      },
      "id": "way/709276139"
    },
    {
      "type": "Feature",
      "properties": {
        "@id": "way/710522942",
        "leisure": "park"
      },
      "geometry": {
        "type": "Polygon",
        "coordinates": [
          [
            [
              77.2112176,
              28.604021
            ],
            [
              77.2112587,
              28.6039335
            ],
            [
              77.2113289,
              28.6038615
            ],
            [
              77.2114211,
              28.6038124
            ],
            [
              77.2115263,
              28.603791
            ],
            [
              77.2116337,
              28.6037996
            ],
            [
              77.2117328,
              28.6038371
            ],
            [
              77.2118135,
              28.6038999
            ],
            [
              77.2118678,
              28.6039818
            ],
            [
              77.2118904,
              28.6040744
            ],
            [
              77.2118789,
              28.6041686
            ],
            [
              77.2118291,
              28.6042617
            ],
            [
              77.2117463,
              28.6043346
            ],
            [
              77.2116404,
              28.6043786
            ],
            [
              77.2115237,
              28.6043885
            ],
            [
              77.2114101,
              28.6043632
            ],
            [
              77.211313,
              28.6043056
            ],
            [
              77.2112438,
              28.6042225
            ],
            [
              77.2112107,
              28.6041238
            ],
            [
              77.2112176,
              28.604021
            ]
          ]
        ]
      },
      "id": "way/710522942"
    },
    {
      "type": "Feature",
      "properties": {
        "@id": "way/710621828",
        "leisure": "garden"
      },
      "geometry": {
        "type": "Polygon",
        "coordinates": [
          [
            [
              77.2116355,
              28.6105123
            ],
            [
              77.2116636,
              28.6104347
            ],
            [
              77.2117176,
              28.6103685
            ],
            [
              77.2117923,
              28.6103202
            ],
            [
              77.2118804,
              28.6102945
            ],
            [
              77.2119732,
              28.6102939
            ],
            [
              77.2120616,
              28.6103186
            ],
            [
              77.212137,
              28.610366
            ],
            [
              77.2121921,
              28.6104316
            ],
            [
              77.2122213,
              28.6105089
            ],
            [
              77.2122219,
              28.6105904
            ],
            [
              77.2121938,
              28.610668
            ],
            [
              77.2121398,
              28.6107342
            ],
            [
              77.2120651,
              28.6107825
            ],
            [
              77.2119771,
              28.6108082
            ],
            [
              77.2118843,
              28.6108088
            ],
            [
              77.2117958,
              28.6107841
            ],
            [
              77.2117204,
              28.6107367
            ],
            [
              77.2116654,
              28.6106711
            ],
            [
              77.2116361,
              28.6105938
            ],
            [
              77.2116355,
              28.6105123
            ]
          ]
        ]
      },
      "id": "way/710621828"
    },
    {
      "type": "Feature",
      "properties": {
        "@id": "way/711421333",
        "leisure": "garden"
      },
      "geometry": {
        "type": "Polygon",
        "coordinates": [
          [
            [
              77.2251425,
              28.6162065
            ],
            [
              77.2251997,
              28.6162545
            ],
            [
              77.2252363,
              28.616316
            ],
            [
              77.2252486,
              28.6163846
            ],
            [
              77.2252351,
              28.616453
            ],
            [
              77.2251974,
              28.616514
            ],
            [
              77.2251393,
              28.6165611
            ],
            [
              77.2250671,
              28.6165894
            ],
            [
              77.2249863,
              28.6165958
            ],
            [
              77.2249075,
              28.6165784
            ],
            [
              77.2248397,
              28.6165393
            ],
            [
              77.2247903,
              28.6164827
            ],
            [
              77.2247649,
              28.616415
            ],
            [
              77.2247662,
              28.6163438
            ],
            [
              77.2247942,
              28.6162769
            ],
            [
              77.2248457,
              28.6162218
            ],
            [
              77.224915,
              28.6161846
            ],
            [
              77.2249922,
              28.6161697
            ],
            [
              77.2250708,
              28.6161772
            ],
            [
              77.2251425,
              28.6162065
            ]
          ]
        ]
      },
      "id": "way/711421333"
    },
    {
      "type": "Feature",
      "properties": {
        "@id": "way/712992073",
        "leisure": "garden"
      },
      "geometry": {
        "type": "Polygon",
        "coordinates": [
          [
            [
              77.2185957,
              28.6166253
            ],
            [
              77.2186182,
              28.6166045
            ],
            [
              77.218647,
              28.616591
            ],
            [
              77.2186792,
              28.616586
            ],
            [
              77.2187115,
              28.6165903
            ],
            [
              77.2187406,
              28.6166032
            ],
            [
              77.2187637,
              28.6166235
            ],
            [
              77.2187783,
              28.6166491
            ],
            [
              77.218783,
              28.6166794
            ],
            [
              77.2187759,
              28.6167093
            ],
            [
              77.2187578,
              28.6167354
            ],
            [
              77.2187308,
              28.6167547
            ],
            [
              77.218698,
              28.6167649
            ],
            [
              77.2186632,
              28.616765
            ],
            [
              77.2186304,
              28.6167548
            ],
            [
              77.2186033,
              28.6167356
            ],
            [
              77.2185851,
              28.6167096
            ],
            [
              77.2185778,
              28.6166797
            ],
            [
              77.2185818,
              28.6166513
            ],
            [
              77.2185957,
              28.6166253
            ]
          ]
        ]
      },
      "id": "way/712992073"
    },
    {
      "type": "Feature",
      "properties": {
        "@id": "way/712992082",
        "leisure": "garden"
      },
      "geometry": {
        "type": "Polygon",
        "coordinates": [
          [
            [
              77.2386305,
              28.6212195
            ],
            [
              77.2387509,
              28.6211602
            ],
            [
              77.2389762,
              28.6210919
            ],
            [
              77.2391962,
              28.6210307
            ],
            [
              77.2392901,
              28.6210425
            ],
            [
              77.2393652,
              28.6214639
            ],
            [
              77.2394298,
              28.6218317
            ],
            [
              77.2392313,
              28.6218741
            ],
            [
              77.2390436,
              28.6219353
            ],
            [
              77.2386305,
              28.6212195
            ]
          ]
        ]
      },
      "id": "way/712992082"
    },
    {
      "type": "Feature",
      "properties": {
        "@id": "way/712992083",
        "leisure": "garden"
      },
      "geometry": {
        "type": "Polygon",
        "coordinates": [
          [
            [
              77.2382821,
              28.6207029
            ],
            [
              77.2392259,
              28.6204253
            ],
            [
              77.2392669,
              28.6209224
            ],
            [
              77.238906,
              28.620996
            ],
            [
              77.2385508,
              28.6211236
            ],
            [
              77.2382821,
              28.6207029
            ]
          ]
        ]
      },
      "id": "way/712992083"
    },
    {
      "type": "Feature",
      "properties": {
        "@id": "way/712992084",
        "leisure": "park"
      },
      "geometry": {
        "type": "Polygon",
        "coordinates": [
          [
            [
              77.2335156,
              28.6268183
            ],
            [
              77.2337516,
              28.626677
            ],
            [
              77.2337891,
              28.6265687
            ],
            [
              77.2344275,
              28.6265452
            ],
            [
              77.2344275,
              28.6268748
            ],
            [
              77.2344329,
              28.6270867
            ],
            [
              77.2343256,
              28.6272279
            ],
            [
              77.2341968,
              28.6273127
            ],
            [
              77.2335156,
              28.6268183
            ]
          ]
        ]
      },
      "id": "way/712992084"
    },
    {
      "type": "Feature",
      "properties": {
        "@id": "way/714662755",
        "natural": "water"
      },
      "geometry": {
        "type": "Polygon",
        "coordinates": [
          [
            [
              77.2309824,
              28.6130985
            ],
            [
              77.2309511,
              28.6126051
            ],
            [
              77.2312439,
              28.6125875
            ],
            [
              77.2312665,
              28.6130858
            ],
            [
              77.2309824,
              28.6130985
            ]
          ]
        ]
      },
      "id": "way/714662755"
    },
    {
      "type": "Feature",
      "properties": {
        "@id": "way/714986195",
        "leisure": "park"
      },
      "geometry": {
        "type": "Polygon",
        "coordinates": [
          [
            [
              77.2154574,
              28.6528036
            ],
            [
              77.2154549,
              28.6527603
            ],
            [
              77.2155783,
              28.6527603
            ],
            [
              77.2157392,
              28.6527414
            ],
            [
              77.2159109,
              28.653038
            ],
            [
              77.2161898,
              28.6530662
            ],
            [
              77.2161576,
              28.6535699
            ],
            [
              77.2153905,
              28.6535464
            ],
            [
              77.2154334,
              28.6531039
            ],
            [
              77.2154574,
              28.6528036
            ]
          ]
        ]
      },
      "id": "way/714986195"
    },
    {
      "type": "Feature",
      "properties": {
        "@id": "way/717850876",
        "leisure": "park"
      },
      "geometry": {
        "type": "Polygon",
        "coordinates": [
          [
            [
              77.1877311,
              28.6469665
            ],
            [
              77.187559,
              28.6470549
            ],
            [
              77.1873632,
              28.6467574
            ],
            [
              77.1875272,
              28.6466727
            ],
            [
              77.1877311,
              28.6469665
            ]
          ]
        ]
      },
      "id": "way/717850876"
    },
    {
      "type": "Feature",
      "properties": {
        "@id": "way/743195666",
        "leisure": "park"
      },
      "geometry": {
        "type": "Polygon",
        "coordinates": [
          [
            [
              77.2191645,
              28.6363368
            ],
            [
              77.2191487,
              28.6358856
            ],
            [
              77.2198011,
              28.635955
            ],
            [
              77.2197893,
              28.6363854
            ],
            [
              77.2191645,
              28.6363368
            ]
          ]
        ]
      },
      "id": "way/743195666"
    },
    {
      "type": "Feature",
      "properties": {
        "@id": "way/815396498",
        "leisure": "park"
      },
      "geometry": {
        "type": "Polygon",
        "coordinates": [
          [
            [
              77.2307691,
              28.6000061
            ],
            [
              77.2307798,
              28.5997282
            ],
            [
              77.2309703,
              28.5996481
            ],
            [
              77.2313806,
              28.5996575
            ],
            [
              77.2313377,
              28.599893
            ],
            [
              77.2310373,
              28.6000485
            ],
            [
              77.2307637,
              28.6000555
            ],
            [
              77.2307691,
              28.6000061
            ]
          ]
        ]
      },
      "id": "way/815396498"
    },
    {
      "type": "Feature",
      "properties": {
        "@id": "way/815396500",
        "leisure": "park"
      },
      "geometry": {
        "type": "Polygon",
        "coordinates": [
          [
            [
              77.2292885,
              28.6007879
            ],
            [
              77.2295997,
              28.6003946
            ],
            [
              77.2300074,
              28.6006254
            ],
            [
              77.2296989,
              28.6010352
            ],
            [
              77.2292885,
              28.6007879
            ]
          ]
        ]
      },
      "id": "way/815396500"
    },
    {
      "type": "Feature",
      "properties": {
        "@id": "way/851773077",
        "addr:street": "Sh B D Kohli Marg",
        "leisure": "park",
        "name": "Kohli Vatika"
      },
      "geometry": {
        "type": "Polygon",
        "coordinates": [
          [
            [
              77.1904021,
              28.6586634
            ],
            [
              77.1901419,
              28.6583138
            ],
            [
              77.1903899,
              28.65818
            ],
            [
              77.1906501,
              28.6585296
            ],
            [
              77.1904021,
              28.6586634
            ]
          ]
        ]
      },
      "id": "way/851773077"
    },
    {
      "type": "Feature",
      "properties": {
        "@id": "way/1024422181",
        "landuse": "grass",
        "layer": "0"
      },
      "geometry": {
        "type": "Polygon",
        "coordinates": [
          [
            [
              77.2326639,
              28.6128694
            ],
            [
              77.2326586,
              28.6128556
            ],
            [
              77.232654,
              28.6128417
            ],
            [
              77.2326501,
              28.6128276
            ],
            [
              77.2326468,
              28.6128134
            ],
            [
              77.2326441,
              28.6127991
            ],
            [
              77.2326422,
              28.6127846
            ],
            [
              77.2326409,
              28.6127702
            ],
            [
              77.2326402,
              28.6127557
            ],
            [
              77.2326403,
              28.6127412
            ],
            [
              77.232641,
              28.6127267
            ],
            [
              77.2326424,
              28.6127122
            ],
            [
              77.2326445,
              28.6126978
            ],
            [
              77.2326472,
              28.6126835
            ],
            [
              77.2326506,
              28.6126693
            ],
            [
              77.2326546,
              28.6126552
            ],
            [
              77.2326593,
              28.6126413
            ],
            [
              77.2326647,
              28.6126275
            ],
            [
              77.2326706,
              28.612614
            ],
            [
              77.2326772,
              28.6126007
            ],
            [
              77.2326844,
              28.6125876
            ],
            [
              77.2326923,
              28.6125748
            ],
            [
              77.2327007,
              28.6125623
            ],
            [
              77.2327096,
              28.6125502
            ],
            [
              77.2327192,
              28.6125383
            ],
            [
              77.2327292,
              28.6125268
            ],
            [
              77.2327398,
              28.6125156
            ],
            [
              77.2327509,
              28.6125049
            ],
            [
              77.2327625,
              28.6124945
            ],
            [
              77.2327746,
              28.6124846
            ],
            [
              77.2327871,
              28.6124751
            ],
            [
              77.2328432,
              28.6124409
            ],
            [
              77.2329051,
              28.6124154
            ],
            [
              77.232971,
              28.6123994
            ],
            [
              77.233039,
              28.6123934
            ],
            [
              77.2331072,
              28.6123974
            ],
            [
              77.2331736,
              28.6124114
            ],
            [
              77.2332364,
              28.6124351
            ],
            [
              77.2332938,
              28.6124676
            ],
            [
              77.2333442,
              28.6125082
            ],
            [
              77.2333861,
              28.6125556
            ],
            [
              77.2334184,
              28.6126085
            ],
            [
              77.23344,
              28.6126654
            ],
            [
              77.2334505,
              28.6127247
            ],
            [
              77.2334495,
              28.6127847
            ],
            [
              77.233437,
              28.6128436
            ],
            [
              77.2334135,
              28.6129
            ],
            [
              77.2333795,
              28.612952
            ],
            [
              77.233336,
              28.6129983
            ],
            [
              77.2332843,
              28.6130375
            ],
            [
              77.2332258,
              28.6130686
            ],
            [
              77.2331622,
              28.6130906
            ],
            [
              77.2330953,
              28.6131029
            ],
            [
              77.233027,
              28.6131052
            ],
            [
              77.2329593,
              28.6130973
            ],
            [
              77.2328939,
              28.6130796
            ],
            [
              77.232833,
              28.6130526
            ],
            [
              77.232778,
              28.6130169
            ],
            [
              77.2327307,
              28.6129736
            ],
            [
              77.2326923,
              28.612924
            ],
            [
              77.2326639,
              28.6128694
            ]
          ]
        ]
      },
      "id": "way/1024422181"
    },
    {
      "type": "Feature",
      "properties": {
        "@id": "way/1024422182",
        "landuse": "grass"
      },
      "geometry": {
        "type": "Polygon",
        "coordinates": [
          [
            [
              77.2331624,
              28.612556
            ],
            [
              77.2331751,
              28.6125423
            ],
            [
              77.2331988,
              28.6125551
            ],
            [
              77.233223,
              28.6125674
            ],
            [
              77.2332085,
              28.6125833
            ],
            [
              77.2331863,
              28.6125684
            ],
            [
              77.2331624,
              28.612556
            ]
          ]
        ]
      },
      "id": "way/1024422182"
    },
    {
      "type": "Feature",
      "properties": {
        "@id": "way/1024422183",
        "landuse": "grass"
      },
      "geometry": {
        "type": "Polygon",
        "coordinates": [
          [
            [
              77.2332214,
              28.6125912
            ],
            [
              77.2332351,
              28.6125761
            ],
            [
              77.2332485,
              28.6125874
            ],
            [
              77.2332675,
              28.6126072
            ],
            [
              77.2332878,
              28.6126328
            ],
            [
              77.2333041,
              28.6126573
            ],
            [
              77.2333151,
              28.612685
            ],
            [
              77.2333227,
              28.6127107
            ],
            [
              77.233324,
              28.6127371
            ],
            [
              77.2332985,
              28.6127364
            ],
            [
              77.2332956,
              28.6127032
            ],
            [
              77.2332898,
              28.6126765
            ],
            [
              77.2332713,
              28.6126457
            ],
            [
              77.2332473,
              28.6126145
            ],
            [
              77.2332214,
              28.6125912
            ]
          ]
        ]
      },
      "id": "way/1024422183"
    },
    {
      "type": "Feature",
      "properties": {
        "@id": "way/1024422184",
        "landuse": "grass"
      },
      "geometry": {
        "type": "Polygon",
        "coordinates": [
          [
            [
              77.2333053,
              28.6127537
            ],
            [
              77.2333277,
              28.6127525
            ],
            [
              77.233326,
              28.612773
            ],
            [
              77.2333226,
              28.6128046
            ],
            [
              77.2333158,
              28.6128272
            ],
            [
              77.233306,
              28.6128507
            ],
            [
              77.2332941,
              28.6128762
            ],
            [
              77.2332772,
              28.6128983
            ],
            [
              77.2332617,
              28.6129191
            ],
            [
              77.2332465,
              28.6129094
            ],
            [
              77.2332643,
              28.6128846
            ],
            [
              77.2332789,
              28.6128629
            ],
            [
              77.2332924,
              28.6128358
            ],
            [
              77.2332999,
              28.6128105
            ],
            [
              77.2333056,
              28.6127784
            ],
            [
              77.2333053,
              28.6127537
            ]
          ]
        ]
      },
      "id": "way/1024422184"
    },
    {
      "type": "Feature",
      "properties": {
        "@id": "way/1024422185",
        "landuse": "grass"
      },
      "geometry": {
        "type": "Polygon",
        "coordinates": [
          [
            [
              77.2332029,
              28.6129698
            ],
            [
              77.2331877,
              28.6129569
            ],
            [
              77.2332146,
              28.6129359
            ],
            [
              77.2332305,
              28.6129217
            ],
            [
              77.233249,
              28.6129333
            ],
            [
              77.2332247,
              28.6129542
            ],
            [
              77.2332029,
              28.6129698
            ]
          ]
        ]
      },
      "id": "way/1024422185"
    },
    {
      "type": "Feature",
      "properties": {
        "@id": "way/1024423419",
        "landuse": "grass"
      },
      "geometry": {
        "type": "Polygon",
        "coordinates": [
          [
            [
              77.2329692,
              28.6128015
            ],
            [
              77.2329727,
              28.6128085
            ],
            [
              77.2329795,
              28.6128149
            ],
            [
              77.2329902,
              28.6128222
            ],
            [
              77.2330048,
              28.6128267
            ],
            [
              77.2330197,
              28.6128299
            ],
            [
              77.2330371,
              28.6128307
            ],
            [
              77.2330372,
              28.6128414
            ],
            [
              77.2330267,
              28.6128417
            ],
            [
              77.2330149,
              28.612841
            ],
            [
              77.2330024,
              28.6128375
            ],
            [
              77.2329894,
              28.6128335
            ],
            [
              77.2329755,
              28.6128259
            ],
            [
              77.232969,
              28.6128206
            ],
            [
              77.2329619,
              28.6128145
            ],
            [
              77.2329565,
              28.6128061
            ],
            [
              77.2329554,
              28.612801
            ],
            [
              77.2329692,
              28.6128015
            ]
          ]
        ]
      },
      "id": "way/1024423419"
    },
    {
      "type": "Feature",
      "properties": {
        "@id": "way/1024423420",
        "landuse": "grass"
      },
      "geometry": {
        "type": "Polygon",
        "coordinates": [
          [
            [
              77.2330493,
              28.6128411
            ],
            [
              77.2330491,
              28.612831
            ],
            [
              77.2330582,
              28.6128303
            ],
            [
              77.233071,
              28.6128267
            ],
            [
              77.233081,
              28.6128217
            ],
            [
              77.2330939,
              28.6128111
            ],
            [
              77.2331031,
              28.6128191
            ],
            [
              77.2330923,
              28.612828
            ],
            [
              77.2330789,
              28.6128356
            ],
            [
              77.233064,
              28.6128401
            ],
            [
              77.2330493,
              28.6128411
            ]
          ]
        ]
      },
      "id": "way/1024423420"
    },
    {
      "type": "Feature",
      "properties": {
        "@id": "way/1024423421",
        "landuse": "grass"
      },
      "geometry": {
        "type": "Polygon",
        "coordinates": [
          [
            [
              77.2331106,
              28.6128095
            ],
            [
              77.2331001,
              28.6128023
            ],
            [
              77.2331083,
              28.6127939
            ],
            [
              77.2331124,
              28.6127857
            ],
            [
              77.2331159,
              28.612775
            ],
            [
              77.2331162,
              28.6127625
            ],
            [
              77.2331306,
              28.6127625
            ],
            [
              77.2331304,
              28.6127704
            ],
            [
              77.2331282,
              28.6127827
            ],
            [
              77.2331237,
              28.6127942
            ],
            [
              77.2331179,
              28.6128021
            ],
            [
              77.2331106,
              28.6128095
            ]
          ]
        ]
      },
      "id": "way/1024423421"
    },
    {
      "type": "Feature",
      "properties": {
        "@id": "way/1024423422",
        "landuse": "grass"
      },
      "geometry": {
        "type": "Polygon",
        "coordinates": [
          [
            [
              77.233116,
              28.612751
            ],
            [
              77.2331161,
              28.6127376
            ],
            [
              77.2331134,
              28.6127275
            ],
            [
              77.2331063,
              28.6127184
            ],
            [
              77.2330974,
              28.6127101
            ],
            [
              77.2331088,
              28.612701
            ],
            [
              77.2331171,
              28.6127102
            ],
            [
              77.2331231,
              28.6127163
            ],
            [
              77.2331269,
              28.6127234
            ],
            [
              77.2331303,
              28.6127317
            ],
            [
              77.2331318,
              28.6127404
            ],
            [
              77.2331309,
              28.612751
            ],
            [
              77.233116,
              28.612751
            ]
          ]
        ]
      },
      "id": "way/1024423422"
    },
    {
      "type": "Feature",
      "properties": {
        "@id": "way/1024423423",
        "landuse": "grass"
      },
      "geometry": {
        "type": "Polygon",
        "coordinates": [
          [
            [
              77.2330867,
              28.6127013
            ],
            [
              77.2330741,
              28.6126952
            ],
            [
              77.2330575,
              28.612691
            ],
            [
              77.2330378,
              28.6126898
            ],
            [
              77.2330378,
              28.6126774
            ],
            [
              77.2330601,
              28.6126789
            ],
            [
              77.2330779,
              28.6126827
            ],
            [
              77.2330882,
              28.6126863
            ],
            [
              77.2330967,
              28.6126916
            ],
            [
              77.2330867,
              28.6127013
            ]
          ]
        ]
      },
      "id": "way/1024423423"
    },
    {
      "type": "Feature",
      "properties": {
        "@id": "way/1024423424",
        "landuse": "grass"
      },
      "geometry": {
        "type": "Polygon",
        "coordinates": [
          [
            [
              77.2329705,
              28.6127279
            ],
            [
              77.2329534,
              28.6127276
            ],
            [
              77.2329599,
              28.6127155
            ],
            [
              77.2329718,
              28.6127006
            ],
            [
              77.2329866,
              28.6126892
            ],
            [
              77.2330036,
              28.6126821
            ],
            [
              77.2330244,
              28.6126784
            ],
            [
              77.233025,
              28.6126905
            ],
            [
              77.2330131,
              28.6126925
            ],
            [
              77.233,
              28.6126976
            ],
            [
              77.2329859,
              28.6127064
            ],
            [
              77.2329767,
              28.6127187
            ],
            [
              77.2329705,
              28.6127279
            ]
          ]
        ]
      },
      "id": "way/1024423424"
    },
    {
      "type": "Feature",
      "properties": {
        "@id": "way/1024439082",
        "natural": "water"
      },
      "geometry": {
        "type": "Polygon",
        "coordinates": [
          [
            [
              77.2320733,
              28.6128733
            ],
            [
              77.2320728,
              28.6128594
            ],
            [
              77.2321625,
              28.6128561
            ],
            [
              77.2321625,
              28.6128707
            ],
            [
              77.2320733,
              28.6128733
            ]
          ]
        ]
      },
      "id": "way/1024439082"
    },
    {
      "type": "Feature",
      "properties": {
        "@id": "way/1024439083",
        "natural": "water"
      },
      "geometry": {
        "type": "Polygon",
        "coordinates": [
          [
            [
              77.2320628,
              28.612736
            ],
            [
              77.232062,
              28.612722
            ],
            [
              77.2321567,
              28.6127191
            ],
            [
              77.2321571,
              28.6127345
            ],
            [
              77.2320628,
              28.612736
            ]
          ]
        ]
      },
      "id": "way/1024439083"
    },
    {
      "type": "Feature",
      "properties": {
        "@id": "way/1024439084",
        "natural": "water"
      },
      "geometry": {
        "type": "Polygon",
        "coordinates": [
          [
            [
              77.2335968,
              28.6128507
            ],
            [
              77.2336054,
              28.6128015
            ],
            [
              77.2336287,
              28.6128015
            ],
            [
              77.2336201,
              28.6128534
            ],
            [
              77.2335968,
              28.6128507
            ]
          ]
        ]
      },
      "id": "way/1024439084"
    },
    {
      "type": "Feature",
      "properties": {
        "@id": "way/1024439085",
        "natural": "water"
      },
      "geometry": {
        "type": "Polygon",
        "coordinates": [
          [
            [
              77.2335991,
              28.6126382
            ],
            [
              77.2335766,
              28.6125924
            ],
            [
              77.2335991,
              28.6125856
            ],
            [
              77.2336225,
              28.6126327
            ],
            [
              77.2335991,
              28.6126382
            ]
          ]
        ]
      },
      "id": "way/1024439085"
    },
    {
      "type": "Feature",
      "properties": {
        "@id": "way/1024448926",
        "landuse": "grass"
      },
      "geometry": {
        "type": "Polygon",
        "coordinates": [
          [
            [
              77.1934148,
              28.6033039
            ],
            [
              77.1935844,
              28.6032383
            ],
            [
              77.1936272,
              28.60331
            ],
            [
              77.193565,
              28.6033285
            ],
            [
              77.1935759,
              28.6033496
            ],
            [
              77.1935307,
              28.6033476
            ],
            [
              77.1934903,
              28.6033401
            ],
            [
              77.1934506,
              28.6033278
            ],
            [
              77.1934148,
              28.6033039
            ]
          ]
        ]
      },
      "id": "way/1024448926"
    },
    {
      "type": "Feature",
      "properties": {
        "@id": "way/1024448927",
        "landuse": "grass"
      },
      "geometry": {
        "type": "Polygon",
        "coordinates": [
          [
            [
              77.1937093,
              28.603192
            ],
            [
              77.1938665,
              28.6031363
            ],
            [
              77.1938632,
              28.6031707
            ],
            [
              77.193854,
              28.6031993
            ],
            [
              77.1938352,
              28.60323
            ],
            [
              77.1938169,
              28.603256
            ],
            [
              77.1938006,
              28.603267
            ],
            [
              77.1937935,
              28.6032484
            ],
            [
              77.1937485,
              28.6032645
            ],
            [
              77.1937093,
              28.603192
            ]
          ]
        ]
      },
      "id": "way/1024448927"
    },
    {
      "type": "Feature",
      "properties": {
        "@id": "way/1026898819",
        "landuse": "grass"
      },
      "geometry": {
        "type": "Polygon",
        "coordinates": [
          [
            [
              77.231028,
              28.6117008
            ],
            [
              77.2308992,
              28.6117042
            ],
            [
              77.2309052,
              28.6118366
            ],
            [
              77.2308761,
              28.6118376
            ],
            [
              77.2308684,
              28.6116849
            ],
            [
              77.231028,
              28.611681
            ],
            [
              77.231028,
              28.6117008
            ]
          ]
        ]
      },
      "id": "way/1026898819"
    },
    {
      "type": "Feature",
      "properties": {
        "@id": "way/1026898820",
        "landuse": "grass"
      },
      "geometry": {
        "type": "Polygon",
        "coordinates": [
          [
            [
              77.2310425,
              28.6119928
            ],
            [
              77.2310438,
              28.6120125
            ],
            [
              77.2308842,
              28.6120164
            ],
            [
              77.2308801,
              28.6118757
            ],
            [
              77.2309087,
              28.6118747
            ],
            [
              77.2309137,
              28.6119956
            ],
            [
              77.2310425,
              28.6119928
            ]
          ]
        ]
      },
      "id": "way/1026898820"
    },
    {
      "type": "Feature",
      "properties": {
        "@id": "way/1026898821",
        "landuse": "grass"
      },
      "geometry": {
        "type": "Polygon",
        "coordinates": [
          [
            [
              77.2311101,
              28.6119855
            ],
            [
              77.2312389,
              28.6119821
            ],
            [
              77.2312336,
              28.6118612
            ],
            [
              77.2312611,
              28.6118607
            ],
            [
              77.2312697,
              28.6120014
            ],
            [
              77.2311101,
              28.6120053
            ],
            [
              77.2311101,
              28.6119855
            ]
          ]
        ]
      },
      "id": "way/1026898821"
    },
    {
      "type": "Feature",
      "properties": {
        "@id": "way/1026898822",
        "landuse": "grass"
      },
      "geometry": {
        "type": "Polygon",
        "coordinates": [
          [
            [
              77.2310903,
              28.6116926
            ],
            [
              77.2310891,
              28.6116728
            ],
            [
              77.2312509,
              28.6116689
            ],
            [
              77.2312588,
              28.6118227
            ],
            [
              77.2312318,
              28.6118232
            ],
            [
              77.2312263,
              28.6116897
            ],
            [
              77.2310903,
              28.6116926
            ]
          ]
        ]
      },
      "id": "way/1026898822"
    },
    {
      "type": "Feature",
      "properties": {
        "@id": "way/1034066933",
        "landuse": "grass",
        "leisure": "park"
      },
      "geometry": {
        "type": "Polygon",
        "coordinates": [
          [
            [
              77.2279084,
              28.6130944
            ],
            [
              77.228886,
              28.6130397
            ],
            [
              77.2289638,
              28.6130671
            ],
            [
              77.2290214,
              28.6131381
            ],
            [
              77.2290962,
              28.6131778
            ],
            [
              77.2292129,
              28.613201
            ],
            [
              77.2293592,
              28.6132201
            ],
            [
              77.229504,
              28.6132283
            ],
            [
              77.229627,
              28.613216
            ],
            [
              77.2297468,
              28.6131914
            ],
            [
              77.2298916,
              28.6131545
            ],
            [
              77.2299928,
              28.6131067
            ],
            [
              77.2300566,
              28.6130315
            ],
            [
              77.230108,
              28.6129919
            ],
            [
              77.2302185,
              28.612981
            ],
            [
              77.2303399,
              28.6129782
            ],
            [
              77.2304131,
              28.6129933
            ],
            [
              77.2304738,
              28.6130452
            ],
            [
              77.2305112,
              28.6131067
            ],
            [
              77.2305563,
              28.6131778
            ],
            [
              77.2306014,
              28.6132324
            ],
            [
              77.2305625,
              28.6132652
            ],
            [
              77.2306201,
              28.6133472
            ],
            [
              77.2306108,
              28.6134019
            ],
            [
              77.2305485,
              28.6134948
            ],
            [
              77.2302434,
              28.6140305
            ],
            [
              77.2295849,
              28.615203
            ],
            [
              77.2295024,
              28.6152358
            ],
            [
              77.2293063,
              28.6152604
            ],
            [
              77.2291537,
              28.6152016
            ],
            [
              77.2283038,
              28.6147725
            ],
            [
              77.228198,
              28.6146898
            ],
            [
              77.2281139,
              28.6146031
            ],
            [
              77.2280571,
              28.6145358
            ],
            [
              77.2280298,
              28.6144432
            ],
            [
              77.2280087,
              28.6143098
            ],
            [
              77.2279863,
              28.6141056
            ],
            [
              77.2279668,
              28.6139533
            ],
            [
              77.2279551,
              28.6137879
            ],
            [
              77.2279286,
              28.6136239
            ],
            [
              77.2279139,
              28.6134352
            ],
            [
              77.2278788,
              28.6131942
            ],
            [
              77.2278821,
              28.613134
            ],
            [
              77.2278915,
              28.6131127
            ],
            [
              77.2279084,
              28.6130944
            ]
          ]
        ]
      },
      "id": "way/1034066933"
    },
    {
      "type": "Feature",
      "properties": {
        "@id": "way/1034067275",
        "landuse": "grass",
        "leisure": "park"
      },
      "geometry": {
        "type": "Polygon",
        "coordinates": [
          [
            [
              77.2319468,
              28.6127384
            ],
            [
              77.2318764,
              28.6127401
            ],
            [
              77.2318563,
              28.6127364
            ],
            [
              77.2318354,
              28.6127217
            ],
            [
              77.2318121,
              28.6126946
            ],
            [
              77.231797,
              28.6126558
            ],
            [
              77.231762,
              28.6125628
            ],
            [
              77.2317211,
              28.6124837
            ],
            [
              77.2316494,
              28.612379
            ],
            [
              77.2315877,
              28.6123212
            ],
            [
              77.231586,
              28.6122618
            ],
            [
              77.2319381,
              28.6116898
            ],
            [
              77.232245,
              28.6111692
            ],
            [
              77.2323526,
              28.6111626
            ],
            [
              77.2326863,
              28.6111436
            ],
            [
              77.2326957,
              28.6113257
            ],
            [
              77.2328466,
              28.6113204
            ],
            [
              77.2328569,
              28.6115212
            ],
            [
              77.232941,
              28.6115193
            ],
            [
              77.2329449,
              28.6116872
            ],
            [
              77.2329591,
              28.6119501
            ],
            [
              77.2328292,
              28.611969
            ],
            [
              77.2326718,
              28.6120214
            ],
            [
              77.2325872,
              28.6120626
            ],
            [
              77.2325009,
              28.6121153
            ],
            [
              77.2324237,
              28.6121757
            ],
            [
              77.2323574,
              28.6122389
            ],
            [
              77.2322562,
              28.6123715
            ],
            [
              77.2321968,
              28.6124854
            ],
            [
              77.232169,
              28.6125854
            ],
            [
              77.2321614,
              28.6126588
            ],
            [
              77.2319468,
              28.6126643
            ],
            [
              77.2319468,
              28.6127384
            ]
          ]
        ]
      },
      "id": "way/1034067275"
    },
    {
      "type": "Feature",
      "properties": {
        "@id": "way/1034067339",
        "leisure": "park"
      },
      "geometry": {
        "type": "Polygon",
        "coordinates": [
          [
            [
              77.2323993,
              28.6108785
            ],
            [
              77.2326437,
              28.6104631
            ],
            [
              77.2327216,
              28.6104139
            ],
            [
              77.2328461,
              28.6104016
            ],
            [
              77.2337505,
              28.6108157
            ],
            [
              77.2323993,
              28.6108785
            ]
          ]
        ]
      },
      "id": "way/1034067339"
    },
    {
      "type": "Feature",
      "properties": {
        "@id": "way/1034067799",
        "landuse": "grass",
        "leisure": "park"
      },
      "geometry": {
        "type": "Polygon",
        "coordinates": [
          [
            [
              77.2342812,
              28.6126164
            ],
            [
              77.2342027,
              28.6126174
            ],
            [
              77.2341912,
              28.6126099
            ],
            [
              77.2341898,
              28.6125677
            ],
            [
              77.2339535,
              28.6125773
            ],
            [
              77.2339435,
              28.6125138
            ],
            [
              77.233914,
              28.6124489
            ],
            [
              77.233865,
              28.6123657
            ],
            [
              77.233813,
              28.6122935
            ],
            [
              77.2337492,
              28.6122249
            ],
            [
              77.2336529,
              28.6121394
            ],
            [
              77.2335709,
              28.6120858
            ],
            [
              77.2334949,
              28.6120481
            ],
            [
              77.2334041,
              28.6120104
            ],
            [
              77.2333265,
              28.6119877
            ],
            [
              77.2332253,
              28.6119616
            ],
            [
              77.2331311,
              28.61195
            ],
            [
              77.2330459,
              28.6119517
            ],
            [
              77.2330375,
              28.6117843
            ],
            [
              77.2330227,
              28.6115151
            ],
            [
              77.2331034,
              28.611514
            ],
            [
              77.2331006,
              28.6113037
            ],
            [
              77.2332522,
              28.6113024
            ],
            [
              77.2332446,
              28.6111237
            ],
            [
              77.2341942,
              28.6110848
            ],
            [
              77.2342726,
              28.6112946
            ],
            [
              77.2343017,
              28.6117086
            ],
            [
              77.234335,
              28.612267
            ],
            [
              77.2343118,
              28.6125223
            ],
            [
              77.2343067,
              28.6125789
            ],
            [
              77.2342962,
              28.612601
            ],
            [
              77.2342812,
              28.6126164
            ]
          ]
        ]
      },
      "id": "way/1034067799"
    },
    {
      "type": "Feature",
      "properties": {
        "@id": "way/1034068002",
        "landuse": "grass",
        "leisure": "park"
      },
      "geometry": {
        "type": "Polygon",
        "coordinates": [
          [
            [
              77.2319558,
              28.6128628
            ],
            [
              77.2319569,
              28.6129338
            ],
            [
              77.2320841,
              28.6129295
            ],
            [
              77.2321809,
              28.6129247
            ],
            [
              77.2321958,
              28.6129783
            ],
            [
              77.2322167,
              28.6130348
            ],
            [
              77.2322387,
              28.6130942
            ],
            [
              77.2322872,
              28.6131773
            ],
            [
              77.2323394,
              28.6132358
            ],
            [
              77.2324055,
              28.6133063
            ],
            [
              77.2324655,
              28.6133566
            ],
            [
              77.2325508,
              28.6134117
            ],
            [
              77.2326262,
              28.6134513
            ],
            [
              77.2327192,
              28.6134861
            ],
            [
              77.2328023,
              28.6135155
            ],
            [
              77.2328953,
              28.6135378
            ],
            [
              77.2329724,
              28.6135436
            ],
            [
              77.2330632,
              28.6135436
            ],
            [
              77.2330745,
              28.6137623
            ],
            [
              77.2330891,
              28.6139712
            ],
            [
              77.2330093,
              28.613972
            ],
            [
              77.2330172,
              28.6141841
            ],
            [
              77.2328715,
              28.614186
            ],
            [
              77.2328787,
              28.6143705
            ],
            [
              77.2324662,
              28.6143842
            ],
            [
              77.2320366,
              28.6137583
            ],
            [
              77.2317112,
              28.6133402
            ],
            [
              77.2316894,
              28.6132941
            ],
            [
              77.2316956,
              28.6132553
            ],
            [
              77.2317253,
              28.6132057
            ],
            [
              77.2317808,
              28.6130876
            ],
            [
              77.2318075,
              28.6129929
            ],
            [
              77.2318239,
              28.6129217
            ],
            [
              77.2318299,
              28.6129005
            ],
            [
              77.2318532,
              28.6128817
            ],
            [
              77.2318815,
              28.6128635
            ],
            [
              77.2319558,
              28.6128628
            ]
          ]
        ]
      },
      "id": "way/1034068002"
    },
    {
      "type": "Feature",
      "properties": {
        "@id": "way/1034069165",
        "landuse": "grass",
        "leisure": "park"
      },
      "geometry": {
        "type": "Polygon",
        "coordinates": [
          [
            [
              77.2341991,
              28.6127927
            ],
            [
              77.2341991,
              28.6127449
            ],
            [
              77.2342855,
              28.6127436
            ],
            [
              77.2343069,
              28.6127659
            ],
            [
              77.2343301,
              28.6128035
            ],
            [
              77.2343509,
              28.6128472
            ],
            [
              77.2343643,
              28.6128983
            ],
            [
              77.2344264,
              28.6141101
            ],
            [
              77.2343897,
              28.6141995
            ],
            [
              77.2343279,
              28.6142683
            ],
            [
              77.2342595,
              28.6143203
            ],
            [
              77.2334447,
              28.614346
            ],
            [
              77.2334307,
              28.6141663
            ],
            [
              77.2332812,
              28.6141682
            ],
            [
              77.2332642,
              28.6139616
            ],
            [
              77.2331723,
              28.6139643
            ],
            [
              77.2331564,
              28.6135428
            ],
            [
              77.2332011,
              28.6135392
            ],
            [
              77.2332733,
              28.6135268
            ],
            [
              77.2333786,
              28.6134953
            ],
            [
              77.2334672,
              28.6134589
            ],
            [
              77.2335409,
              28.6134203
            ],
            [
              77.2336103,
              28.6133811
            ],
            [
              77.2336905,
              28.6133155
            ],
            [
              77.2337591,
              28.6132501
            ],
            [
              77.2338187,
              28.6131784
            ],
            [
              77.2338739,
              28.6130974
            ],
            [
              77.2339135,
              28.6130181
            ],
            [
              77.2339403,
              28.6129476
            ],
            [
              77.2339581,
              28.6128501
            ],
            [
              77.2339712,
              28.6128208
            ],
            [
              77.2339995,
              28.6128004
            ],
            [
              77.2340409,
              28.6127943
            ],
            [
              77.2341991,
              28.6127927
            ]
          ]
        ]
      },
      "id": "way/1034069165"
    },
    {
      "type": "Feature",
      "properties": {
        "@id": "way/1034069270",
        "landuse": "grass",
        "leisure": "park"
      },
      "geometry": {
        "type": "Polygon",
        "coordinates": [
          [
            [
              77.2329387,
              28.6150073
            ],
            [
              77.2326915,
              28.6146792
            ],
            [
              77.2338395,
              28.6146355
            ],
            [
              77.233437,
              28.6148929
            ],
            [
              77.2331591,
              28.6150712
            ],
            [
              77.2330939,
              28.6150931
            ],
            [
              77.2329962,
              28.6150696
            ],
            [
              77.2329387,
              28.6150073
            ]
          ]
        ]
      },
      "id": "way/1034069270"
    },
    {
      "type": "Feature",
      "properties": {
        "@id": "way/1034069905",
        "landuse": "grass",
        "leisure": "park"
      },
      "geometry": {
        "type": "Polygon",
        "coordinates": [
          [
            [
              77.230885,
              28.6135384
            ],
            [
              77.2309094,
              28.613498
            ],
            [
              77.2309473,
              28.6134754
            ],
            [
              77.2310036,
              28.6134677
            ],
            [
              77.231234,
              28.6134569
            ],
            [
              77.2312875,
              28.6134462
            ],
            [
              77.2313417,
              28.6134629
            ],
            [
              77.2315063,
              28.613702
            ],
            [
              77.2327296,
              28.6152878
            ],
            [
              77.2327441,
              28.6153389
            ],
            [
              77.2327094,
              28.6153859
            ],
            [
              77.2314807,
              28.6160531
            ],
            [
              77.2313656,
              28.6160773
            ],
            [
              77.2312471,
              28.6160729
            ],
            [
              77.2311529,
              28.6160538
            ],
            [
              77.2299501,
              28.6155644
            ],
            [
              77.2299027,
              28.6155208
            ],
            [
              77.2298741,
              28.6154608
            ],
            [
              77.2298653,
              28.6153494
            ],
            [
              77.2299068,
              28.6152323
            ],
            [
              77.2300793,
              28.6149735
            ],
            [
              77.2303432,
              28.6144875
            ],
            [
              77.230885,
              28.6135384
            ]
          ]
        ]
      },
      "id": "way/1034069905"
    },
    {
      "type": "Feature",
      "properties": {
        "@id": "way/1034507223",
        "landuse": "grass"
      },
      "geometry": {
        "type": "Polygon",
        "coordinates": [
          [
            [
              77.2322508,
              28.612983
            ],
            [
              77.2323355,
              28.612961
            ],
            [
              77.2323975,
              28.613085
            ],
            [
              77.2324455,
              28.6131481
            ],
            [
              77.2324988,
              28.6132017
            ],
            [
              77.2325544,
              28.6132511
            ],
            [
              77.2326034,
              28.6132845
            ],
            [
              77.2326521,
              28.6133155
            ],
            [
              77.2327214,
              28.6133451
            ],
            [
              77.2327792,
              28.6133684
            ],
            [
              77.2328144,
              28.6133818
            ],
            [
              77.2328482,
              28.6133916
            ],
            [
              77.2329081,
              28.6134031
            ],
            [
              77.2329498,
              28.6134079
            ],
            [
              77.2330283,
              28.613413
            ],
            [
              77.233066,
              28.6134117
            ],
            [
              77.2330657,
              28.6134869
            ],
            [
              77.2330293,
              28.6134863
            ],
            [
              77.2329865,
              28.6134873
            ],
            [
              77.2329404,
              28.6134822
            ],
            [
              77.2328783,
              28.6134745
            ],
            [
              77.2328173,
              28.6134579
            ],
            [
              77.2327701,
              28.6134468
            ],
            [
              77.2327294,
              28.6134289
            ],
            [
              77.232655,
              28.6133987
            ],
            [
              77.2326067,
              28.6133725
            ],
            [
              77.2325486,
              28.6133416
            ],
            [
              77.2324938,
              28.6133005
            ],
            [
              77.2324444,
              28.6132574
            ],
            [
              77.232399,
              28.6132131
            ],
            [
              77.2323536,
              28.6131634
            ],
            [
              77.2323204,
              28.6131168
            ],
            [
              77.232302,
              28.6130859
            ],
            [
              77.2322792,
              28.6130442
            ],
            [
              77.2322508,
              28.612983
            ]
          ]
        ]
      },
      "id": "way/1034507223"
    },
    {
      "type": "Feature",
      "properties": {
        "@id": "way/1034507508",
        "landuse": "grass"
      },
      "geometry": {
        "type": "Polygon",
        "coordinates": [
          [
            [
              77.2331364,
              28.613484
            ],
            [
              77.2331339,
              28.6134091
            ],
            [
              77.2331756,
              28.6134078
            ],
            [
              77.2332345,
              28.6133957
            ],
            [
              77.2332955,
              28.6133791
            ],
            [
              77.233343,
              28.6133657
            ],
            [
              77.2333891,
              28.6133492
            ],
            [
              77.2334534,
              28.613317
            ],
            [
              77.2335061,
              28.6132867
            ],
            [
              77.2335525,
              28.6132545
            ],
            [
              77.2336059,
              28.6132169
            ],
            [
              77.2336379,
              28.6131796
            ],
            [
              77.2336822,
              28.6131276
            ],
            [
              77.2337123,
              28.6130855
            ],
            [
              77.2337399,
              28.6130339
            ],
            [
              77.2337649,
              28.6129864
            ],
            [
              77.2337831,
              28.6129322
            ],
            [
              77.2337947,
              28.6128755
            ],
            [
              77.2338013,
              28.612836
            ],
            [
              77.2338009,
              28.6128187
            ],
            [
              77.233884,
              28.612821
            ],
            [
              77.2338699,
              28.6128819
            ],
            [
              77.2338539,
              28.6129463
            ],
            [
              77.2338423,
              28.613009
            ],
            [
              77.2338201,
              28.6130569
            ],
            [
              77.2337802,
              28.6131203
            ],
            [
              77.2337479,
              28.6131636
            ],
            [
              77.2337036,
              28.613214
            ],
            [
              77.2336571,
              28.6132612
            ],
            [
              77.2336135,
              28.6133004
            ],
            [
              77.2335456,
              28.6133444
            ],
            [
              77.2334741,
              28.6133849
            ],
            [
              77.2334127,
              28.6134145
            ],
            [
              77.2333488,
              28.6134381
            ],
            [
              77.2332613,
              28.6134655
            ],
            [
              77.2331992,
              28.6134795
            ],
            [
              77.2331364,
              28.613484
            ]
          ]
        ]
      },
      "id": "way/1034507508"
    },
    {
      "type": "Feature",
      "properties": {
        "@id": "way/1034507776",
        "landuse": "grass"
      },
      "geometry": {
        "type": "Polygon",
        "coordinates": [
          [
            [
              77.2322282,
              28.612601
            ],
            [
              77.2322412,
              28.6125455
            ],
            [
              77.2322648,
              28.6124843
            ],
            [
              77.2323019,
              28.6124266
            ],
            [
              77.2323346,
              28.6123689
            ],
            [
              77.2323839,
              28.6123074
            ],
            [
              77.2324348,
              28.6122519
            ],
            [
              77.232498,
              28.6121968
            ],
            [
              77.2325733,
              28.6121503
            ],
            [
              77.2326514,
              28.6121106
            ],
            [
              77.2327365,
              28.6120715
            ],
            [
              77.2328106,
              28.6120511
            ],
            [
              77.2329025,
              28.6120342
            ],
            [
              77.2329714,
              28.6120253
            ],
            [
              77.2329751,
              28.6120862
            ],
            [
              77.232937,
              28.6120881
            ],
            [
              77.232864,
              28.6121043
            ],
            [
              77.2327823,
              28.6121231
            ],
            [
              77.2327213,
              28.6121464
            ],
            [
              77.2326432,
              28.6121866
            ],
            [
              77.2325836,
              28.612222
            ],
            [
              77.2325179,
              28.6122742
            ],
            [
              77.232462,
              28.6123278
            ],
            [
              77.2324152,
              28.6123839
            ],
            [
              77.2323843,
              28.6124323
            ],
            [
              77.2323582,
              28.6124789
            ],
            [
              77.232332,
              28.6125344
            ],
            [
              77.232315,
              28.6125825
            ],
            [
              77.2323095,
              28.6126185
            ],
            [
              77.2322282,
              28.612601
            ]
          ]
        ]
      },
      "id": "way/1034507776"
    },
    {
      "type": "Feature",
      "properties": {
        "@id": "way/1034508110",
        "landuse": "grass"
      },
      "geometry": {
        "type": "Polygon",
        "coordinates": [
          [
            [
              77.2330471,
              28.6120833
            ],
            [
              77.2330467,
              28.6120232
            ],
            [
              77.2331817,
              28.6120315
            ],
            [
              77.233263,
              28.6120405
            ],
            [
              77.2333868,
              28.6120684
            ],
            [
              77.2334847,
              28.6121139
            ],
            [
              77.2335706,
              28.6121653
            ],
            [
              77.233651,
              28.6122269
            ],
            [
              77.2337275,
              28.6123007
            ],
            [
              77.2337726,
              28.6123631
            ],
            [
              77.2338017,
              28.612422
            ],
            [
              77.2338316,
              28.612493
            ],
            [
              77.2338535,
              28.6125519
            ],
            [
              77.233858,
              28.6125836
            ],
            [
              77.2337887,
              28.6125954
            ],
            [
              77.2337789,
              28.6125377
            ],
            [
              77.2337404,
              28.6124585
            ],
            [
              77.2337083,
              28.6124059
            ],
            [
              77.2336577,
              28.612338
            ],
            [
              77.2335849,
              28.6122666
            ],
            [
              77.2335263,
              28.6122289
            ],
            [
              77.2334709,
              28.6121928
            ],
            [
              77.2333998,
              28.6121578
            ],
            [
              77.2333158,
              28.6121249
            ],
            [
              77.2332152,
              28.6120994
            ],
            [
              77.2331271,
              28.6120876
            ],
            [
              77.2330471,
              28.6120833
            ]
          ]
        ]
      },
      "id": "way/1034508110"
    },
    {
      "type": "Feature",
      "properties": {
        "@id": "way/1043343643",
        "leisure": "garden"
      },
      "geometry": {
        "type": "Polygon",
        "coordinates": [
          [
            [
              77.2309852,
              28.6238166
            ],
            [
              77.2309935,
              28.6240281
            ],
            [
              77.2308973,
              28.6240313
            ],
            [
              77.2308838,
              28.6238215
            ],
            [
              77.2309852,
              28.6238166
            ]
          ]
        ]
      },
      "id": "way/1043343643"
    },
    {
      "type": "Feature",
      "properties": {
        "@id": "way/1043343646",
        "leisure": "garden"
      },
      "geometry": {
        "type": "Polygon",
        "coordinates": [
          [
            [
              77.2314975,
              28.6243471
            ],
            [
              77.2311949,
              28.6243738
            ],
            [
              77.2311701,
              28.6243692
            ],
            [
              77.2311477,
              28.6243583
            ],
            [
              77.2311281,
              28.62434
            ],
            [
              77.2309804,
              28.6241197
            ],
            [
              77.2314903,
              28.6240968
            ],
            [
              77.2314975,
              28.6243471
            ]
          ]
        ]
      },
      "id": "way/1043343646"
    },
    {
      "type": "Feature",
      "properties": {
        "@id": "way/1128357368",
        "leisure": "garden"
      },
      "geometry": {
        "type": "Polygon",
        "coordinates": [
          [
            [
              77.2105258,
              28.6172634
            ],
            [
              77.2103504,
              28.6171917
            ],
            [
              77.21034,
              28.6170175
            ],
            [
              77.2105089,
              28.6169181
            ],
            [
              77.2106894,
              28.6169994
            ],
            [
              77.2106989,
              28.6171682
            ],
            [
              77.2105258,
              28.6172634
            ]
          ]
        ]
      },
      "id": "way/1128357368"
    },
    {
      "type": "Feature",
      "properties": {
        "@id": "way/1136104398",
        "leisure": "park"
      },
      "geometry": {
        "type": "Polygon",
        "coordinates": [
          [
            [
              77.1897834,
              28.6458825
            ],
            [
              77.189561,
              28.6455547
            ],
            [
              77.1897178,
              28.6454727
            ],
            [
              77.1899403,
              28.6458006
            ],
            [
              77.1897834,
              28.6458825
            ]
          ]
        ]
      },
      "id": "way/1136104398"
    },
    {
      "type": "Feature",
      "properties": {
        "@id": "way/1136885728",
        "leisure": "park"
      },
      "geometry": {
        "type": "Polygon",
        "coordinates": [
          [
            [
              77.2321084,
              28.6013277
            ],
            [
              77.2316712,
              28.6010192
            ],
            [
              77.23169,
              28.6006
            ],
            [
              77.2321057,
              28.6003527
            ],
            [
              77.2321084,
              28.6013277
            ]
          ]
        ]
      },
      "id": "way/1136885728"
    },
    {
      "type": "Feature",
      "properties": {
        "@id": "way/1136942135",
        "landuse": "grass"
      },
      "geometry": {
        "type": "Polygon",
        "coordinates": [
          [
            [
              77.2355495,
              28.6272431
            ],
            [
              77.2355435,
              28.6271046
            ],
            [
              77.2356884,
              28.6271013
            ],
            [
              77.2356189,
              28.6271722
            ],
            [
              77.2355495,
              28.6272431
            ]
          ]
        ]
      },
      "id": "way/1136942135"
    },
    {
      "type": "Feature",
      "properties": {
        "@id": "way/1136942137",
        "leisure": "park",
        "name": "Front Lawn"
      },
      "geometry": {
        "type": "Polygon",
        "coordinates": [
          [
            [
              77.2358271,
              28.6261633
            ],
            [
              77.2357906,
              28.625732
            ],
            [
              77.2370244,
              28.6256567
            ],
            [
              77.2370437,
              28.6260673
            ],
            [
              77.2370222,
              28.626088
            ],
            [
              77.2364212,
              28.6261259
            ],
            [
              77.2358271,
              28.6261633
            ]
          ]
        ]
      },
      "id": "way/1136942137"
    },
    {
      "type": "Feature",
      "properties": {
        "@id": "way/1136942138",
        "landuse": "recreation_ground"
      },
      "geometry": {
        "type": "Polygon",
        "coordinates": [
          [
            [
              77.2361241,
              28.6266738
            ],
            [
              77.2367693,
              28.6266308
            ],
            [
              77.2367828,
              28.626962
            ],
            [
              77.2361487,
              28.6270044
            ],
            [
              77.2361348,
              28.6270053
            ],
            [
              77.2361343,
              28.6269886
            ],
            [
              77.2361241,
              28.6266738
            ]
          ]
        ]
      },
      "id": "way/1136942138"
    },
    {
      "type": "Feature",
      "properties": {
        "@id": "way/1137810761",
        "natural": "water",
        "water": "pond"
      },
      "geometry": {
        "type": "Polygon",
        "coordinates": [
          [
            [
              77.2382546,
              28.6263864
            ],
            [
              77.2383228,
              28.6264332
            ],
            [
              77.2383362,
              28.6264424
            ],
            [
              77.2383005,
              28.6264894
            ],
            [
              77.2382189,
              28.6264356
            ],
            [
              77.2382546,
              28.6263864
            ]
          ]
        ]
      },
      "id": "way/1137810761"
    },
    {
      "type": "Feature",
      "properties": {
        "@id": "way/1137810770",
        "leisure": "garden"
      },
      "geometry": {
        "type": "Polygon",
        "coordinates": [
          [
            [
              77.2370762,
              28.6267284
            ],
            [
              77.2371694,
              28.6267262
            ],
            [
              77.2371695,
              28.6268309
            ],
            [
              77.2371694,
              28.6268561
            ],
            [
              77.237075,
              28.6268572
            ],
            [
              77.2370762,
              28.6267284
            ]
          ]
        ]
      },
      "id": "way/1137810770"
    },
    {
      "type": "Feature",
      "properties": {
        "@id": "way/1138075162",
        "name": "Wazu tank",
        "natural": "water",
        "water": "reservoir"
      },
      "geometry": {
        "type": "Polygon",
        "coordinates": [
          [
            [
              77.2396313,
              28.6075515
            ],
            [
              77.2396112,
              28.6075303
            ],
            [
              77.2396132,
              28.607505
            ],
            [
              77.2396334,
              28.6074873
            ],
            [
              77.2396649,
              28.6074879
            ],
            [
              77.239685,
              28.6075026
            ],
            [
              77.2396877,
              28.6075273
            ],
            [
              77.2396662,
              28.6075503
            ],
            [
              77.2396313,
              28.6075515
            ]
          ]
        ]
      },
      "id": "way/1138075162"
    },
    {
      "type": "Feature",
      "properties": {
        "@id": "way/1138292909",
        "landuse": "grass"
      },
      "geometry": {
        "type": "Polygon",
        "coordinates": [
          [
            [
              77.2353013,
              28.6270624
            ],
            [
              77.2355684,
              28.6268043
            ],
            [
              77.2355827,
              28.6269818
            ],
            [
              77.2355882,
              28.6270498
            ],
            [
              77.2353013,
              28.6270624
            ]
          ]
        ]
      },
      "id": "way/1138292909"
    },
    {
      "type": "Feature",
      "properties": {
        "@id": "way/1138292910",
        "garden:type": "botanical",
        "leisure": "garden"
      },
      "geometry": {
        "type": "Polygon",
        "coordinates": [
          [
            [
              77.2383364,
              28.6264232
            ],
            [
              77.2383257,
              28.6261708
            ],
            [
              77.2386265,
              28.6261396
            ],
            [
              77.2386505,
              28.6261858
            ],
            [
              77.2387344,
              28.6263149
            ],
            [
              77.2383825,
              28.6264901
            ],
            [
              77.2383364,
              28.6264232
            ]
          ]
        ]
      },
      "id": "way/1138292910"
    },
    {
      "type": "Feature",
      "properties": {
        "@id": "way/1138292911",
        "garden:type": "botanical",
        "leisure": "garden"
      },
      "geometry": {
        "type": "Polygon",
        "coordinates": [
          [
            [
              77.238693,
              28.626055
            ],
            [
              77.2388971,
              28.6260449
            ],
            [
              77.2389252,
              28.6260807
            ],
            [
              77.2390132,
              28.6261177
            ],
            [
              77.239003,
              28.6261625
            ],
            [
              77.2388014,
              28.6262778
            ],
            [
              77.238744,
              28.6262196
            ],
            [
              77.238693,
              28.626055
            ]
          ]
        ]
      },
      "id": "way/1138292911"
    },
    {
      "type": "Feature",
      "properties": {
        "@id": "way/1138292912",
        "leisure": "park"
      },
      "geometry": {
        "type": "Polygon",
        "coordinates": [
          [
            [
              77.2381603,
              28.6262872
            ],
            [
              77.2383121,
              28.6262794
            ],
            [
              77.2383228,
              28.6264332
            ],
            [
              77.2382546,
              28.6263864
            ],
            [
              77.2382189,
              28.6264356
            ],
            [
              77.2383005,
              28.6264894
            ],
            [
              77.2381475,
              28.6265717
            ],
            [
              77.2380837,
              28.6265594
            ],
            [
              77.2380785,
              28.626243
            ],
            [
              77.2380773,
              28.62621
            ],
            [
              77.2381539,
              28.6262055
            ],
            [
              77.2381603,
              28.6262872
            ]
          ]
        ]
      },
      "id": "way/1138292912"
    },
    {
      "type": "Feature",
      "properties": {
        "@id": "way/1138292913",
        "leisure": "garden",
        "name": "Director's Flower Garden"
      },
      "geometry": {
        "type": "Polygon",
        "coordinates": [
          [
            [
              77.237129,
              28.6262453
            ],
            [
              77.2374231,
              28.6262343
            ],
            [
              77.2374375,
              28.6265779
            ],
            [
              77.2371362,
              28.6265859
            ],
            [
              77.237129,
              28.6262453
            ]
          ]
        ]
      },
      "id": "way/1138292913"
    },
    {
      "type": "Feature",
      "properties": {
        "@id": "way/1182437292",
        "leisure": "garden"
      },
      "geometry": {
        "type": "Polygon",
        "coordinates": [
          [
            [
              77.2096738,
              28.6172764
            ],
            [
              77.2096289,
              28.6174227
            ],
            [
              77.2096712,
              28.6175295
            ],
            [
              77.2098114,
              28.617634
            ],
            [
              77.2099701,
              28.6176456
            ],
            [
              77.210113,
              28.6176038
            ],
            [
              77.2101897,
              28.6175063
            ],
            [
              77.2102963,
              28.6175455
            ],
            [
              77.2098625,
              28.6178047
            ],
            [
              77.2095982,
              28.6176991
            ],
            [
              77.2095837,
              28.6172335
            ],
            [
              77.2096738,
              28.6172764
            ]
          ]
        ]
      },
      "id": "way/1182437292"
    },
    {
      "type": "Feature",
      "properties": {
        "@id": "way/1182437293",
        "leisure": "garden"
      },
      "geometry": {
        "type": "Polygon",
        "coordinates": [
          [
            [
              77.209786,
              28.6164335
            ],
            [
              77.210207,
              28.6166319
            ],
            [
              77.2101262,
              28.6166726
            ],
            [
              77.209904,
              28.6165588
            ],
            [
              77.2097453,
              28.6165936
            ],
            [
              77.20965,
              28.6166703
            ],
            [
              77.2095918,
              28.6168073
            ],
            [
              77.2096051,
              28.6168862
            ],
            [
              77.20965,
              28.6169513
            ],
            [
              77.2095563,
              28.6170111
            ],
            [
              77.2095381,
              28.6165759
            ],
            [
              77.209786,
              28.6164335
            ]
          ]
        ]
      },
      "id": "way/1182437293"
    },
    {
      "type": "Feature",
      "properties": {
        "@id": "way/1189616278",
        "marsh": "pond",
        "natural": "water",
        "water": "pond"
      },
      "geometry": {
        "type": "Polygon",
        "coordinates": [
          [
            [
              77.2462401,
              28.601473
            ],
            [
              77.2461832,
              28.6014587
            ],
            [
              77.2461479,
              28.6014182
            ],
            [
              77.246213,
              28.6013421
            ],
            [
              77.2463268,
              28.6013397
            ],
            [
              77.2463593,
              28.601442
            ],
            [
              77.2462862,
              28.6015087
            ],
            [
              77.2462401,
              28.601473
            ]
          ]
        ]
      },
      "id": "way/1189616278"
    },
    {
      "type": "Feature",
      "properties": {
        "@id": "way/1197030542",
        "intermittent": "yes",
        "natural": "water",
        "water": "basin"
      },
      "geometry": {
        "type": "Polygon",
        "coordinates": [
          [
            [
              77.2497748,
              28.6556555
            ],
            [
              77.2498563,
              28.6553375
            ],
            [
              77.2501191,
              28.6548923
            ],
            [
              77.2504905,
              28.6543755
            ],
            [
              77.2508529,
              28.6543199
            ],
            [
              77.2510431,
              28.6542801
            ],
            [
              77.2511428,
              28.6541529
            ],
            [
              77.2513149,
              28.6540575
            ],
            [
              77.251632,
              28.6540655
            ],
            [
              77.2517769,
              28.654137
            ],
            [
              77.2520034,
              28.6541927
            ],
            [
              77.2520578,
              28.6541132
            ],
            [
              77.2522299,
              28.6539542
            ],
            [
              77.2523658,
              28.6538985
            ],
            [
              77.2524473,
              28.653986
            ],
            [
              77.2521665,
              28.6542086
            ],
            [
              77.2521665,
              28.654455
            ],
            [
              77.252085,
              28.6545663
            ],
            [
              77.2518766,
              28.6545981
            ],
            [
              77.2517498,
              28.6545822
            ],
            [
              77.2517226,
              28.6545266
            ],
            [
              77.2517407,
              28.6543517
            ],
            [
              77.2516501,
              28.6543119
            ],
            [
              77.2515414,
              28.6543835
            ],
            [
              77.2512062,
              28.6544153
            ],
            [
              77.2509163,
              28.6545902
            ],
            [
              77.2507713,
              28.6548923
            ],
            [
              77.2506083,
              28.6551546
            ],
            [
              77.250264,
              28.6552341
            ],
            [
              77.2501553,
              28.6553375
            ],
            [
              77.2500556,
              28.6556952
            ],
            [
              77.2497748,
              28.6556555
            ]
          ]
        ]
      },
      "id": "way/1197030542"
    },
    {
      "type": "Feature",
      "properties": {
        "@id": "way/1197030543",
        "intermittent": "yes",
        "natural": "water",
        "water": "basin"
      },
      "geometry": {
        "type": "Polygon",
        "coordinates": [
          [
            [
              77.2497497,
              28.6557246
            ],
            [
              77.2499852,
              28.6557643
            ],
            [
              77.2498131,
              28.6562254
            ],
            [
              77.2496681,
              28.65644
            ],
            [
              77.24965,
              28.6566865
            ],
            [
              77.2496863,
              28.6570522
            ],
            [
              77.2497678,
              28.6575212
            ],
            [
              77.2500396,
              28.6576246
            ],
            [
              77.2501574,
              28.6577438
            ],
            [
              77.2501664,
              28.6579346
            ],
            [
              77.2500577,
              28.6580379
            ],
            [
              77.2498584,
              28.6580856
            ],
            [
              77.2495957,
              28.6579743
            ],
            [
              77.2494779,
              28.6577756
            ],
            [
              77.2494598,
              28.6575769
            ],
            [
              77.2495232,
              28.6573145
            ],
            [
              77.2494598,
              28.6570522
            ],
            [
              77.2493511,
              28.6568455
            ],
            [
              77.2493329,
              28.6564798
            ],
            [
              77.2493873,
              28.6561857
            ],
            [
              77.249496,
              28.6560267
            ],
            [
              77.2497497,
              28.6557246
            ]
          ]
        ]
      },
      "id": "way/1197030543"
    },
    {
      "type": "Feature",
      "properties": {
        "@id": "way/1231653918",
        "leisure": "park"
      },
      "geometry": {
        "type": "Polygon",
        "coordinates": [
          [
            [
              77.2335804,
              28.6248758
            ],
            [
              77.2335522,
              28.6248798
            ],
            [
              77.2335175,
              28.6248738
            ],
            [
              77.2334993,
              28.6248653
            ],
            [
              77.2334091,
              28.6247769
            ],
            [
              77.2334011,
              28.6247583
            ],
            [
              77.233401,
              28.624729
            ],
            [
              77.2334095,
              28.6247114
            ],
            [
              77.2335063,
              28.6246153
            ],
            [
              77.2335198,
              28.6246065
            ],
            [
              77.2335346,
              28.6246018
            ],
            [
              77.2335441,
              28.6246014
            ],
            [
              77.2335611,
              28.6246069
            ],
            [
              77.2335752,
              28.6246167
            ],
            [
              77.2337042,
              28.6247281
            ],
            [
              77.233718,
              28.6247409
            ],
            [
              77.2337228,
              28.6247537
            ],
            [
              77.2337229,
              28.624769
            ],
            [
              77.2337148,
              28.6247852
            ],
            [
              77.2336937,
              28.6248031
            ],
            [
              77.2336046,
              28.6248641
            ],
            [
              77.2335804,
              28.6248758
            ]
          ]
        ]
      },
      "id": "way/1231653918"
    },
    {
      "type": "Feature",
      "properties": {
        "@id": "way/1232125047",
        "landuse": "grass"
      },
      "geometry": {
        "type": "Polygon",
        "coordinates": [
          [
            [
              77.2189952,
              28.6416517
            ],
            [
              77.2190927,
              28.6411834
            ],
            [
              77.2192944,
              28.6412158
            ],
            [
              77.2191969,
              28.6416841
            ],
            [
              77.2189952,
              28.6416517
            ]
          ]
        ]
      },
      "id": "way/1232125047"
    },
    {
      "type": "Feature",
      "properties": {
        "@id": "way/1243637980",
        "leisure": "park"
      },
      "geometry": {
        "type": "Polygon",
        "coordinates": [
          [
            [
              77.2273003,
              28.6051745
            ],
            [
              77.2272599,
              28.6051058
            ],
            [
              77.2276103,
              28.6049383
            ],
            [
              77.2276506,
              28.605007
            ],
            [
              77.2273003,
              28.6051745
            ]
          ]
        ]
      },
      "id": "way/1243637980"
    },
    {
      "type": "Feature",
      "properties": {
        "@id": "way/1243640648",
        "leisure": "park"
      },
      "geometry": {
        "type": "Polygon",
        "coordinates": [
          [
            [
              77.2291808,
              28.6052011
            ],
            [
              77.2292179,
              28.6054851
            ],
            [
              77.2291328,
              28.6055182
            ],
            [
              77.2289748,
              28.6052351
            ],
            [
              77.2291808,
              28.6052011
            ]
          ]
        ]
      },
      "id": "way/1243640648"
    },
    {
      "type": "Feature",
      "properties": {
        "@id": "way/1243927875",
        "access": "customers",
        "leisure": "park"
      },
      "geometry": {
        "type": "Polygon",
        "coordinates": [
          [
            [
              77.2292235,
              28.6015558
            ],
            [
              77.2288903,
              28.6013644
            ],
            [
              77.2290863,
              28.6011014
            ],
            [
              77.2294194,
              28.6012928
            ],
            [
              77.2292235,
              28.6015558
            ]
          ]
        ]
      },
      "id": "way/1243927875"
    },
    {
      "type": "Feature",
      "properties": {
        "@id": "way/1246296537",
        "landuse": "grass"
      },
      "geometry": {
        "type": "Polygon",
        "coordinates": [
          [
            [
              77.2394528,
              28.6068993
            ],
            [
              77.2394474,
              28.6068932
            ],
            [
              77.2394488,
              28.6068856
            ],
            [
              77.2394542,
              28.606883
            ],
            [
              77.2394636,
              28.6068851
            ],
            [
              77.2397253,
              28.6070401
            ],
            [
              77.2397489,
              28.6070541
            ],
            [
              77.2397795,
              28.6070715
            ],
            [
              77.2398077,
              28.6070843
            ],
            [
              77.2398378,
              28.6070958
            ],
            [
              77.239851,
              28.6070996
            ],
            [
              77.2398656,
              28.6071049
            ],
            [
              77.2398689,
              28.6071101
            ],
            [
              77.239868,
              28.6071169
            ],
            [
              77.2398656,
              28.6071211
            ],
            [
              77.2398562,
              28.6071211
            ],
            [
              77.2398138,
              28.6071091
            ],
            [
              77.2397594,
              28.6070835
            ],
            [
              77.2396034,
              28.6069946
            ],
            [
              77.2395088,
              28.6069334
            ],
            [
              77.2394528,
              28.6068993
            ]
          ]
        ]
      },
      "id": "way/1246296537"
    },
    {
      "type": "Feature",
      "properties": {
        "@id": "way/1246298561",
        "landuse": "grass"
      },
      "geometry": {
        "type": "Polygon",
        "coordinates": [
          [
            [
              77.2393711,
              28.6068303
            ],
            [
              77.2393564,
              28.6068505
            ],
            [
              77.2390796,
              28.6066971
            ],
            [
              77.2390941,
              28.6066769
            ],
            [
              77.2393711,
              28.6068303
            ]
          ]
        ]
      },
      "id": "way/1246298561"
    },
    {
      "type": "Feature",
      "properties": {
        "@id": "way/1246298562",
        "landuse": "grass"
      },
      "geometry": {
        "type": "Polygon",
        "coordinates": [
          [
            [
              77.2389674,
              28.606632
            ],
            [
              77.2358617,
              28.6049822
            ],
            [
              77.2358797,
              28.6049531
            ],
            [
              77.2377237,
              28.6059349
            ],
            [
              77.2389797,
              28.6066147
            ],
            [
              77.2389674,
              28.606632
            ]
          ]
        ]
      },
      "id": "way/1246298562"
    },
    {
      "type": "Feature",
      "properties": {
        "@id": "way/1248031164",
        "landuse": "grass"
      },
      "geometry": {
        "type": "Polygon",
        "coordinates": [
          [
            [
              77.2465038,
              28.6124611
            ],
            [
              77.2465324,
              28.6124337
            ],
            [
              77.2465669,
              28.6124121
            ],
            [
              77.2466058,
              28.6123975
            ],
            [
              77.2466491,
              28.6123902
            ],
            [
              77.2466931,
              28.6123914
            ],
            [
              77.2467358,
              28.612401
            ],
            [
              77.2468337,
              28.6123786
            ],
            [
              77.2468652,
              28.6123451
            ],
            [
              77.2469029,
              28.6123169
            ],
            [
              77.2469456,
              28.6122949
            ],
            [
              77.246992,
              28.6122797
            ],
            [
              77.247045,
              28.6122716
            ],
            [
              77.2470989,
              28.6122724
            ],
            [
              77.2471516,
              28.6122821
            ],
            [
              77.2468404,
              28.6123951
            ],
            [
              77.2465038,
              28.6124611
            ]
          ]
        ]
      },
      "id": "way/1248031164"
    },
    {
      "type": "Feature",
      "properties": {
        "@id": "way/1248031165",
        "landuse": "grass"
      },
      "geometry": {
        "type": "Polygon",
        "coordinates": [
          [
            [
              77.2465159,
              28.61177
            ],
            [
              77.2468458,
              28.6119842
            ],
            [
              77.2471543,
              28.6121043
            ],
            [
              77.247104,
              28.6121125
            ],
            [
              77.2470529,
              28.6121125
            ],
            [
              77.2470027,
              28.6121043
            ],
            [
              77.2469552,
              28.6120883
            ],
            [
              77.2469119,
              28.6120649
            ],
            [
              77.2468741,
              28.612035
            ],
            [
              77.2468431,
              28.6119995
            ],
            [
              77.2467893,
              28.6119898
            ],
            [
              77.2467374,
              28.6119737
            ],
            [
              77.2466885,
              28.6119518
            ],
            [
              77.2466433,
              28.6119242
            ],
            [
              77.2466029,
              28.6118916
            ],
            [
              77.2465677,
              28.6118546
            ],
            [
              77.2465386,
              28.6118138
            ],
            [
              77.2465159,
              28.61177
            ]
          ]
        ]
      },
      "id": "way/1248031165"
    },
    {
      "type": "Feature",
      "properties": {
        "@id": "way/1248031166",
        "landuse": "grass"
      },
      "geometry": {
        "type": "Polygon",
        "coordinates": [
          [
            [
              77.2456549,
              28.6123975
            ],
            [
              77.2457337,
              28.6123774
            ],
            [
              77.2461846,
              28.6122621
            ],
            [
              77.2462698,
              28.6122481
            ],
            [
              77.2463563,
              28.6122433
            ],
            [
              77.2464067,
              28.6122446
            ],
            [
              77.2464569,
              28.6122491
            ],
            [
              77.2465427,
              28.6123268
            ],
            [
              77.2465575,
              28.6123527
            ],
            [
              77.2464341,
              28.6124057
            ],
            [
              77.2461511,
              28.612421
            ],
            [
              77.2456549,
              28.6123975
            ]
          ]
        ]
      },
      "id": "way/1248031166"
    },
    {
      "type": "Feature",
      "properties": {
        "@id": "way/1248031167",
        "landuse": "grass"
      },
      "geometry": {
        "type": "Polygon",
        "coordinates": [
          [
            [
              77.2466003,
              28.6121184
            ],
            [
              77.2466267,
              28.6120926
            ],
            [
              77.2466599,
              28.6120738
            ],
            [
              77.2466976,
              28.6120633
            ],
            [
              77.2467371,
              28.6120619
            ],
            [
              77.2467757,
              28.6120698
            ],
            [
              77.2468105,
              28.6120862
            ],
            [
              77.2468391,
              28.6121102
            ],
            [
              77.2468585,
              28.612138
            ],
            [
              77.2468695,
              28.6121693
            ],
            [
              77.2468712,
              28.6122019
            ],
            [
              77.2468637,
              28.6122339
            ],
            [
              77.2468474,
              28.6122632
            ],
            [
              77.2468232,
              28.6122881
            ],
            [
              77.2467928,
              28.6123069
            ],
            [
              77.246758,
              28.6123185
            ],
            [
              77.246721,
              28.6123221
            ],
            [
              77.2466816,
              28.6123169
            ],
            [
              77.2466452,
              28.6123027
            ],
            [
              77.2466144,
              28.6122805
            ],
            [
              77.2465914,
              28.6122519
            ],
            [
              77.2465779,
              28.612219
            ],
            [
              77.2465749,
              28.6121841
            ],
            [
              77.2465826,
              28.6121497
            ],
            [
              77.2466003,
              28.6121184
            ]
          ]
        ]
      },
      "id": "way/1248031167"
    },
    {
      "type": "Feature",
      "properties": {
        "@id": "way/1248079160",
        "leisure": "park"
      },
      "geometry": {
        "type": "Polygon",
        "coordinates": [
          [
            [
              77.2413017,
              28.6231955
            ],
            [
              77.2417363,
              28.6231252
            ],
            [
              77.2431538,
              28.6223412
            ],
            [
              77.2429553,
              28.6225667
            ],
            [
              77.2413862,
              28.6234049
            ],
            [
              77.2413218,
              28.6232801
            ],
            [
              77.2413017,
              28.6231955
            ]
          ]
        ]
      },
      "id": "way/1248079160"
    },
    {
      "type": "Feature",
      "properties": {
        "@id": "way/1248079161",
        "leisure": "park"
      },
      "geometry": {
        "type": "Polygon",
        "coordinates": [
          [
            [
              77.2430323,
              28.6222346
            ],
            [
              77.2429321,
              28.622098
            ],
            [
              77.2429193,
              28.6220437
            ],
            [
              77.2429236,
              28.6220044
            ],
            [
              77.2430493,
              28.6218173
            ],
            [
              77.2430657,
              28.6217982
            ],
            [
              77.243078,
              28.6217767
            ],
            [
              77.2430856,
              28.6217537
            ],
            [
              77.2430883,
              28.6217284
            ],
            [
              77.2430856,
              28.6217032
            ],
            [
              77.2428042,
              28.6213027
            ],
            [
              77.2430813,
              28.6211512
            ],
            [
              77.2431794,
              28.6211736
            ],
            [
              77.2434693,
              28.6216396
            ],
            [
              77.2434479,
              28.6216976
            ],
            [
              77.2434991,
              28.6217574
            ],
            [
              77.2435652,
              28.6217986
            ],
            [
              77.2435737,
              28.6218734
            ],
            [
              77.2434181,
              28.6220699
            ],
            [
              77.2432646,
              28.6221429
            ],
            [
              77.2431858,
              28.6221485
            ],
            [
              77.2430323,
              28.6222346
            ]
          ]
        ]
      },
      "id": "way/1248079161"
    },
    {
      "type": "Feature",
      "properties": {
        "@id": "way/1248079173",
        "landuse": "grass"
      },
      "geometry": {
        "type": "Polygon",
        "coordinates": [
          [
            [
              77.2420806,
              28.6183024
            ],
            [
              77.2420188,
              28.6181272
            ],
            [
              77.2426422,
              28.6184651
            ],
            [
              77.2427816,
              28.6186491
            ],
            [
              77.2422238,
              28.6183732
            ],
            [
              77.2420806,
              28.6183024
            ]
          ]
        ]
      },
      "id": "way/1248079173"
    },
    {
      "type": "Feature",
      "properties": {
        "@id": "way/1248079174",
        "landuse": "grass"
      },
      "geometry": {
        "type": "Polygon",
        "coordinates": [
          [
            [
              77.2412644,
              28.6185434
            ],
            [
              77.2414145,
              28.6186672
            ],
            [
              77.2414155,
              28.6188163
            ],
            [
              77.2414197,
              28.6193876
            ],
            [
              77.2413004,
              28.6192174
            ],
            [
              77.2412644,
              28.6185434
            ]
          ]
        ]
      },
      "id": "way/1248079174"
    },
    {
      "type": "Feature",
      "properties": {
        "@id": "way/1248079175",
        "landuse": "grass"
      },
      "geometry": {
        "type": "Polygon",
        "coordinates": [
          [
            [
              77.2415114,
              28.6207968
            ],
            [
              77.2414779,
              28.6207842
            ],
            [
              77.2414421,
              28.6207779
            ],
            [
              77.2414103,
              28.6207779
            ],
            [
              77.2413791,
              28.6207829
            ],
            [
              77.2413494,
              28.6207929
            ],
            [
              77.2412844,
              28.620631
            ],
            [
              77.2412516,
              28.6198255
            ],
            [
              77.2412545,
              28.6198096
            ],
            [
              77.2412613,
              28.6197973
            ],
            [
              77.2412716,
              28.6197871
            ],
            [
              77.2413846,
              28.6197123
            ],
            [
              77.2419238,
              28.6204925
            ],
            [
              77.2419313,
              28.6205119
            ],
            [
              77.2419335,
              28.6205322
            ],
            [
              77.2419302,
              28.6205524
            ],
            [
              77.2419204,
              28.6205735
            ],
            [
              77.2419047,
              28.6205917
            ],
            [
              77.2415114,
              28.6207968
            ]
          ]
        ]
      },
      "id": "way/1248079175"
    },
    {
      "type": "Feature",
      "properties": {
        "@id": "way/1248079176",
        "landuse": "grass"
      },
      "geometry": {
        "type": "Polygon",
        "coordinates": [
          [
            [
              77.2420059,
              28.6204112
            ],
            [
              77.2418801,
              28.6202231
            ],
            [
              77.2418761,
              28.6202075
            ],
            [
              77.2418791,
              28.6201918
            ],
            [
              77.2418887,
              28.6201782
            ],
            [
              77.2419032,
              28.6201688
            ],
            [
              77.2419208,
              28.620165
            ],
            [
              77.2419387,
              28.6201671
            ],
            [
              77.2419543,
              28.6201751
            ],
            [
              77.2419654,
              28.6201875
            ],
            [
              77.2421327,
              28.6203288
            ],
            [
              77.2421385,
              28.6203386
            ],
            [
              77.2421413,
              28.6203494
            ],
            [
              77.242141,
              28.6203594
            ],
            [
              77.2421381,
              28.6203691
            ],
            [
              77.2420432,
              28.6204233
            ],
            [
              77.2420328,
              28.6204263
            ],
            [
              77.2420219,
              28.6204252
            ],
            [
              77.2420121,
              28.6204198
            ],
            [
              77.2420059,
              28.6204112
            ]
          ]
        ]
      },
      "id": "way/1248079176"
    },
    {
      "type": "Feature",
      "properties": {
        "@id": "way/1248079191",
        "landuse": "grass"
      },
      "geometry": {
        "type": "Polygon",
        "coordinates": [
          [
            [
              77.2415274,
              28.6179964
            ],
            [
              77.2417311,
              28.6178824
            ],
            [
              77.2418812,
              28.618089
            ],
            [
              77.2417448,
              28.6181654
            ],
            [
              77.2417287,
              28.6181431
            ],
            [
              77.2417149,
              28.6181508
            ],
            [
              77.2416812,
              28.6181045
            ],
            [
              77.241666,
              28.6181131
            ],
            [
              77.2416334,
              28.6180682
            ],
            [
              77.2416179,
              28.6180769
            ],
            [
              77.2415944,
              28.6180444
            ],
            [
              77.2415715,
              28.6180572
            ],
            [
              77.2415274,
              28.6179964
            ]
          ]
        ]
      },
      "id": "way/1248079191"
    },
    {
      "type": "Feature",
      "properties": {
        "@id": "way/1248079192",
        "landuse": "grass"
      },
      "geometry": {
        "type": "Polygon",
        "coordinates": [
          [
            [
              77.2414398,
              28.61833
            ],
            [
              77.2413121,
              28.6184015
            ],
            [
              77.2411647,
              28.6181987
            ],
            [
              77.241359,
              28.61809
            ],
            [
              77.2413928,
              28.6181366
            ],
            [
              77.2413755,
              28.6181463
            ],
            [
              77.2414078,
              28.6181908
            ],
            [
              77.2413924,
              28.6181995
            ],
            [
              77.2414269,
              28.618247
            ],
            [
              77.2414081,
              28.6182575
            ],
            [
              77.2414422,
              28.6183045
            ],
            [
              77.2414273,
              28.6183128
            ],
            [
              77.2414398,
              28.61833
            ]
          ]
        ]
      },
      "id": "way/1248079192"
    },
    {
      "type": "Feature",
      "properties": {
        "@id": "way/1248079193",
        "landuse": "grass"
      },
      "geometry": {
        "type": "Polygon",
        "coordinates": [
          [
            [
              77.2411437,
              28.6181742
            ],
            [
              77.2410734,
              28.6180775
            ],
            [
              77.2416478,
              28.617756
            ],
            [
              77.241718,
              28.6178527
            ],
            [
              77.2411437,
              28.6181742
            ]
          ]
        ]
      },
      "id": "way/1248079193"
    },
    {
      "type": "Feature",
      "properties": {
        "@id": "way/1248079194",
        "landuse": "grass"
      },
      "geometry": {
        "type": "Polygon",
        "coordinates": [
          [
            [
              77.2411277,
              28.6180067
            ],
            [
              77.2410582,
              28.617911
            ],
            [
              77.2414922,
              28.617668
            ],
            [
              77.2415617,
              28.6177637
            ],
            [
              77.2411277,
              28.6180067
            ]
          ]
        ]
      },
      "id": "way/1248079194"
    },
    {
      "type": "Feature",
      "properties": {
        "@id": "way/1248079195",
        "landuse": "grass"
      },
      "geometry": {
        "type": "Polygon",
        "coordinates": [
          [
            [
              77.2411201,
              28.6178345
            ],
            [
              77.2410541,
              28.6177437
            ],
            [
              77.2413144,
              28.617598
            ],
            [
              77.2413803,
              28.6176888
            ],
            [
              77.2411201,
              28.6178345
            ]
          ]
        ]
      },
      "id": "way/1248079195"
    },
    {
      "type": "Feature",
      "properties": {
        "@id": "way/1248079196",
        "landuse": "grass"
      },
      "geometry": {
        "type": "Polygon",
        "coordinates": [
          [
            [
              77.2417618,
              28.618206
            ],
            [
              77.2418919,
              28.6181349
            ],
            [
              77.2420336,
              28.6185401
            ],
            [
              77.2420169,
              28.6185493
            ],
            [
              77.2418922,
              28.6186178
            ],
            [
              77.2417618,
              28.618206
            ]
          ]
        ]
      },
      "id": "way/1248079196"
    },
    {
      "type": "Feature",
      "properties": {
        "@id": "way/1248079197",
        "landuse": "grass"
      },
      "geometry": {
        "type": "Polygon",
        "coordinates": [
          [
            [
              77.2413387,
              28.6184324
            ],
            [
              77.2414645,
              28.6183641
            ],
            [
              77.2417986,
              28.6186691
            ],
            [
              77.2416752,
              28.6187369
            ],
            [
              77.2413387,
              28.6184324
            ]
          ]
        ]
      },
      "id": "way/1248079197"
    },
    {
      "type": "Feature",
      "properties": {
        "@id": "way/1248079198",
        "natural": "water"
      },
      "geometry": {
        "type": "Polygon",
        "coordinates": [
          [
            [
              77.2414036,
              28.6180692
            ],
            [
              77.2414935,
              28.6180227
            ],
            [
              77.2415173,
              28.6180582
            ],
            [
              77.2415334,
              28.6180499
            ],
            [
              77.2415677,
              28.618101
            ],
            [
              77.2415869,
              28.6180911
            ],
            [
              77.2416215,
              28.6181425
            ],
            [
              77.2416369,
              28.6181346
            ],
            [
              77.2416696,
              28.6181833
            ],
            [
              77.2416841,
              28.6181757
            ],
            [
              77.2417439,
              28.6182648
            ],
            [
              77.2417301,
              28.618272
            ],
            [
              77.2417605,
              28.6183174
            ],
            [
              77.2417463,
              28.6183248
            ],
            [
              77.2417736,
              28.6183655
            ],
            [
              77.2417632,
              28.6183709
            ],
            [
              77.2417927,
              28.6184148
            ],
            [
              77.2417784,
              28.6184222
            ],
            [
              77.2418065,
              28.6184641
            ],
            [
              77.2417941,
              28.6184706
            ],
            [
              77.2418236,
              28.6185146
            ],
            [
              77.2418104,
              28.6185214
            ],
            [
              77.2418388,
              28.6185636
            ],
            [
              77.2418266,
              28.61857
            ],
            [
              77.2418541,
              28.6186109
            ],
            [
              77.2418164,
              28.6186304
            ],
            [
              77.2417889,
              28.6185894
            ],
            [
              77.241777,
              28.6185956
            ],
            [
              77.2417486,
              28.6185534
            ],
            [
              77.2417359,
              28.6185599
            ],
            [
              77.2417064,
              28.6185159
            ],
            [
              77.241695,
              28.6185218
            ],
            [
              77.2416669,
              28.6184799
            ],
            [
              77.2416553,
              28.6184859
            ],
            [
              77.2416258,
              28.618442
            ],
            [
              77.2416128,
              28.6184487
            ],
            [
              77.2415854,
              28.618408
            ],
            [
              77.2415735,
              28.6184141
            ],
            [
              77.2415431,
              28.6183687
            ],
            [
              77.2415307,
              28.6183751
            ],
            [
              77.2414709,
              28.618286
            ],
            [
              77.2414833,
              28.6182796
            ],
            [
              77.2414506,
              28.6182309
            ],
            [
              77.2414625,
              28.6182248
            ],
            [
              77.2414305,
              28.6181771
            ],
            [
              77.2414435,
              28.6181704
            ],
            [
              77.2414066,
              28.6181154
            ],
            [
              77.2414274,
              28.6181047
            ],
            [
              77.2414036,
              28.6180692
            ]
          ]
        ]
      },
      "id": "way/1248079198"
    },
    {
      "type": "Feature",
      "properties": {
        "@id": "way/1248079199",
        "natural": "water"
      },
      "geometry": {
        "type": "Polygon",
        "coordinates": [
          [
            [
              77.2418215,
              28.6189077
            ],
            [
              77.2416659,
              28.6187832
            ],
            [
              77.2420741,
              28.6185662
            ],
            [
              77.2421285,
              28.6187355
            ],
            [
              77.2420667,
              28.6187519
            ],
            [
              77.2420074,
              28.6187745
            ],
            [
              77.2419516,
              28.6188029
            ],
            [
              77.2419041,
              28.6188337
            ],
            [
              77.2418606,
              28.6188688
            ],
            [
              77.2418215,
              28.6189077
            ]
          ]
        ]
      },
      "id": "way/1248079199"
    },
    {
      "type": "Feature",
      "properties": {
        "@id": "way/1248079200",
        "natural": "water"
      },
      "geometry": {
        "type": "Polygon",
        "coordinates": [
          [
            [
              77.2419985,
              28.6189844
            ],
            [
              77.2419004,
              28.6189049
            ],
            [
              77.2419424,
              28.6188696
            ],
            [
              77.2419899,
              28.6188403
            ],
            [
              77.2420441,
              28.6188168
            ],
            [
              77.2421018,
              28.618801
            ],
            [
              77.2421349,
              28.6189124
            ],
            [
              77.2420925,
              28.6189261
            ],
            [
              77.2420528,
              28.6189451
            ],
            [
              77.2420243,
              28.6189634
            ],
            [
              77.2419985,
              28.6189844
            ]
          ]
        ]
      },
      "id": "way/1248079200"
    },
    {
      "type": "Feature",
      "properties": {
        "@id": "way/1256902987",
        "landuse": "grass"
      },
      "geometry": {
        "type": "Polygon",
        "coordinates": [
          [
            [
              77.2444994,
              28.6361162
            ],
            [
              77.2444851,
              28.6365217
            ],
            [
              77.2436536,
              28.6365076
            ],
            [
              77.2434404,
              28.6354035
            ],
            [
              77.244414,
              28.6352658
            ],
            [
              77.2446769,
              28.63534
            ],
            [
              77.2449907,
              28.6354965
            ],
            [
              77.2451396,
              28.6355518
            ],
            [
              77.2451235,
              28.6358938
            ],
            [
              77.2448717,
              28.6358829
            ],
            [
              77.2448206,
              28.635836
            ],
            [
              77.2447514,
              28.6358046
            ],
            [
              77.2446743,
              28.6357952
            ],
            [
              77.2445981,
              28.6358089
            ],
            [
              77.2445314,
              28.6358441
            ],
            [
              77.2444818,
              28.6358968
            ],
            [
              77.2444551,
              28.635961
            ],
            [
              77.2444543,
              28.6360293
            ],
            [
              77.2444794,
              28.636094
            ],
            [
              77.2444994,
              28.6361162
            ]
          ]
        ]
      },
      "id": "way/1256902987"
    },
    {
      "type": "Feature",
      "properties": {
        "@id": "way/1256902988",
        "landuse": "grass"
      },
      "geometry": {
        "type": "Polygon",
        "coordinates": [
          [
            [
              77.2450104,
              28.6365405
            ],
            [
              77.2449755,
              28.6359449
            ],
            [
              77.2456219,
              28.6359802
            ],
            [
              77.2456407,
              28.6356636
            ],
            [
              77.2458673,
              28.635686
            ],
            [
              77.2457748,
              28.6365558
            ],
            [
              77.2450104,
              28.6365405
            ]
          ]
        ]
      },
      "id": "way/1256902988"
    },
    {
      "type": "Feature",
      "properties": {
        "@id": "way/1256902989",
        "landuse": "grass"
      },
      "geometry": {
        "type": "Polygon",
        "coordinates": [
          [
            [
              77.2452075,
              28.6354988
            ],
            [
              77.2451391,
              28.6354941
            ],
            [
              77.2449795,
              28.6354423
            ],
            [
              77.2447006,
              28.635307
            ],
            [
              77.2443962,
              28.6352152
            ],
            [
              77.2452384,
              28.6351386
            ],
            [
              77.2452075,
              28.6354988
            ]
          ]
        ]
      },
      "id": "way/1256902989"
    },
    {
      "type": "Feature",
      "properties": {
        "@id": "way/1256902990",
        "landuse": "grass"
      },
      "geometry": {
        "type": "Polygon",
        "coordinates": [
          [
            [
              77.2433963,
              28.6350383
            ],
            [
              77.2437973,
              28.6349753
            ],
            [
              77.2437391,
              28.6346898
            ],
            [
              77.2442505,
              28.6346094
            ],
            [
              77.2443713,
              28.6352014
            ],
            [
              77.2434588,
              28.6353448
            ],
            [
              77.2433963,
              28.6350383
            ]
          ]
        ]
      },
      "id": "way/1256902990"
    },
    {
      "type": "Feature",
      "properties": {
        "@id": "way/1256902991",
        "landuse": "grass"
      },
      "geometry": {
        "type": "Polygon",
        "coordinates": [
          [
            [
              77.2437405,
              28.6346533
            ],
            [
              77.2436974,
              28.63444
            ],
            [
              77.2441076,
              28.6343761
            ],
            [
              77.2441508,
              28.6345895
            ],
            [
              77.2437405,
              28.6346533
            ]
          ]
        ]
      },
      "id": "way/1256902991"
    },
    {
      "type": "Feature",
      "properties": {
        "@id": "way/1265084168",
        "leisure": "park",
        "source": "Esri World Imagery"
      },
      "geometry": {
        "type": "Polygon",
        "coordinates": [
          [
            [
              77.1878951,
              28.6456707
            ],
            [
              77.188065,
              28.6455804
            ],
            [
              77.1882904,
              28.645907
            ],
            [
              77.1881204,
              28.6459973
            ],
            [
              77.1878951,
              28.6456707
            ]
          ]
        ]
      },
      "id": "way/1265084168"
    },
    {
      "type": "Feature",
      "properties": {
        "@id": "way/1265084169",
        "access": "private",
        "leisure": "park",
        "source": "Esri World Imagery"
      },
      "geometry": {
        "type": "Polygon",
        "coordinates": [
          [
            [
              77.1904926,
              28.6461475
            ],
            [
              77.1907149,
              28.6464627
            ],
            [
              77.1903788,
              28.6466452
            ],
            [
              77.1901544,
              28.6463269
            ],
            [
              77.1902941,
              28.646251
            ],
            [
              77.1903025,
              28.6462629
            ],
            [
              77.1903332,
              28.6462463
            ],
            [
              77.1904526,
              28.6461807
            ],
            [
              77.1904468,
              28.6461727
            ],
            [
              77.1904926,
              28.6461475
            ]
          ]
        ]
      },
      "id": "way/1265084169"
    },
    {
      "type": "Feature",
      "properties": {
        "@id": "way/1265084172",
        "leisure": "park",
        "source": "Esri World Imagery"
      },
      "geometry": {
        "type": "Polygon",
        "coordinates": [
          [
            [
              77.1906811,
              28.6470437
            ],
            [
              77.1909265,
              28.6469147
            ],
            [
              77.1911362,
              28.6472222
            ],
            [
              77.1908908,
              28.6473511
            ],
            [
              77.1906811,
              28.6470437
            ]
          ]
        ]
      },
      "id": "way/1265084172"
    },
    {
      "type": "Feature",
      "properties": {
        "@id": "way/1265084174",
        "barrier": "wall",
        "leisure": "park",
        "name": "Chetak Park",
        "source": "Esri World Imagery"
      },
      "geometry": {
        "type": "Polygon",
        "coordinates": [
          [
            [
              77.188801,
              28.6428854
            ],
            [
              77.1888733,
              28.6425451
            ],
            [
              77.1892703,
              28.6423376
            ],
            [
              77.1897303,
              28.643051
            ],
            [
              77.188801,
              28.6428854
            ]
          ]
        ]
      },
      "id": "way/1265084174"
    },
    {
      "type": "Feature",
      "properties": {
        "@id": "way/1271156410",
        "landuse": "grass",
        "leisure": "park"
      },
      "geometry": {
        "type": "Polygon",
        "coordinates": [
          [
            [
              77.2082542,
              28.6183664
            ],
            [
              77.2087772,
              28.6186089
            ],
            [
              77.2087731,
              28.6186789
            ],
            [
              77.2087759,
              28.618749
            ],
            [
              77.2087849,
              28.6188153
            ],
            [
              77.2088,
              28.6188808
            ],
            [
              77.2085157,
              28.6190139
            ],
            [
              77.2083011,
              28.6187419
            ],
            [
              77.2082542,
              28.6183664
            ]
          ]
        ]
      },
      "id": "way/1271156410"
    },
    {
      "type": "Feature",
      "properties": {
        "@id": "way/1271156411",
        "landuse": "grass",
        "leisure": "park"
      },
      "geometry": {
        "type": "Polygon",
        "coordinates": [
          [
            [
              77.2082233,
              28.6182192
            ],
            [
              77.2080986,
              28.6181368
            ],
            [
              77.2081496,
              28.6180768
            ],
            [
              77.2082329,
              28.61808
            ],
            [
              77.208316,
              28.6180741
            ],
            [
              77.2083977,
              28.6180591
            ],
            [
              77.2084636,
              28.6180398
            ],
            [
              77.2085269,
              28.6180146
            ],
            [
              77.2085868,
              28.6179838
            ],
            [
              77.2088698,
              28.6183605
            ],
            [
              77.2087437,
              28.6184464
            ],
            [
              77.2082233,
              28.6182192
            ]
          ]
        ]
      },
      "id": "way/1271156411"
    },
    {
      "type": "Feature",
      "properties": {
        "@id": "way/1271156428",
        "landuse": "grass",
        "leisure": "park"
      },
      "geometry": {
        "type": "Polygon",
        "coordinates": [
          [
            [
              77.2340288,
              28.6105091
            ],
            [
              77.2341657,
              28.610273
            ],
            [
              77.2346062,
              28.6102535
            ],
            [
              77.2347725,
              28.6105001
            ],
            [
              77.2346166,
              28.6105819
            ],
            [
              77.2345775,
              28.6105535
            ],
            [
              77.234519,
              28.6105285
            ],
            [
              77.234454,
              28.6105232
            ],
            [
              77.2344004,
              28.6105255
            ],
            [
              77.2343601,
              28.6105338
            ],
            [
              77.2342882,
              28.6105615
            ],
            [
              77.2342365,
              28.6106036
            ],
            [
              77.2340288,
              28.6105091
            ]
          ]
        ]
      },
      "id": "way/1271156428"
    },
    {
      "type": "Feature",
      "properties": {
        "@id": "way/1271156429",
        "landuse": "grass",
        "leisure": "park"
      },
      "geometry": {
        "type": "Polygon",
        "coordinates": [
          [
            [
              77.2279979,
              28.6155668
            ],
            [
              77.2282089,
              28.6152153
            ],
            [
              77.2287561,
              28.6154684
            ],
            [
              77.2285451,
              28.6158199
            ],
            [
              77.2279979,
              28.6155668
            ]
          ]
        ]
      },
      "id": "way/1271156429"
    },
    {
      "type": "Feature",
      "properties": {
        "@id": "way/1271156430",
        "landuse": "grass",
        "leisure": "park"
      },
      "geometry": {
        "type": "Polygon",
        "coordinates": [
          [
            [
              77.2272066,
              28.6158305
            ],
            [
              77.2269816,
              28.6154977
            ],
            [
              77.2274848,
              28.6152356
            ],
            [
              77.2277098,
              28.6155683
            ],
            [
              77.2272066,
              28.6158305
            ]
          ]
        ]
      },
      "id": "way/1271156430"
    },
    {
      "type": "Feature",
      "properties": {
        "@id": "way/1271156433",
        "landuse": "grass",
        "leisure": "park"
      },
      "geometry": {
        "type": "Polygon",
        "coordinates": [
          [
            [
              77.2185576,
              28.611131
            ],
            [
              77.2185221,
              28.6104179
            ],
            [
              77.2199783,
              28.610362
            ],
            [
              77.2200029,
              28.6108546
            ],
            [
              77.2191722,
              28.6108865
            ],
            [
              77.2191832,
              28.611107
            ],
            [
              77.2185576,
              28.611131
            ]
          ]
        ]
      },
      "id": "way/1271156433"
    },
    {
      "type": "Feature",
      "properties": {
        "@id": "way/1271156434",
        "landuse": "grass",
        "leisure": "park"
      },
      "geometry": {
        "type": "Polygon",
        "coordinates": [
          [
            [
              77.2223049,
              28.610927
            ],
            [
              77.2222809,
              28.6104092
            ],
            [
              77.2225773,
              28.6103986
            ],
            [
              77.2226013,
              28.6109164
            ],
            [
              77.2223049,
              28.610927
            ]
          ]
        ]
      },
      "id": "way/1271156434"
    },
    {
      "type": "Feature",
      "properties": {
        "@id": "way/1271156435",
        "landuse": "grass",
        "leisure": "park"
      },
      "geometry": {
        "type": "Polygon",
        "coordinates": [
          [
            [
              77.2234268,
              28.6108075
            ],
            [
              77.2233895,
              28.6108049
            ],
            [
              77.2233542,
              28.610794
            ],
            [
              77.2233233,
              28.6107754
            ],
            [
              77.223299,
              28.6107505
            ],
            [
              77.2232828,
              28.6107209
            ],
            [
              77.2232759,
              28.6106886
            ],
            [
              77.2232786,
              28.6106563
            ],
            [
              77.2232907,
              28.6106256
            ],
            [
              77.2233112,
              28.6105987
            ],
            [
              77.2233389,
              28.6105773
            ],
            [
              77.2233719,
              28.6105628
            ],
            [
              77.223408,
              28.6105561
            ],
            [
              77.223876,
              28.6105296
            ],
            [
              77.2239097,
              28.6105422
            ],
            [
              77.2239392,
              28.6105613
            ],
            [
              77.2239627,
              28.6105859
            ],
            [
              77.2239792,
              28.6106146
            ],
            [
              77.2239875,
              28.6106458
            ],
            [
              77.2239874,
              28.610678
            ],
            [
              77.2239776,
              28.6107116
            ],
            [
              77.2239587,
              28.610742
            ],
            [
              77.2239316,
              28.6107672
            ],
            [
              77.2238982,
              28.6107857
            ],
            [
              77.2234268,
              28.6108075
            ]
          ]
        ]
      },
      "id": "way/1271156435"
    },
    {
      "type": "Feature",
      "properties": {
        "@id": "way/1271156441",
        "landuse": "grass",
        "leisure": "park"
      },
      "geometry": {
        "type": "Polygon",
        "coordinates": [
          [
            [
              77.223929,
              28.6110636
            ],
            [
              77.2239174,
              28.6108518
            ],
            [
              77.2241711,
              28.610841
            ],
            [
              77.2241827,
              28.6110528
            ],
            [
              77.223929,
              28.6110636
            ]
          ]
        ]
      },
      "id": "way/1271156441"
    },
    {
      "type": "Feature",
      "properties": {
        "@id": "way/1271156442",
        "landuse": "grass",
        "leisure": "park"
      },
      "geometry": {
        "type": "Polygon",
        "coordinates": [
          [
            [
              77.2231244,
              28.6110895
            ],
            [
              77.2231131,
              28.6108851
            ],
            [
              77.2233342,
              28.6108758
            ],
            [
              77.2233455,
              28.6110801
            ],
            [
              77.2231244,
              28.6110895
            ]
          ]
        ]
      },
      "id": "way/1271156442"
    },
    {
      "type": "Feature",
      "properties": {
        "@id": "way/1271156443",
        "landuse": "grass",
        "leisure": "park"
      },
      "geometry": {
        "type": "Polygon",
        "coordinates": [
          [
            [
              77.2232759,
              28.6115804
            ],
            [
              77.2232506,
              28.6111207
            ],
            [
              77.2240566,
              28.6110865
            ],
            [
              77.2240819,
              28.6115463
            ],
            [
              77.2232759,
              28.6115804
            ]
          ]
        ]
      },
      "id": "way/1271156443"
    },
    {
      "type": "Feature",
      "properties": {
        "@id": "way/1271166591",
        "leisure": "garden"
      },
      "geometry": {
        "type": "Polygon",
        "coordinates": [
          [
            [
              77.1956411,
              28.6011016
            ],
            [
              77.1966174,
              28.6004987
            ],
            [
              77.1966708,
              28.6005482
            ],
            [
              77.1967166,
              28.6006032
            ],
            [
              77.1967541,
              28.6006628
            ],
            [
              77.1967826,
              28.6007262
            ],
            [
              77.1968018,
              28.6007922
            ],
            [
              77.1968112,
              28.6008598
            ],
            [
              77.1968108,
              28.600928
            ],
            [
              77.1968006,
              28.6009955
            ],
            [
              77.1967807,
              28.6010613
            ],
            [
              77.1967514,
              28.6011244
            ],
            [
              77.1967132,
              28.6011838
            ],
            [
              77.1966668,
              28.6012383
            ],
            [
              77.1966128,
              28.6012873
            ],
            [
              77.1965522,
              28.6013299
            ],
            [
              77.196486,
              28.6013653
            ],
            [
              77.1964153,
              28.6013931
            ],
            [
              77.1963412,
              28.6014127
            ],
            [
              77.1962648,
              28.601424
            ],
            [
              77.1961874,
              28.6014267
            ],
            [
              77.1961103,
              28.6014207
            ],
            [
              77.1960347,
              28.6014062
            ],
            [
              77.1959617,
              28.6013835
            ],
            [
              77.1958926,
              28.6013528
            ],
            [
              77.1958285,
              28.6013146
            ],
            [
              77.1957704,
              28.6012697
            ],
            [
              77.1957193,
              28.6012186
            ],
            [
              77.195676,
              28.6011623
            ],
            [
              77.1956411,
              28.6011016
            ]
          ]
        ]
      },
      "id": "way/1271166591"
    },
    {
      "type": "Feature",
      "properties": {
        "@id": "way/1271166599",
        "landuse": "grass"
      },
      "geometry": {
        "type": "Polygon",
        "coordinates": [
          [
            [
              77.2073141,
              28.6009768
            ],
            [
              77.2076654,
              28.6001926
            ],
            [
              77.2079578,
              28.6002515
            ],
            [
              77.2078559,
              28.6004446
            ],
            [
              77.2078773,
              28.6006094
            ],
            [
              77.2081563,
              28.6005741
            ],
            [
              77.2081885,
              28.600819
            ],
            [
              77.2077298,
              28.6008378
            ],
            [
              77.2077325,
              28.6009768
            ],
            [
              77.2073141,
              28.6009768
            ]
          ]
        ]
      },
      "id": "way/1271166599"
    },
    {
      "type": "Feature",
      "properties": {
        "@id": "way/1271166601",
        "landuse": "grass"
      },
      "geometry": {
        "type": "Polygon",
        "coordinates": [
          [
            [
              77.1924895,
              28.6190892
            ],
            [
              77.1932352,
              28.6186677
            ],
            [
              77.1938494,
              28.6194659
            ],
            [
              77.1936616,
              28.619619
            ],
            [
              77.1936893,
              28.6196522
            ],
            [
              77.1937085,
              28.6196898
            ],
            [
              77.1937186,
              28.61973
            ],
            [
              77.1937189,
              28.6197712
            ],
            [
              77.1937096,
              28.6198115
            ],
            [
              77.193691,
              28.6198493
            ],
            [
              77.1936639,
              28.619883
            ],
            [
              77.1936295,
              28.619911
            ],
            [
              77.1935892,
              28.6199321
            ],
            [
              77.1935458,
              28.6199453
            ],
            [
              77.1935003,
              28.6199506
            ],
            [
              77.1934545,
              28.6199477
            ],
            [
              77.1934103,
              28.6199367
            ],
            [
              77.1933696,
              28.6199181
            ],
            [
              77.1933339,
              28.6198927
            ],
            [
              77.1933049,
              28.6198615
            ],
            [
              77.1930689,
              28.6199839
            ],
            [
              77.1924895,
              28.6190892
            ]
          ]
        ]
      },
      "id": "way/1271166601"
    },
    {
      "type": "Feature",
      "properties": {
        "@id": "way/1271166602",
        "landuse": "grass"
      },
      "geometry": {
        "type": "Polygon",
        "coordinates": [
          [
            [
              77.195279,
              28.6198073
            ],
            [
              77.1947426,
              28.6195954
            ],
            [
              77.1946219,
              28.6194071
            ],
            [
              77.1939647,
              28.6190892
            ],
            [
              77.1942383,
              28.6187596
            ],
            [
              77.1954077,
              28.6186725
            ],
            [
              77.195735,
              28.6190515
            ],
            [
              77.195279,
              28.6198073
            ]
          ]
        ]
      },
      "id": "way/1271166602"
    },
    {
      "type": "Feature",
      "properties": {
        "@id": "way/1271166611",
        "landuse": "grass",
        "leisure": "park"
      },
      "geometry": {
        "type": "Polygon",
        "coordinates": [
          [
            [
              77.205061,
              28.6106503
            ],
            [
              77.2048236,
              28.610455
            ],
            [
              77.2050435,
              28.610249
            ],
            [
              77.205281,
              28.6104443
            ],
            [
              77.205061,
              28.6106503
            ]
          ]
        ]
      },
      "id": "way/1271166611"
    },
    {
      "type": "Feature",
      "properties": {
        "@id": "way/1271166612",
        "landuse": "grass",
        "leisure": "park"
      },
      "geometry": {
        "type": "Polygon",
        "coordinates": [
          [
            [
              77.2057208,
              28.60709
            ],
            [
              77.205698,
              28.6065448
            ],
            [
              77.2057017,
              28.6065096
            ],
            [
              77.2057112,
              28.6064752
            ],
            [
              77.2057262,
              28.6064424
            ],
            [
              77.2057504,
              28.606407
            ],
            [
              77.2057811,
              28.6063757
            ],
            [
              77.2058174,
              28.6063494
            ],
            [
              77.2063337,
              28.6063435
            ],
            [
              77.2063927,
              28.6063679
            ],
            [
              77.2064468,
              28.6063999
            ],
            [
              77.2064947,
              28.6064389
            ],
            [
              77.2065307,
              28.606478
            ],
            [
              77.2065603,
              28.606521
            ],
            [
              77.2065832,
              28.6065672
            ],
            [
              77.2062224,
              28.6068568
            ],
            [
              77.2062719,
              28.6068594
            ],
            [
              77.2063199,
              28.6068704
            ],
            [
              77.2063644,
              28.6068895
            ],
            [
              77.2064039,
              28.6069159
            ],
            [
              77.2064366,
              28.6069486
            ],
            [
              77.2064614,
              28.6069863
            ],
            [
              77.2064772,
              28.6070276
            ],
            [
              77.2064833,
              28.6070662
            ],
            [
              77.2064816,
              28.6071051
            ],
            [
              77.206472,
              28.6071432
            ],
            [
              77.206455,
              28.6071793
            ],
            [
              77.206431,
              28.6072121
            ],
            [
              77.2064008,
              28.6072407
            ],
            [
              77.2063109,
              28.6072642
            ],
            [
              77.206099,
              28.6069734
            ],
            [
              77.2057208,
              28.60709
            ]
          ]
        ]
      },
      "id": "way/1271166612"
    },
    {
      "type": "Feature",
      "properties": {
        "@id": "way/1271166613",
        "landuse": "grass",
        "leisure": "park"
      },
      "geometry": {
        "type": "Polygon",
        "coordinates": [
          [
            [
              77.2067548,
              28.6074008
            ],
            [
              77.2069639,
              28.6070144
            ],
            [
              77.2074467,
              28.6072157
            ],
            [
              77.2072376,
              28.6076021
            ],
            [
              77.2067548,
              28.6074008
            ]
          ]
        ]
      },
      "id": "way/1271166613"
    },
    {
      "type": "Feature",
      "properties": {
        "@id": "way/1272478674",
        "landuse": "grass"
      },
      "geometry": {
        "type": "Polygon",
        "coordinates": [
          [
            [
              77.2188079,
              28.6114232
            ],
            [
              77.2187962,
              28.6111818
            ],
            [
              77.2191704,
              28.6111597
            ],
            [
              77.2192826,
              28.6111531
            ],
            [
              77.2192904,
              28.6112551
            ],
            [
              77.2191312,
              28.6112645
            ],
            [
              77.2191196,
              28.6113677
            ],
            [
              77.2189835,
              28.6113749
            ],
            [
              77.2189801,
              28.6114182
            ],
            [
              77.2188079,
              28.6114232
            ]
          ]
        ]
      },
      "id": "way/1272478674"
    },
    {
      "type": "Feature",
      "properties": {
        "@id": "way/1272478675",
        "landuse": "grass"
      },
      "geometry": {
        "type": "Polygon",
        "coordinates": [
          [
            [
              77.2187425,
              28.6114173
            ],
            [
              77.2185901,
              28.6114175
            ],
            [
              77.21859,
              28.6113761
            ],
            [
              77.21856,
              28.6113762
            ],
            [
              77.2185599,
              28.6113214
            ],
            [
              77.218613,
              28.6113214
            ],
            [
              77.2186128,
              28.6111796
            ],
            [
              77.2187421,
              28.6111794
            ],
            [
              77.2187425,
              28.6114173
            ]
          ]
        ]
      },
      "id": "way/1272478675"
    },
    {
      "type": "Feature",
      "properties": {
        "@id": "way/1272478685",
        "landuse": "grass"
      },
      "geometry": {
        "type": "Polygon",
        "coordinates": [
          [
            [
              77.2186024,
              28.6122238
            ],
            [
              77.2185103,
              28.6122283
            ],
            [
              77.2184644,
              28.6114909
            ],
            [
              77.2185565,
              28.6114865
            ],
            [
              77.2186024,
              28.6122238
            ]
          ]
        ]
      },
      "id": "way/1272478685"
    },
    {
      "type": "Feature",
      "properties": {
        "@id": "way/1274070899",
        "leisure": "park",
        "name": "Dargah Peer Banwasi Park"
      },
      "geometry": {
        "type": "Polygon",
        "coordinates": [
          [
            [
              77.207049,
              28.6379816
            ],
            [
              77.207321,
              28.6383587
            ],
            [
              77.2075175,
              28.6382496
            ],
            [
              77.2076,
              28.6383675
            ],
            [
              77.207661,
              28.6383384
            ],
            [
              77.2076799,
              28.6383751
            ],
            [
              77.2077011,
              28.6384161
            ],
            [
              77.2075026,
              28.6390012
            ],
            [
              77.2075025,
              28.639115
            ],
            [
              77.2075595,
              28.6393821
            ],
            [
              77.2075562,
              28.639526
            ],
            [
              77.2075391,
              28.6396024
            ],
            [
              77.2073094,
              28.6397327
            ],
            [
              77.2072229,
              28.6394749
            ],
            [
              77.2073193,
              28.63924
            ],
            [
              77.2066186,
              28.6384668
            ],
            [
              77.2063902,
              28.6385914
            ],
            [
              77.2062699,
              28.6384182
            ],
            [
              77.207049,
              28.6379816
            ]
          ]
        ]
      },
      "id": "way/1274070899"
    },
    {
      "type": "Feature",
      "properties": {
        "@id": "way/1279460301",
        "leisure": "park",
        "name": "Pandit Ramkeval Mishra Park",
        "opening_hours": "sunrise-sunset",
        "operator": "MCD",
        "operator:type": "public/government"
      },
      "geometry": {
        "type": "Polygon",
        "coordinates": [
          [
            [
              77.214696,
              28.6294865
            ],
            [
              77.2148561,
              28.6292201
            ],
            [
              77.2157271,
              28.6296149
            ],
            [
              77.21557,
              28.6298931
            ],
            [
              77.214696,
              28.6294865
            ]
          ]
        ]
      },
      "id": "way/1279460301"
    },
    {
      "type": "Feature",
      "properties": {
        "@id": "way/1282116747",
        "natural": "water"
      },
      "geometry": {
        "type": "Polygon",
        "coordinates": [
          [
            [
              77.227895,
              28.6122792
            ],
            [
              77.2278802,
              28.6120519
            ],
            [
              77.2293209,
              28.6119856
            ],
            [
              77.2293235,
              28.6119609
            ],
            [
              77.2293529,
              28.6119609
            ],
            [
              77.2293696,
              28.6119474
            ],
            [
              77.2293939,
              28.6119328
            ],
            [
              77.2294271,
              28.6119205
            ],
            [
              77.2294668,
              28.6119126
            ],
            [
              77.2295039,
              28.6119126
            ],
            [
              77.2295371,
              28.6119194
            ],
            [
              77.229564,
              28.6119284
            ],
            [
              77.2295909,
              28.6119396
            ],
            [
              77.2296088,
              28.6119508
            ],
            [
              77.2296344,
              28.6119688
            ],
            [
              77.2296472,
              28.6119868
            ],
            [
              77.2296638,
              28.6120115
            ],
            [
              77.2296753,
              28.6120373
            ],
            [
              77.2296843,
              28.6120643
            ],
            [
              77.2296881,
              28.6120867
            ],
            [
              77.229687,
              28.6121104
            ],
            [
              77.2296829,
              28.6121294
            ],
            [
              77.2296689,
              28.6121519
            ],
            [
              77.229651,
              28.6121766
            ],
            [
              77.2296344,
              28.6121957
            ],
            [
              77.2296126,
              28.6122136
            ],
            [
              77.2295947,
              28.6122271
            ],
            [
              77.2295742,
              28.6122361
            ],
            [
              77.2295538,
              28.6122417
            ],
            [
              77.2295538,
              28.6122664
            ],
            [
              77.2295319,
              28.6122664
            ],
            [
              77.2295518,
              28.6125936
            ],
            [
              77.2294843,
              28.6125967
            ],
            [
              77.2294617,
              28.6122698
            ],
            [
              77.2294374,
              28.6122709
            ],
            [
              77.2294399,
              28.6122496
            ],
            [
              77.2294207,
              28.6122462
            ],
            [
              77.2294003,
              28.6122383
            ],
            [
              77.2293836,
              28.6122282
            ],
            [
              77.2293696,
              28.6122181
            ],
            [
              77.2293427,
              28.6122204
            ],
            [
              77.2293427,
              28.6122002
            ],
            [
              77.227895,
              28.6122792
            ]
          ]
        ]
      },
      "id": "way/1282116747"
    },
    {
      "type": "Feature",
      "properties": {
        "@id": "way/1282142851",
        "leisure": "garden"
      },
      "geometry": {
        "type": "Polygon",
        "coordinates": [
          [
            [
              77.2271435,
              28.6110801
            ],
            [
              77.2271276,
              28.6110636
            ],
            [
              77.2271217,
              28.611048
            ],
            [
              77.2271276,
              28.6110332
            ],
            [
              77.2271415,
              28.6110184
            ],
            [
              77.2271662,
              28.6110141
            ],
            [
              77.2272732,
              28.6110349
            ],
            [
              77.2274801,
              28.6110671
            ],
            [
              77.2275781,
              28.6110732
            ],
            [
              77.2276612,
              28.611068
            ],
            [
              77.2277364,
              28.6110567
            ],
            [
              77.2277889,
              28.6110488
            ],
            [
              77.2278048,
              28.6110514
            ],
            [
              77.2278156,
              28.6110662
            ],
            [
              77.2278236,
              28.6110879
            ],
            [
              77.2278236,
              28.6111071
            ],
            [
              77.2277711,
              28.6111505
            ],
            [
              77.2277058,
              28.611227
            ],
            [
              77.2276622,
              28.6112904
            ],
            [
              77.2276285,
              28.6113834
            ],
            [
              77.2276127,
              28.6114408
            ],
            [
              77.2276008,
              28.6114573
            ],
            [
              77.2275781,
              28.6114625
            ],
            [
              77.2275493,
              28.6114625
            ],
            [
              77.2275276,
              28.6114364
            ],
            [
              77.2275028,
              28.6113999
            ],
            [
              77.2274622,
              28.6113252
            ],
            [
              77.2273741,
              28.6112461
            ],
            [
              77.2271435,
              28.6110801
            ]
          ]
        ]
      },
      "id": "way/1282142851"
    },
    {
      "type": "Feature",
      "properties": {
        "@id": "way/1282142853",
        "leisure": "garden"
      },
      "geometry": {
        "type": "Polygon",
        "coordinates": [
          [
            [
              77.2193355,
              28.6139714
            ],
            [
              77.2193389,
              28.614031
            ],
            [
              77.2187439,
              28.6140573
            ],
            [
              77.2187405,
              28.6139977
            ],
            [
              77.2193355,
              28.6139714
            ]
          ]
        ]
      },
      "id": "way/1282142853"
    },
    {
      "type": "Feature",
      "properties": {
        "@id": "way/1282142854",
        "leisure": "garden"
      },
      "geometry": {
        "type": "Polygon",
        "coordinates": [
          [
            [
              77.2193861,
              28.61403
            ],
            [
              77.2193517,
              28.613518
            ],
            [
              77.2203128,
              28.6134681
            ],
            [
              77.2203472,
              28.6139803
            ],
            [
              77.2193861,
              28.61403
            ]
          ]
        ]
      },
      "id": "way/1282142854"
    },
    {
      "type": "Feature",
      "properties": {
        "@id": "way/1282142855",
        "leisure": "garden"
      },
      "geometry": {
        "type": "Polygon",
        "coordinates": [
          [
            [
              77.2203906,
              28.6139846
            ],
            [
              77.2203552,
              28.6134763
            ],
            [
              77.2216365,
              28.6134074
            ],
            [
              77.2216719,
              28.6139159
            ],
            [
              77.2203906,
              28.6139846
            ]
          ]
        ]
      },
      "id": "way/1282142855"
    },
    {
      "type": "Feature",
      "properties": {
        "@id": "way/1282142856",
        "leisure": "garden"
      },
      "geometry": {
        "type": "Polygon",
        "coordinates": [
          [
            [
              77.2217147,
              28.6139148
            ],
            [
              77.2216819,
              28.6134065
            ],
            [
              77.2225372,
              28.613364
            ],
            [
              77.2225699,
              28.6138722
            ],
            [
              77.2217147,
              28.6139148
            ]
          ]
        ]
      },
      "id": "way/1282142856"
    },
    {
      "type": "Feature",
      "properties": {
        "@id": "way/1282142857",
        "leisure": "garden"
      },
      "geometry": {
        "type": "Polygon",
        "coordinates": [
          [
            [
              77.2226099,
              28.6138735
            ],
            [
              77.222575,
              28.6133676
            ],
            [
              77.2239702,
              28.6132936
            ],
            [
              77.2240051,
              28.6137994
            ],
            [
              77.2226099,
              28.6138735
            ]
          ]
        ]
      },
      "id": "way/1282142857"
    },
    {
      "type": "Feature",
      "properties": {
        "@id": "way/1282142858",
        "leisure": "garden"
      },
      "geometry": {
        "type": "Polygon",
        "coordinates": [
          [
            [
              77.2240473,
              28.6138014
            ],
            [
              77.2240122,
              28.6132896
            ],
            [
              77.2246182,
              28.6132576
            ],
            [
              77.2246533,
              28.6137695
            ],
            [
              77.2240473,
              28.6138014
            ]
          ]
        ]
      },
      "id": "way/1282142858"
    },
    {
      "type": "Feature",
      "properties": {
        "@id": "way/1282143263",
        "leisure": "garden"
      },
      "geometry": {
        "type": "Polygon",
        "coordinates": [
          [
            [
              77.2187503,
              28.6144201
            ],
            [
              77.2187316,
              28.6140986
            ],
            [
              77.219326,
              28.6140718
            ],
            [
              77.2193448,
              28.6143934
            ],
            [
              77.2187503,
              28.6144201
            ]
          ]
        ]
      },
      "id": "way/1282143263"
    },
    {
      "type": "Feature",
      "properties": {
        "@id": "way/1282143264",
        "landuse": "grass"
      },
      "geometry": {
        "type": "Polygon",
        "coordinates": [
          [
            [
              77.2193987,
              28.6141122
            ],
            [
              77.2193959,
              28.6140633
            ],
            [
              77.2203429,
              28.6140152
            ],
            [
              77.2203461,
              28.6140637
            ],
            [
              77.2193987,
              28.6141122
            ]
          ]
        ]
      },
      "id": "way/1282143264"
    },
    {
      "type": "Feature",
      "properties": {
        "@id": "way/1282143265",
        "landuse": "grass"
      },
      "geometry": {
        "type": "Polygon",
        "coordinates": [
          [
            [
              77.2194113,
              28.6143903
            ],
            [
              77.2194081,
              28.6143382
            ],
            [
              77.2203611,
              28.6142898
            ],
            [
              77.2203671,
              28.6143449
            ],
            [
              77.2194113,
              28.6143903
            ]
          ]
        ]
      },
      "id": "way/1282143265"
    },
    {
      "type": "Feature",
      "properties": {
        "@id": "way/1282143266",
        "landuse": "grass"
      },
      "geometry": {
        "type": "Polygon",
        "coordinates": [
          [
            [
              77.2204099,
              28.6143398
            ],
            [
              77.2204063,
              28.6142877
            ],
            [
              77.2216911,
              28.6142195
            ],
            [
              77.2216947,
              28.6142714
            ],
            [
              77.2204099,
              28.6143398
            ]
          ]
        ]
      },
      "id": "way/1282143266"
    },
    {
      "type": "Feature",
      "properties": {
        "@id": "way/1282143267",
        "landuse": "grass"
      },
      "geometry": {
        "type": "Polygon",
        "coordinates": [
          [
            [
              77.2203907,
              28.6140618
            ],
            [
              77.2203878,
              28.614018
            ],
            [
              77.2216683,
              28.6139528
            ],
            [
              77.2216712,
              28.6139968
            ],
            [
              77.2203907,
              28.6140618
            ]
          ]
        ]
      },
      "id": "way/1282143267"
    },
    {
      "type": "Feature",
      "properties": {
        "@id": "way/1282143268",
        "landuse": "grass"
      },
      "geometry": {
        "type": "Polygon",
        "coordinates": [
          [
            [
              77.2217199,
              28.6139965
            ],
            [
              77.2217171,
              28.6139486
            ],
            [
              77.2225637,
              28.6139103
            ],
            [
              77.2225665,
              28.6139583
            ],
            [
              77.2217199,
              28.6139965
            ]
          ]
        ]
      },
      "id": "way/1282143268"
    },
    {
      "type": "Feature",
      "properties": {
        "@id": "way/1282143269",
        "landuse": "grass"
      },
      "geometry": {
        "type": "Polygon",
        "coordinates": [
          [
            [
              77.2217383,
              28.6142777
            ],
            [
              77.2217343,
              28.614222
            ],
            [
              77.2225808,
              28.6141747
            ],
            [
              77.2225849,
              28.6142304
            ],
            [
              77.2217383,
              28.6142777
            ]
          ]
        ]
      },
      "id": "way/1282143269"
    },
    {
      "type": "Feature",
      "properties": {
        "@id": "way/1282143270",
        "landuse": "grass"
      },
      "geometry": {
        "type": "Polygon",
        "coordinates": [
          [
            [
              77.2226123,
              28.6139506
            ],
            [
              77.2226095,
              28.613907
            ],
            [
              77.2240071,
              28.6138385
            ],
            [
              77.2240099,
              28.6138818
            ],
            [
              77.2226123,
              28.6139506
            ]
          ]
        ]
      },
      "id": "way/1282143270"
    },
    {
      "type": "Feature",
      "properties": {
        "@id": "way/1282143271",
        "landuse": "grass"
      },
      "geometry": {
        "type": "Polygon",
        "coordinates": [
          [
            [
              77.2240584,
              28.613883
            ],
            [
              77.2240554,
              28.613838
            ],
            [
              77.2246564,
              28.6138066
            ],
            [
              77.2246594,
              28.6138515
            ],
            [
              77.2240584,
              28.613883
            ]
          ]
        ]
      },
      "id": "way/1282143271"
    },
    {
      "type": "Feature",
      "properties": {
        "@id": "way/1282143272",
        "landuse": "grass"
      },
      "geometry": {
        "type": "Polygon",
        "coordinates": [
          [
            [
              77.2226285,
              28.6142238
            ],
            [
              77.2226257,
              28.6141781
            ],
            [
              77.2240236,
              28.6141112
            ],
            [
              77.2240264,
              28.6141571
            ],
            [
              77.2226285,
              28.6142238
            ]
          ]
        ]
      },
      "id": "way/1282143272"
    },
    {
      "type": "Feature",
      "properties": {
        "@id": "way/1282143273",
        "landuse": "grass"
      },
      "geometry": {
        "type": "Polygon",
        "coordinates": [
          [
            [
              77.2240738,
              28.6141569
            ],
            [
              77.2240707,
              28.6141119
            ],
            [
              77.2246717,
              28.6140805
            ],
            [
              77.2246747,
              28.6141254
            ],
            [
              77.2240738,
              28.6141569
            ]
          ]
        ]
      },
      "id": "way/1282143273"
    },
    {
      "type": "Feature",
      "properties": {
        "@id": "way/1282144946",
        "landuse": "grass"
      },
      "geometry": {
        "type": "Polygon",
        "coordinates": [
          [
            [
              77.2240034,
              28.6142694
            ],
            [
              77.2207886,
              28.6144401
            ],
            [
              77.2207855,
              28.6143614
            ],
            [
              77.2239989,
              28.614208
            ],
            [
              77.2240034,
              28.6142694
            ]
          ]
        ]
      },
      "id": "way/1282144946"
    },
    {
      "type": "Feature",
      "properties": {
        "@id": "way/1282144947",
        "leisure": "garden"
      },
      "geometry": {
        "type": "Polygon",
        "coordinates": [
          [
            [
              77.2250199,
              28.6137466
            ],
            [
              77.2249872,
              28.6132371
            ],
            [
              77.2256132,
              28.6132061
            ],
            [
              77.225646,
              28.6137156
            ],
            [
              77.2250199,
              28.6137466
            ]
          ]
        ]
      },
      "id": "way/1282144947"
    },
    {
      "type": "Feature",
      "properties": {
        "@id": "way/1282144948",
        "leisure": "garden"
      },
      "geometry": {
        "type": "Polygon",
        "coordinates": [
          [
            [
              77.2256834,
              28.6137122
            ],
            [
              77.2256488,
              28.6132051
            ],
            [
              77.2267672,
              28.6131461
            ],
            [
              77.2268019,
              28.6136535
            ],
            [
              77.2256834,
              28.6137122
            ]
          ]
        ]
      },
      "id": "way/1282144948"
    },
    {
      "type": "Feature",
      "properties": {
        "@id": "way/1282144949",
        "leisure": "garden"
      },
      "geometry": {
        "type": "Polygon",
        "coordinates": [
          [
            [
              77.2275107,
              28.6134194
            ],
            [
              77.2268184,
              28.6134499
            ],
            [
              77.2268011,
              28.6131461
            ],
            [
              77.2274933,
              28.6131156
            ],
            [
              77.2275107,
              28.6134194
            ]
          ]
        ]
      },
      "id": "way/1282144949"
    },
    {
      "type": "Feature",
      "properties": {
        "@id": "way/1282144951",
        "landuse": "grass"
      },
      "geometry": {
        "type": "Polygon",
        "coordinates": [
          [
            [
              77.2250256,
              28.6138316
            ],
            [
              77.2250252,
              28.6137812
            ],
            [
              77.2267952,
              28.6136979
            ],
            [
              77.2267982,
              28.6137469
            ],
            [
              77.2250256,
              28.6138316
            ]
          ]
        ]
      },
      "id": "way/1282144951"
    },
    {
      "type": "Feature",
      "properties": {
        "@id": "way/1282144952",
        "landuse": "grass"
      },
      "geometry": {
        "type": "Polygon",
        "coordinates": [
          [
            [
              77.2268386,
              28.6137416
            ],
            [
              77.2268358,
              28.6136938
            ],
            [
              77.2275273,
              28.6136627
            ],
            [
              77.22753,
              28.6137104
            ],
            [
              77.2268386,
              28.6137416
            ]
          ]
        ]
      },
      "id": "way/1282144952"
    },
    {
      "type": "Feature",
      "properties": {
        "@id": "way/1282204164",
        "landuse": "grass"
      },
      "geometry": {
        "type": "Polygon",
        "coordinates": [
          [
            [
              77.2250415,
              28.6141097
            ],
            [
              77.2250384,
              28.6140621
            ],
            [
              77.2268142,
              28.6139746
            ],
            [
              77.2268172,
              28.614022
            ],
            [
              77.2250415,
              28.6141097
            ]
          ]
        ]
      },
      "id": "way/1282204164"
    },
    {
      "type": "Feature",
      "properties": {
        "@id": "way/1282204165",
        "landuse": "grass"
      },
      "geometry": {
        "type": "Polygon",
        "coordinates": [
          [
            [
              77.2268602,
              28.6140217
            ],
            [
              77.2268574,
              28.6139739
            ],
            [
              77.2275489,
              28.6139428
            ],
            [
              77.2275516,
              28.6139905
            ],
            [
              77.2268602,
              28.6140217
            ]
          ]
        ]
      },
      "id": "way/1282204165"
    },
    {
      "type": "Feature",
      "properties": {
        "@id": "way/1282204166",
        "landuse": "grass"
      },
      "geometry": {
        "type": "Polygon",
        "coordinates": [
          [
            [
              77.225086,
              28.6120171
            ],
            [
              77.2250772,
              28.6118426
            ],
            [
              77.2255295,
              28.6118252
            ],
            [
              77.2255382,
              28.6119995
            ],
            [
              77.225086,
              28.6120171
            ]
          ]
        ]
      },
      "id": "way/1282204166"
    },
    {
      "type": "Feature",
      "properties": {
        "@id": "way/1282204167",
        "leisure": "garden"
      },
      "geometry": {
        "type": "Polygon",
        "coordinates": [
          [
            [
              77.2186728,
              28.6130433
            ],
            [
              77.2192707,
              28.613019
            ],
            [
              77.2192861,
              28.6133124
            ],
            [
              77.2186883,
              28.6133366
            ],
            [
              77.2186728,
              28.6130433
            ]
          ]
        ]
      },
      "id": "way/1282204167"
    },
    {
      "type": "Feature",
      "properties": {
        "@id": "way/1282204169",
        "leisure": "garden"
      },
      "geometry": {
        "type": "Polygon",
        "coordinates": [
          [
            [
              77.2193365,
              28.6133024
            ],
            [
              77.2193085,
              28.6127997
            ],
            [
              77.2202628,
              28.6127484
            ],
            [
              77.2202984,
              28.6132633
            ],
            [
              77.2193365,
              28.6133024
            ]
          ]
        ]
      },
      "id": "way/1282204169"
    },
    {
      "type": "Feature",
      "properties": {
        "@id": "way/1282204170",
        "leisure": "garden"
      },
      "geometry": {
        "type": "Polygon",
        "coordinates": [
          [
            [
              77.220337,
              28.6132599
            ],
            [
              77.220304,
              28.6127435
            ],
            [
              77.2215875,
              28.6126801
            ],
            [
              77.2216205,
              28.6131967
            ],
            [
              77.220337,
              28.6132599
            ]
          ]
        ]
      },
      "id": "way/1282204170"
    },
    {
      "type": "Feature",
      "properties": {
        "@id": "way/1282204171",
        "leisure": "garden"
      },
      "geometry": {
        "type": "Polygon",
        "coordinates": [
          [
            [
              77.2216733,
              28.6131868
            ],
            [
              77.2216419,
              28.6126703
            ],
            [
              77.2224794,
              28.6126311
            ],
            [
              77.2225108,
              28.6131477
            ],
            [
              77.2216733,
              28.6131868
            ]
          ]
        ]
      },
      "id": "way/1282204171"
    },
    {
      "type": "Feature",
      "properties": {
        "@id": "way/1282204172",
        "leisure": "garden"
      },
      "geometry": {
        "type": "Polygon",
        "coordinates": [
          [
            [
              77.2225664,
              28.6131515
            ],
            [
              77.2225302,
              28.6126363
            ],
            [
              77.2239226,
              28.6125607
            ],
            [
              77.2239589,
              28.6130762
            ],
            [
              77.2225664,
              28.6131515
            ]
          ]
        ]
      },
      "id": "way/1282204172"
    },
    {
      "type": "Feature",
      "properties": {
        "@id": "way/1282204173",
        "leisure": "garden"
      },
      "geometry": {
        "type": "Polygon",
        "coordinates": [
          [
            [
              77.2240042,
              28.6130786
            ],
            [
              77.2239671,
              28.6125641
            ],
            [
              77.2245698,
              28.6125305
            ],
            [
              77.224607,
              28.6130451
            ],
            [
              77.2240042,
              28.6130786
            ]
          ]
        ]
      },
      "id": "way/1282204173"
    },
    {
      "type": "Feature",
      "properties": {
        "@id": "way/1282204174",
        "landuse": "grass"
      },
      "geometry": {
        "type": "Polygon",
        "coordinates": [
          [
            [
              77.2246572,
              28.612926
            ],
            [
              77.2246373,
              28.6125303
            ],
            [
              77.2246842,
              28.6125285
            ],
            [
              77.224704,
              28.6129242
            ],
            [
              77.2246572,
              28.612926
            ]
          ]
        ]
      },
      "id": "way/1282204174"
    },
    {
      "type": "Feature",
      "properties": {
        "@id": "way/1282204175",
        "landuse": "grass"
      },
      "geometry": {
        "type": "Polygon",
        "coordinates": [
          [
            [
              77.2246321,
              28.612489
            ],
            [
              77.2246116,
              28.6120927
            ],
            [
              77.2246597,
              28.6120908
            ],
            [
              77.22468,
              28.6124871
            ],
            [
              77.2246321,
              28.612489
            ]
          ]
        ]
      },
      "id": "way/1282204175"
    },
    {
      "type": "Feature",
      "properties": {
        "@id": "way/1282204176",
        "landuse": "grass"
      },
      "geometry": {
        "type": "Polygon",
        "coordinates": [
          [
            [
              77.2248359,
              28.6124737
            ],
            [
              77.224816,
              28.612078
            ],
            [
              77.2248629,
              28.6120762
            ],
            [
              77.2248827,
              28.6124718
            ],
            [
              77.2248359,
              28.6124737
            ]
          ]
        ]
      },
      "id": "way/1282204176"
    },
    {
      "type": "Feature",
      "properties": {
        "@id": "way/1282204177",
        "landuse": "grass"
      },
      "geometry": {
        "type": "Polygon",
        "coordinates": [
          [
            [
              77.2248668,
              28.6129167
            ],
            [
              77.2248469,
              28.612521
            ],
            [
              77.2248938,
              28.6125192
            ],
            [
              77.2249136,
              28.6129149
            ],
            [
              77.2248668,
              28.6129167
            ]
          ]
        ]
      },
      "id": "way/1282204177"
    },
    {
      "type": "Feature",
      "properties": {
        "@id": "way/1282204766",
        "leisure": "garden"
      },
      "geometry": {
        "type": "Polygon",
        "coordinates": [
          [
            [
              77.217672,
              28.6138989
            ],
            [
              77.2176541,
              28.6135975
            ],
            [
              77.2182726,
              28.6135693
            ],
            [
              77.2182904,
              28.6138707
            ],
            [
              77.217672,
              28.6138989
            ]
          ]
        ]
      },
      "id": "way/1282204766"
    },
    {
      "type": "Feature",
      "properties": {
        "@id": "way/1282204767",
        "leisure": "garden"
      },
      "geometry": {
        "type": "Polygon",
        "coordinates": [
          [
            [
              77.2176364,
              28.6141184
            ],
            [
              77.2165975,
              28.6141704
            ],
            [
              77.2165641,
              28.6136562
            ],
            [
              77.217603,
              28.6136041
            ],
            [
              77.2176364,
              28.6141184
            ]
          ]
        ]
      },
      "id": "way/1282204767"
    },
    {
      "type": "Feature",
      "properties": {
        "@id": "way/1282204768",
        "leisure": "garden"
      },
      "geometry": {
        "type": "Polygon",
        "coordinates": [
          [
            [
              77.2165199,
              28.6136579
            ],
            [
              77.2165537,
              28.6141687
            ],
            [
              77.2135807,
              28.6143206
            ],
            [
              77.2135468,
              28.6138093
            ],
            [
              77.2165199,
              28.6136579
            ]
          ]
        ]
      },
      "id": "way/1282204768"
    },
    {
      "type": "Feature",
      "properties": {
        "@id": "way/1282204769",
        "leisure": "garden"
      },
      "geometry": {
        "type": "Polygon",
        "coordinates": [
          [
            [
              77.2124036,
              28.6143736
            ],
            [
              77.2123719,
              28.6138543
            ],
            [
              77.2134986,
              28.6138012
            ],
            [
              77.2135303,
              28.6143208
            ],
            [
              77.2124036,
              28.6143736
            ]
          ]
        ]
      },
      "id": "way/1282204769"
    },
    {
      "type": "Feature",
      "properties": {
        "@id": "way/1282214000",
        "landuse": "grass"
      },
      "geometry": {
        "type": "Polygon",
        "coordinates": [
          [
            [
              77.2166037,
              28.6142492
            ],
            [
              77.216601,
              28.614205
            ],
            [
              77.2176137,
              28.6141569
            ],
            [
              77.2176164,
              28.6142013
            ],
            [
              77.2166037,
              28.6142492
            ]
          ]
        ]
      },
      "id": "way/1282214000"
    },
    {
      "type": "Feature",
      "properties": {
        "@id": "way/1282214001",
        "landuse": "grass"
      },
      "geometry": {
        "type": "Polygon",
        "coordinates": [
          [
            [
              77.2166181,
              28.6145266
            ],
            [
              77.2166154,
              28.6144824
            ],
            [
              77.2176281,
              28.6144343
            ],
            [
              77.2176308,
              28.6144787
            ],
            [
              77.2166181,
              28.6145266
            ]
          ]
        ]
      },
      "id": "way/1282214001"
    },
    {
      "type": "Feature",
      "properties": {
        "@id": "way/1282214002",
        "landuse": "grass"
      },
      "geometry": {
        "type": "Polygon",
        "coordinates": [
          [
            [
              77.2135804,
              28.6143986
            ],
            [
              77.2135776,
              28.6143552
            ],
            [
              77.2165587,
              28.6142066
            ],
            [
              77.2165615,
              28.6142505
            ],
            [
              77.2135804,
              28.6143986
            ]
          ]
        ]
      },
      "id": "way/1282214002"
    },
    {
      "type": "Feature",
      "properties": {
        "@id": "way/1282214003",
        "landuse": "grass"
      },
      "geometry": {
        "type": "Polygon",
        "coordinates": [
          [
            [
              77.2135989,
              28.6146709
            ],
            [
              77.2135962,
              28.6146274
            ],
            [
              77.216576,
              28.6144811
            ],
            [
              77.2165788,
              28.6145252
            ],
            [
              77.2135989,
              28.6146709
            ]
          ]
        ]
      },
      "id": "way/1282214003"
    },
    {
      "type": "Feature",
      "properties": {
        "@id": "way/1282214004",
        "leisure": "garden"
      },
      "geometry": {
        "type": "Polygon",
        "coordinates": [
          [
            [
              77.2165848,
              28.6145535
            ],
            [
              77.2165949,
              28.6147068
            ],
            [
              77.2164072,
              28.6148347
            ],
            [
              77.2155754,
              28.6148725
            ],
            [
              77.215337,
              28.6149426
            ],
            [
              77.2136196,
              28.6150293
            ],
            [
              77.2135983,
              28.6147048
            ],
            [
              77.2165848,
              28.6145535
            ]
          ]
        ]
      },
      "id": "way/1282214004"
    },
    {
      "type": "Feature",
      "properties": {
        "@id": "way/1282216402",
        "landuse": "grass"
      },
      "geometry": {
        "type": "Polygon",
        "coordinates": [
          [
            [
              77.2166289,
              28.614685
            ],
            [
              77.2166211,
              28.6145575
            ],
            [
              77.2176484,
              28.6145116
            ],
            [
              77.2177143,
              28.614413
            ],
            [
              77.2176978,
              28.6141504
            ],
            [
              77.218302,
              28.6141155
            ],
            [
              77.2183155,
              28.6143374
            ],
            [
              77.2179931,
              28.6143442
            ],
            [
              77.2179495,
              28.6143484
            ],
            [
              77.217905,
              28.6143629
            ],
            [
              77.2178634,
              28.6143756
            ],
            [
              77.2176445,
              28.6145584
            ],
            [
              77.2167509,
              28.6146102
            ],
            [
              77.2166289,
              28.614685
            ]
          ]
        ]
      },
      "id": "way/1282216402"
    },
    {
      "type": "Feature",
      "properties": {
        "@id": "way/1282216403",
        "landuse": "grass"
      },
      "geometry": {
        "type": "Polygon",
        "coordinates": [
          [
            [
              77.2124617,
              28.6147305
            ],
            [
              77.2124589,
              28.6146903
            ],
            [
              77.2135553,
              28.6146316
            ],
            [
              77.2135581,
              28.614672
            ],
            [
              77.2124617,
              28.6147305
            ]
          ]
        ]
      },
      "id": "way/1282216403"
    },
    {
      "type": "Feature",
      "properties": {
        "@id": "way/1282216404",
        "landuse": "grass"
      },
      "geometry": {
        "type": "Polygon",
        "coordinates": [
          [
            [
              77.2124403,
              28.6144541
            ],
            [
              77.2124375,
              28.6144138
            ],
            [
              77.2135339,
              28.6143551
            ],
            [
              77.2135367,
              28.6143956
            ],
            [
              77.2124403,
              28.6144541
            ]
          ]
        ]
      },
      "id": "way/1282216404"
    },
    {
      "type": "Feature",
      "properties": {
        "@id": "way/1282216405",
        "leisure": "garden"
      },
      "geometry": {
        "type": "Polygon",
        "coordinates": [
          [
            [
              77.2176138,
              28.6128397
            ],
            [
              77.2175919,
              28.6125158
            ],
            [
              77.2181874,
              28.6124847
            ],
            [
              77.2182093,
              28.6128086
            ],
            [
              77.2176138,
              28.6128397
            ]
          ]
        ]
      },
      "id": "way/1282216405"
    },
    {
      "type": "Feature",
      "properties": {
        "@id": "way/1282216406",
        "leisure": "garden"
      },
      "geometry": {
        "type": "Polygon",
        "coordinates": [
          [
            [
              77.2123648,
              28.6136445
            ],
            [
              77.2123584,
              28.6135339
            ],
            [
              77.2122809,
              28.6135373
            ],
            [
              77.2122429,
              28.6128781
            ],
            [
              77.2122988,
              28.6127834
            ],
            [
              77.2123192,
              28.6131331
            ],
            [
              77.2134577,
              28.6130822
            ],
            [
              77.2134875,
              28.6135943
            ],
            [
              77.2123648,
              28.6136445
            ]
          ]
        ]
      },
      "id": "way/1282216406"
    },
    {
      "type": "Feature",
      "properties": {
        "@id": "way/1282216407",
        "leisure": "garden"
      },
      "geometry": {
        "type": "Polygon",
        "coordinates": [
          [
            [
              77.2135322,
              28.6135897
            ],
            [
              77.2134989,
              28.6130828
            ],
            [
              77.2164724,
              28.6129325
            ],
            [
              77.2165057,
              28.613439
            ],
            [
              77.2135322,
              28.6135897
            ]
          ]
        ]
      },
      "id": "way/1282216407"
    },
    {
      "type": "Feature",
      "properties": {
        "@id": "way/1282217342",
        "leisure": "garden"
      },
      "geometry": {
        "type": "Polygon",
        "coordinates": [
          [
            [
              77.2134736,
              28.6126855
            ],
            [
              77.2134569,
              28.6124172
            ],
            [
              77.2152892,
              28.6123295
            ],
            [
              77.2153058,
              28.6125975
            ],
            [
              77.2134736,
              28.6126855
            ]
          ]
        ]
      },
      "id": "way/1282217342"
    },
    {
      "type": "Feature",
      "properties": {
        "@id": "way/1282217343",
        "leisure": "garden"
      },
      "geometry": {
        "type": "Polygon",
        "coordinates": [
          [
            [
              77.2153491,
              28.6125933
            ],
            [
              77.2153318,
              28.6123301
            ],
            [
              77.2164393,
              28.6122742
            ],
            [
              77.2164565,
              28.6125376
            ],
            [
              77.2153491,
              28.6125933
            ]
          ]
        ]
      },
      "id": "way/1282217343"
    },
    {
      "type": "Feature",
      "properties": {
        "@id": "way/1282217344",
        "leisure": "garden"
      },
      "geometry": {
        "type": "Polygon",
        "coordinates": [
          [
            [
              77.2165486,
              28.6134366
            ],
            [
              77.2165175,
              28.6129306
            ],
            [
              77.217553,
              28.6128815
            ],
            [
              77.2175841,
              28.6133876
            ],
            [
              77.2165486,
              28.6134366
            ]
          ]
        ]
      },
      "id": "way/1282217344"
    },
    {
      "type": "Feature",
      "properties": {
        "@id": "way/1282217345",
        "leisure": "garden"
      },
      "geometry": {
        "type": "Polygon",
        "coordinates": [
          [
            [
              77.2176149,
              28.6129456
            ],
            [
              77.2176107,
              28.6128783
            ],
            [
              77.2182213,
              28.6128491
            ],
            [
              77.2182255,
              28.6129164
            ],
            [
              77.2176149,
              28.6129456
            ]
          ]
        ]
      },
      "id": "way/1282217345"
    },
    {
      "type": "Feature",
      "properties": {
        "@id": "way/1282399940",
        "landuse": "grass"
      },
      "geometry": {
        "type": "Polygon",
        "coordinates": [
          [
            [
              77.2101492,
              28.6069016
            ],
            [
              77.2103759,
              28.606479
            ],
            [
              77.210817,
              28.6066614
            ],
            [
              77.2105903,
              28.607084
            ],
            [
              77.2101492,
              28.6069016
            ]
          ]
        ]
      },
      "id": "way/1282399940"
    },
    {
      "type": "Feature",
      "properties": {
        "@id": "way/1282399941",
        "landuse": "grass"
      },
      "geometry": {
        "type": "Polygon",
        "coordinates": [
          [
            [
              77.2094035,
              28.6065413
            ],
            [
              77.2096393,
              28.6061019
            ],
            [
              77.2100982,
              28.6062917
            ],
            [
              77.2098624,
              28.6067311
            ],
            [
              77.2094035,
              28.6065413
            ]
          ]
        ]
      },
      "id": "way/1282399941"
    },
    {
      "type": "Feature",
      "properties": {
        "@id": "way/1282399942",
        "landuse": "grass"
      },
      "geometry": {
        "type": "Polygon",
        "coordinates": [
          [
            [
              77.2089529,
              28.6072006
            ],
            [
              77.2084057,
              28.6069743
            ],
            [
              77.2086659,
              28.6064895
            ],
            [
              77.2092131,
              28.6067158
            ],
            [
              77.2089529,
              28.6072006
            ]
          ]
        ]
      },
      "id": "way/1282399942"
    },
    {
      "type": "Feature",
      "properties": {
        "@id": "way/1282399943",
        "landuse": "grass"
      },
      "geometry": {
        "type": "Polygon",
        "coordinates": [
          [
            [
              77.2074573,
              28.6078158
            ],
            [
              77.2075985,
              28.6075607
            ],
            [
              77.2080988,
              28.6077844
            ],
            [
              77.2079481,
              28.6080305
            ],
            [
              77.2074573,
              28.6078158
            ]
          ]
        ]
      },
      "id": "way/1282399943"
    },
    {
      "type": "Feature",
      "properties": {
        "@id": "way/1282399944",
        "landuse": "grass"
      },
      "geometry": {
        "type": "Polygon",
        "coordinates": [
          [
            [
              77.2102135,
              28.6078859
            ],
            [
              77.210498,
              28.6073841
            ],
            [
              77.2109619,
              28.6075868
            ],
            [
              77.2106775,
              28.6080886
            ],
            [
              77.2102135,
              28.6078859
            ]
          ]
        ]
      },
      "id": "way/1282399944"
    },
    {
      "type": "Feature",
      "properties": {
        "@id": "way/1282399945",
        "landuse": "grass"
      },
      "geometry": {
        "type": "Polygon",
        "coordinates": [
          [
            [
              77.2109646,
              28.6073584
            ],
            [
              77.2112134,
              28.6069194
            ],
            [
              77.2117847,
              28.607169
            ],
            [
              77.2115359,
              28.607608
            ],
            [
              77.2109646,
              28.6073584
            ]
          ]
        ]
      },
      "id": "way/1282399945"
    },
    {
      "type": "Feature",
      "properties": {
        "@id": "way/1282399946",
        "landuse": "grass"
      },
      "geometry": {
        "type": "Polygon",
        "coordinates": [
          [
            [
              77.2148806,
              28.6068545
            ],
            [
              77.2150925,
              28.6064047
            ],
            [
              77.2156477,
              28.6066308
            ],
            [
              77.2152749,
              28.6072642
            ],
            [
              77.2152638,
              28.6072735
            ],
            [
              77.2152499,
              28.6072792
            ],
            [
              77.2152346,
              28.6072807
            ],
            [
              77.2152183,
              28.6072773
            ],
            [
              77.2152043,
              28.6072691
            ],
            [
              77.2151944,
              28.6072571
            ],
            [
              77.2148806,
              28.6068545
            ]
          ]
        ]
      },
      "id": "way/1282399946"
    },
    {
      "type": "Feature",
      "properties": {
        "@id": "way/1282399947",
        "landuse": "grass"
      },
      "geometry": {
        "type": "Polygon",
        "coordinates": [
          [
            [
              77.221334,
              28.6066802
            ],
            [
              77.2210955,
              28.6063549
            ],
            [
              77.22157,
              28.6060868
            ],
            [
              77.2218085,
              28.6064121
            ],
            [
              77.221334,
              28.6066802
            ]
          ]
        ]
      },
      "id": "way/1282399947"
    },
    {
      "type": "Feature",
      "properties": {
        "@id": "way/1282399948",
        "landuse": "grass"
      },
      "geometry": {
        "type": "Polygon",
        "coordinates": [
          [
            [
              77.2206178,
              28.606944
            ],
            [
              77.2203214,
              28.6065396
            ],
            [
              77.2207895,
              28.6062752
            ],
            [
              77.2210859,
              28.6066795
            ],
            [
              77.2206178,
              28.606944
            ]
          ]
        ]
      },
      "id": "way/1282399948"
    },
    {
      "type": "Feature",
      "properties": {
        "@id": "way/1282399949",
        "landuse": "grass"
      },
      "geometry": {
        "type": "Polygon",
        "coordinates": [
          [
            [
              77.2208646,
              28.6060562
            ],
            [
              77.2206492,
              28.6057623
            ],
            [
              77.2211543,
              28.6054769
            ],
            [
              77.2213697,
              28.6057708
            ],
            [
              77.2208646,
              28.6060562
            ]
          ]
        ]
      },
      "id": "way/1282399949"
    },
    {
      "type": "Feature",
      "properties": {
        "@id": "way/1282399950",
        "landuse": "grass"
      },
      "geometry": {
        "type": "Polygon",
        "coordinates": [
          [
            [
              77.2215915,
              28.60571
            ],
            [
              77.2213111,
              28.6053276
            ],
            [
              77.2218529,
              28.6050215
            ],
            [
              77.2221333,
              28.6054039
            ],
            [
              77.2215915,
              28.60571
            ]
          ]
        ]
      },
      "id": "way/1282399950"
    },
    {
      "type": "Feature",
      "properties": {
        "@id": "way/1282399954",
        "landuse": "grass"
      },
      "geometry": {
        "type": "Polygon",
        "coordinates": [
          [
            [
              77.2170492,
              28.603573
            ],
            [
              77.2170203,
              28.6031453
            ],
            [
              77.217603,
              28.603115
            ],
            [
              77.2176318,
              28.6035428
            ],
            [
              77.2170492,
              28.603573
            ]
          ]
        ]
      },
      "id": "way/1282399954"
    },
    {
      "type": "Feature",
      "properties": {
        "@id": "way/1282399955",
        "landuse": "grass"
      },
      "geometry": {
        "type": "Polygon",
        "coordinates": [
          [
            [
              77.2167796,
              28.6026217
            ],
            [
              77.2167667,
              28.6024298
            ],
            [
              77.217515,
              28.6023909
            ],
            [
              77.2175279,
              28.6025828
            ],
            [
              77.2167796,
              28.6026217
            ]
          ]
        ]
      },
      "id": "way/1282399955"
    },
    {
      "type": "Feature",
      "properties": {
        "@id": "way/1282399956",
        "landuse": "grass"
      },
      "geometry": {
        "type": "Polygon",
        "coordinates": [
          [
            [
              77.2147854,
              28.6036613
            ],
            [
              77.2145915,
              28.6033874
            ],
            [
              77.2150837,
              28.6031189
            ],
            [
              77.2152776,
              28.6033929
            ],
            [
              77.2147854,
              28.6036613
            ]
          ]
        ]
      },
      "id": "way/1282399956"
    },
    {
      "type": "Feature",
      "properties": {
        "@id": "way/1282399957",
        "landuse": "grass"
      },
      "geometry": {
        "type": "Polygon",
        "coordinates": [
          [
            [
              77.2171216,
              28.6043195
            ],
            [
              77.2170929,
              28.6038504
            ],
            [
              77.2176325,
              28.603825
            ],
            [
              77.2176612,
              28.6042941
            ],
            [
              77.2171216,
              28.6043195
            ]
          ]
        ]
      },
      "id": "way/1282399957"
    },
    {
      "type": "Feature",
      "properties": {
        "@id": "way/1282399958",
        "landuse": "grass"
      },
      "geometry": {
        "type": "Polygon",
        "coordinates": [
          [
            [
              77.2181489,
              28.6042242
            ],
            [
              77.2181238,
              28.6038141
            ],
            [
              77.2186665,
              28.6037885
            ],
            [
              77.2186916,
              28.6041986
            ],
            [
              77.2181489,
              28.6042242
            ]
          ]
        ]
      },
      "id": "way/1282399958"
    },
    {
      "type": "Feature",
      "properties": {
        "@id": "way/1282399959",
        "landuse": "grass"
      },
      "geometry": {
        "type": "Polygon",
        "coordinates": [
          [
            [
              77.2180228,
              28.6035189
            ],
            [
              77.2179931,
              28.6030338
            ],
            [
              77.218543,
              28.6030079
            ],
            [
              77.2185726,
              28.603493
            ],
            [
              77.2180228,
              28.6035189
            ]
          ]
        ]
      },
      "id": "way/1282399959"
    },
    {
      "type": "Feature",
      "properties": {
        "@id": "way/1282436709",
        "leisure": "garden"
      },
      "geometry": {
        "type": "Polygon",
        "coordinates": [
          [
            [
              77.2249743,
              28.6130262
            ],
            [
              77.224943,
              28.6125105
            ],
            [
              77.2255678,
              28.6124812
            ],
            [
              77.2255993,
              28.6129969
            ],
            [
              77.2249743,
              28.6130262
            ]
          ]
        ]
      },
      "id": "way/1282436709"
    },
    {
      "type": "Feature",
      "properties": {
        "@id": "way/1282436710",
        "leisure": "garden"
      },
      "geometry": {
        "type": "Polygon",
        "coordinates": [
          [
            [
              77.2256462,
              28.6129929
            ],
            [
              77.2256129,
              28.6124795
            ],
            [
              77.2267095,
              28.6124248
            ],
            [
              77.2267427,
              28.6129381
            ],
            [
              77.2256462,
              28.6129929
            ]
          ]
        ]
      },
      "id": "way/1282436710"
    },
    {
      "type": "Feature",
      "properties": {
        "@id": "way/1282436711",
        "leisure": "garden"
      },
      "geometry": {
        "type": "Polygon",
        "coordinates": [
          [
            [
              77.2274511,
              28.6126277
            ],
            [
              77.2274668,
              28.6129096
            ],
            [
              77.2267843,
              28.612939
            ],
            [
              77.2267686,
              28.6126571
            ],
            [
              77.2274511,
              28.6126277
            ]
          ]
        ]
      },
      "id": "way/1282436711"
    },
    {
      "type": "Feature",
      "properties": {
        "@id": "way/1286871097",
        "landuse": "grass"
      },
      "geometry": {
        "type": "Polygon",
        "coordinates": [
          [
            [
              77.2203052,
              28.6127045
            ],
            [
              77.2203026,
              28.6126626
            ],
            [
              77.2215781,
              28.6126009
            ],
            [
              77.2215808,
              28.6126431
            ],
            [
              77.2203052,
              28.6127045
            ]
          ]
        ]
      },
      "id": "way/1286871097"
    },
    {
      "type": "Feature",
      "properties": {
        "@id": "way/1286871098",
        "landuse": "grass"
      },
      "geometry": {
        "type": "Polygon",
        "coordinates": [
          [
            [
              77.2224739,
              28.6126001
            ],
            [
              77.2216405,
              28.6126445
            ],
            [
              77.2216374,
              28.6125993
            ],
            [
              77.2224708,
              28.6125551
            ],
            [
              77.2224739,
              28.6126001
            ]
          ]
        ]
      },
      "id": "way/1286871098"
    },
    {
      "type": "Feature",
      "properties": {
        "@id": "way/1286871099",
        "landuse": "grass"
      },
      "geometry": {
        "type": "Polygon",
        "coordinates": [
          [
            [
              77.2224466,
              28.6123261
            ],
            [
              77.2216133,
              28.6123705
            ],
            [
              77.2216101,
              28.6123253
            ],
            [
              77.2224435,
              28.6122811
            ],
            [
              77.2224466,
              28.6123261
            ]
          ]
        ]
      },
      "id": "way/1286871099"
    },
    {
      "type": "Feature",
      "properties": {
        "@id": "way/1286871100",
        "landuse": "grass"
      },
      "geometry": {
        "type": "Polygon",
        "coordinates": [
          [
            [
              77.2225272,
              28.6125963
            ],
            [
              77.2225244,
              28.6125516
            ],
            [
              77.2239219,
              28.6124858
            ],
            [
              77.2239246,
              28.6125302
            ],
            [
              77.2225272,
              28.6125963
            ]
          ]
        ]
      },
      "id": "way/1286871100"
    },
    {
      "type": "Feature",
      "properties": {
        "@id": "way/1286871101",
        "landuse": "grass"
      },
      "geometry": {
        "type": "Polygon",
        "coordinates": [
          [
            [
              77.2225056,
              28.6123191
            ],
            [
              77.2225029,
              28.6122745
            ],
            [
              77.2239003,
              28.6122086
            ],
            [
              77.223903,
              28.612253
            ],
            [
              77.2225056,
              28.6123191
            ]
          ]
        ]
      },
      "id": "way/1286871101"
    },
    {
      "type": "Feature",
      "properties": {
        "@id": "way/1286871102",
        "landuse": "grass"
      },
      "geometry": {
        "type": "Polygon",
        "coordinates": [
          [
            [
              77.2239657,
              28.6125277
            ],
            [
              77.223963,
              28.6124826
            ],
            [
              77.2245721,
              28.6124546
            ],
            [
              77.2245748,
              28.6124998
            ],
            [
              77.2239657,
              28.6125277
            ]
          ]
        ]
      },
      "id": "way/1286871102"
    },
    {
      "type": "Feature",
      "properties": {
        "@id": "way/1286871103",
        "landuse": "grass"
      },
      "geometry": {
        "type": "Polygon",
        "coordinates": [
          [
            [
              77.2239496,
              28.6122484
            ],
            [
              77.2239469,
              28.6122033
            ],
            [
              77.2245561,
              28.6121753
            ],
            [
              77.2245587,
              28.6122205
            ],
            [
              77.2239496,
              28.6122484
            ]
          ]
        ]
      },
      "id": "way/1286871103"
    },
    {
      "type": "Feature",
      "properties": {
        "@id": "way/1286871104",
        "landuse": "grass"
      },
      "geometry": {
        "type": "Polygon",
        "coordinates": [
          [
            [
              77.2245445,
              28.6124317
            ],
            [
              77.224531,
              28.6122439
            ],
            [
              77.224555,
              28.6122426
            ],
            [
              77.2245684,
              28.6124304
            ],
            [
              77.2245445,
              28.6124317
            ]
          ]
        ]
      },
      "id": "way/1286871104"
    },
    {
      "type": "Feature",
      "properties": {
        "@id": "way/1286871105",
        "landuse": "grass"
      },
      "geometry": {
        "type": "Polygon",
        "coordinates": [
          [
            [
              77.2202863,
              28.612427
            ],
            [
              77.2202837,
              28.6123851
            ],
            [
              77.2215592,
              28.6123234
            ],
            [
              77.2215619,
              28.6123656
            ],
            [
              77.2202863,
              28.612427
            ]
          ]
        ]
      },
      "id": "way/1286871105"
    },
    {
      "type": "Feature",
      "properties": {
        "@id": "way/1286874146",
        "landuse": "grass"
      },
      "geometry": {
        "type": "Polygon",
        "coordinates": [
          [
            [
              77.2178866,
              28.6029247
            ],
            [
              77.2178583,
              28.6022408
            ],
            [
              77.2188334,
              28.602201
            ],
            [
              77.2193578,
              28.6028551
            ],
            [
              77.2187391,
              28.6028336
            ],
            [
              77.2186014,
              28.6027607
            ],
            [
              77.2183845,
              28.6027607
            ],
            [
              77.2182978,
              28.6028518
            ],
            [
              77.2180903,
              28.6029114
            ],
            [
              77.2178866,
              28.6029247
            ]
          ]
        ]
      },
      "id": "way/1286874146"
    },
    {
      "type": "Feature",
      "properties": {
        "@id": "way/1287404529",
        "landuse": "grass"
      },
      "geometry": {
        "type": "Polygon",
        "coordinates": [
          [
            [
              77.2331611,
              28.6270564
            ],
            [
              77.2328728,
              28.6268255
            ],
            [
              77.2329248,
              28.6267762
            ],
            [
              77.2329759,
              28.626816
            ],
            [
              77.2329839,
              28.6268081
            ],
            [
              77.2332179,
              28.626993
            ],
            [
              77.2331611,
              28.6270564
            ]
          ]
        ]
      },
      "id": "way/1287404529"
    },
    {
      "type": "Feature",
      "properties": {
        "@id": "way/1288295787",
        "garden:style": "herb_garden",
        "garden:type": "botanical",
        "leisure": "garden"
      },
      "geometry": {
        "type": "Polygon",
        "coordinates": [
          [
            [
              77.1949584,
              28.622265
            ],
            [
              77.1948759,
              28.6223657
            ],
            [
              77.1947377,
              28.622426
            ],
            [
              77.1945275,
              28.6223737
            ],
            [
              77.1946698,
              28.6219815
            ],
            [
              77.1948786,
              28.6220627
            ],
            [
              77.194866,
              28.6221185
            ],
            [
              77.1949063,
              28.6222215
            ],
            [
              77.1949584,
              28.622265
            ]
          ]
        ]
      },
      "id": "way/1288295787"
    },
    {
      "type": "Feature",
      "properties": {
        "@id": "way/1290848996",
        "landuse": "grass"
      },
      "geometry": {
        "type": "Polygon",
        "coordinates": [
          [
            [
              77.2123322,
              28.6126192
            ],
            [
              77.2123371,
              28.6127006
            ],
            [
              77.2134307,
              28.61265
            ],
            [
              77.2134331,
              28.6126897
            ],
            [
              77.2123097,
              28.6127415
            ],
            [
              77.2123025,
              28.6126205
            ],
            [
              77.2123322,
              28.6126192
            ]
          ]
        ]
      },
      "id": "way/1290848996"
    },
    {
      "type": "Feature",
      "properties": {
        "@id": "way/1290848997",
        "landuse": "grass"
      },
      "geometry": {
        "type": "Polygon",
        "coordinates": [
          [
            [
              77.2125108,
              28.6126269
            ],
            [
              77.2124973,
              28.6124321
            ],
            [
              77.2127115,
              28.6124207
            ],
            [
              77.2127249,
              28.6126155
            ],
            [
              77.2125108,
              28.6126269
            ]
          ]
        ]
      },
      "id": "way/1290848997"
    },
    {
      "type": "Feature",
      "properties": {
        "@id": "way/1296422878",
        "landuse": "grass"
      },
      "geometry": {
        "type": "Polygon",
        "coordinates": [
          [
            [
              77.2164845,
              28.6125148
            ],
            [
              77.2164719,
              28.6122552
            ],
            [
              77.2165363,
              28.6122528
            ],
            [
              77.2165461,
              28.6124552
            ],
            [
              77.2181901,
              28.6123936
            ],
            [
              77.2181928,
              28.612451
            ],
            [
              77.2164845,
              28.6125148
            ]
          ]
        ]
      },
      "id": "way/1296422878"
    },
    {
      "type": "Feature",
      "properties": {
        "@id": "way/1296422879",
        "landuse": "grass"
      },
      "geometry": {
        "type": "Polygon",
        "coordinates": [
          [
            [
              77.212719,
              28.6122841
            ],
            [
              77.2127115,
              28.6121676
            ],
            [
              77.213033,
              28.6121518
            ],
            [
              77.2130298,
              28.6121016
            ],
            [
              77.2165953,
              28.6119256
            ],
            [
              77.216606,
              28.6120929
            ],
            [
              77.212719,
              28.6122841
            ]
          ]
        ]
      },
      "id": "way/1296422879"
    },
    {
      "type": "Feature",
      "properties": {
        "@id": "way/1296422881",
        "landuse": "grass"
      },
      "geometry": {
        "type": "Polygon",
        "coordinates": [
          [
            [
              77.2149875,
              28.6117662
            ],
            [
              77.2149979,
              28.6117289
            ],
            [
              77.2150211,
              28.6116962
            ],
            [
              77.2150548,
              28.6116716
            ],
            [
              77.2150955,
              28.6116574
            ],
            [
              77.2151392,
              28.6116552
            ],
            [
              77.2151816,
              28.6116651
            ],
            [
              77.2152183,
              28.6116861
            ],
            [
              77.2152473,
              28.6117186
            ],
            [
              77.2152621,
              28.6117578
            ],
            [
              77.2152611,
              28.6117991
            ],
            [
              77.2152444,
              28.6118378
            ],
            [
              77.2152139,
              28.6118692
            ],
            [
              77.2151732,
              28.6118899
            ],
            [
              77.2151269,
              28.6118974
            ],
            [
              77.2150804,
              28.6118908
            ],
            [
              77.2150392,
              28.6118709
            ],
            [
              77.2150079,
              28.61184
            ],
            [
              77.214991,
              28.6118046
            ],
            [
              77.2149875,
              28.6117662
            ]
          ]
        ]
      },
      "id": "way/1296422881"
    },
    {
      "type": "Feature",
      "properties": {
        "@id": "way/1296422882",
        "landuse": "grass"
      },
      "geometry": {
        "type": "Polygon",
        "coordinates": [
          [
            [
              77.2148932,
              28.6118643
            ],
            [
              77.2146414,
              28.6118711
            ],
            [
              77.2139742,
              28.6119027
            ],
            [
              77.2139646,
              28.6117351
            ],
            [
              77.214927,
              28.6116956
            ],
            [
              77.2149451,
              28.6117131
            ],
            [
              77.2149434,
              28.6117913
            ],
            [
              77.2149547,
              28.6118369
            ],
            [
              77.2149858,
              28.6118878
            ],
            [
              77.2149538,
              28.6119114
            ],
            [
              77.2148932,
              28.6118643
            ]
          ]
        ]
      },
      "id": "way/1296422882"
    },
    {
      "type": "Feature",
      "properties": {
        "@id": "way/1296422883",
        "landuse": "grass"
      },
      "geometry": {
        "type": "Polygon",
        "coordinates": [
          [
            [
              77.2175785,
              28.6163921
            ],
            [
              77.217571,
              28.6162719
            ],
            [
              77.2174688,
              28.6162768
            ],
            [
              77.217441,
              28.615826
            ],
            [
              77.2175415,
              28.6157104
            ],
            [
              77.217532,
              28.6155568
            ],
            [
              77.2181916,
              28.6155253
            ],
            [
              77.2182433,
              28.6163604
            ],
            [
              77.2175785,
              28.6163921
            ]
          ]
        ]
      },
      "id": "way/1296422883"
    },
    {
      "type": "Feature",
      "properties": {
        "@id": "way/1296422884",
        "landuse": "grass"
      },
      "geometry": {
        "type": "Polygon",
        "coordinates": [
          [
            [
              77.2183104,
              28.6166996
            ],
            [
              77.2184597,
              28.6166641
            ],
            [
              77.2184643,
              28.6167063
            ],
            [
              77.2183104,
              28.6166996
            ]
          ]
        ]
      },
      "id": "way/1296422884"
    },
    {
      "type": "Feature",
      "properties": {
        "@id": "way/1301423172",
        "leisure": "park",
        "noname": "yes"
      },
      "geometry": {
        "type": "Polygon",
        "coordinates": [
          [
            [
              77.2168693,
              28.6343557
            ],
            [
              77.2169382,
              28.6344478
            ],
            [
              77.2159043,
              28.635044
            ],
            [
              77.2158353,
              28.6349519
            ],
            [
              77.2168693,
              28.6343557
            ]
          ]
        ]
      },
      "id": "way/1301423172"
    },
    {
      "type": "Feature",
      "properties": {
        "@id": "way/1310820031",
        "landuse": "grass"
      },
      "geometry": {
        "type": "Polygon",
        "coordinates": [
          [
            [
              77.2164247,
              28.6155401
            ],
            [
              77.2164073,
              28.6152899
            ],
            [
              77.2166006,
              28.6152795
            ],
            [
              77.2166287,
              28.6153034
            ],
            [
              77.2166443,
              28.6155283
            ],
            [
              77.2164247,
              28.6155401
            ]
          ]
        ]
      },
      "id": "way/1310820031"
    },
    {
      "type": "Feature",
      "properties": {
        "@id": "way/1311028545",
        "leisure": "park"
      },
      "geometry": {
        "type": "Polygon",
        "coordinates": [
          [
            [
              77.1884671,
              28.6461477
            ],
            [
              77.188675,
              28.6464499
            ],
            [
              77.1884944,
              28.6465457
            ],
            [
              77.1882864,
              28.6462434
            ],
            [
              77.1884671,
              28.6461477
            ]
          ]
        ]
      },
      "id": "way/1311028545"
    },
    {
      "type": "Feature",
      "properties": {
        "@id": "way/1314842045",
        "landuse": "grass"
      },
      "geometry": {
        "type": "Polygon",
        "coordinates": [
          [
            [
              77.2065551,
              28.62591
            ],
            [
              77.2064977,
              28.6249344
            ],
            [
              77.206519,
              28.6249334
            ],
            [
              77.2065762,
              28.625909
            ],
            [
              77.2065551,
              28.62591
            ]
          ]
        ]
      },
      "id": "way/1314842045"
    },
    {
      "type": "Feature",
      "properties": {
        "@id": "way/1314842048",
        "landuse": "grass"
      },
      "geometry": {
        "type": "Polygon",
        "coordinates": [
          [
            [
              77.2065207,
              28.6262913
            ],
            [
              77.2065367,
              28.6262536
            ],
            [
              77.206633,
              28.6262503
            ],
            [
              77.2066531,
              28.6262863
            ],
            [
              77.2065207,
              28.6262913
            ]
          ]
        ]
      },
      "id": "way/1314842048"
    },
    {
      "type": "Feature",
      "properties": {
        "@id": "way/1314842051",
        "landuse": "grass"
      },
      "geometry": {
        "type": "Polygon",
        "coordinates": [
          [
            [
              77.2065402,
              28.62623
            ],
            [
              77.2065657,
              28.6261658
            ],
            [
              77.206555,
              28.6259525
            ],
            [
              77.2065836,
              28.6259514
            ],
            [
              77.2065944,
              28.6261657
            ],
            [
              77.2066221,
              28.626227
            ],
            [
              77.2065402,
              28.62623
            ]
          ]
        ]
      },
      "id": "way/1314842051"
    },
    {
      "type": "Feature",
      "properties": {
        "@id": "way/1314842052",
        "landuse": "grass"
      },
      "geometry": {
        "type": "Polygon",
        "coordinates": [
          [
            [
              77.2069622,
              28.6254407
            ],
            [
              77.2069481,
              28.6251774
            ],
            [
              77.2072145,
              28.6252766
            ],
            [
              77.2071651,
              28.6254403
            ],
            [
              77.2069622,
              28.6254407
            ]
          ]
        ]
      },
      "id": "way/1314842052"
    },
    {
      "type": "Feature",
      "properties": {
        "@id": "way/1317316786",
        "leisure": "park",
        "name": "New Delhi Municipal Corporation Park",
        "operator": "Oil And Natural Gas Corporation",
        "short_name": "NDMC Park"
      },
      "geometry": {
        "type": "Polygon",
        "coordinates": [
          [
            [
              77.2161134,
              28.6276376
            ],
            [
              77.2157375,
              28.627165
            ],
            [
              77.2157313,
              28.6269709
            ],
            [
              77.2160712,
              28.6267206
            ],
            [
              77.2161134,
              28.6276376
            ]
          ]
        ]
      },
      "id": "way/1317316786"
    },
    {
      "type": "Feature",
      "properties": {
        "@id": "way/1321813367",
        "landuse": "grass"
      },
      "geometry": {
        "type": "Polygon",
        "coordinates": [
          [
            [
              77.2031202,
              28.6228245
            ],
            [
              77.2034662,
              28.622644
            ],
            [
              77.2035843,
              28.6228044
            ],
            [
              77.2031373,
              28.6228484
            ],
            [
              77.2031202,
              28.6228245
            ]
          ]
        ]
      },
      "id": "way/1321813367"
    },
    {
      "type": "Feature",
      "properties": {
        "@id": "way/1321813369",
        "landuse": "grass"
      },
      "geometry": {
        "type": "Polygon",
        "coordinates": [
          [
            [
              77.2039506,
              28.6225339
            ],
            [
              77.2041042,
              28.6224485
            ],
            [
              77.2042142,
              28.6226013
            ],
            [
              77.2040605,
              28.6226866
            ],
            [
              77.2039506,
              28.6225339
            ]
          ]
        ]
      },
      "id": "way/1321813369"
    },
    {
      "type": "Feature",
      "properties": {
        "@id": "way/1321813377",
        "landuse": "grass"
      },
      "geometry": {
        "type": "Polygon",
        "coordinates": [
          [
            [
              77.2046543,
              28.6224634
            ],
            [
              77.2045787,
              28.6223694
            ],
            [
              77.2044023,
              28.6221276
            ],
            [
              77.2042142,
              28.621877
            ],
            [
              77.2045666,
              28.6216772
            ],
            [
              77.2046098,
              28.621739
            ],
            [
              77.2045852,
              28.6218053
            ],
            [
              77.2044668,
              28.621877
            ],
            [
              77.2044527,
              28.6219524
            ],
            [
              77.2044,
              28.6219832
            ],
            [
              77.2045815,
              28.6222331
            ],
            [
              77.2049329,
              28.6220448
            ],
            [
              77.2051003,
              28.6222741
            ],
            [
              77.2050377,
              28.6224391
            ],
            [
              77.2048907,
              28.6224099
            ],
            [
              77.2048082,
              28.6224122
            ],
            [
              77.2046543,
              28.6224634
            ]
          ]
        ]
      },
      "id": "way/1321813377"
    },
    {
      "type": "Feature",
      "properties": {
        "@id": "way/1321813381",
        "landuse": "grass"
      },
      "geometry": {
        "type": "Polygon",
        "coordinates": [
          [
            [
              77.2035472,
              28.6226259
            ],
            [
              77.2038365,
              28.6224739
            ],
            [
              77.204002,
              28.622702
            ],
            [
              77.2036128,
              28.6227186
            ],
            [
              77.2035472,
              28.6226259
            ]
          ]
        ]
      },
      "id": "way/1321813381"
    },
    {
      "type": "Feature",
      "properties": {
        "@id": "way/1321813387",
        "landuse": "grass"
      },
      "geometry": {
        "type": "Polygon",
        "coordinates": [
          [
            [
              77.2040386,
              28.622757
            ],
            [
              77.2043485,
              28.6226028
            ],
            [
              77.2044315,
              28.622712
            ],
            [
              77.2044226,
              28.6227821
            ],
            [
              77.2040615,
              28.6227913
            ],
            [
              77.2040386,
              28.622757
            ]
          ]
        ]
      },
      "id": "way/1321813387"
    },
    {
      "type": "Feature",
      "properties": {
        "@id": "way/1321813388",
        "landuse": "grass"
      },
      "geometry": {
        "type": "Polygon",
        "coordinates": [
          [
            [
              77.2044023,
              28.6221276
            ],
            [
              77.2045787,
              28.6223694
            ],
            [
              77.2043512,
              28.6224973
            ],
            [
              77.2041748,
              28.6222555
            ],
            [
              77.2044023,
              28.6221276
            ]
          ]
        ]
      },
      "id": "way/1321813388"
    },
    {
      "type": "Feature",
      "properties": {
        "@id": "way/1332152922",
        "landuse": "grass"
      },
      "geometry": {
        "type": "Polygon",
        "coordinates": [
          [
            [
              77.2029218,
              28.6217503
            ],
            [
              77.2031858,
              28.6221291
            ],
            [
              77.2028309,
              28.6223368
            ],
            [
              77.2027874,
              28.6221683
            ],
            [
              77.2028736,
              28.6221773
            ],
            [
              77.2029245,
              28.6221451
            ],
            [
              77.2029461,
              28.6220926
            ],
            [
              77.2029898,
              28.6220706
            ],
            [
              77.2029033,
              28.6219415
            ],
            [
              77.2027785,
              28.6219082
            ],
            [
              77.2029218,
              28.6217503
            ]
          ]
        ]
      },
      "id": "way/1332152922"
    },
    {
      "type": "Feature",
      "properties": {
        "@id": "way/1332152923",
        "landuse": "grass"
      },
      "geometry": {
        "type": "Polygon",
        "coordinates": [
          [
            [
              77.2034543,
              28.6210774
            ],
            [
              77.2035963,
              28.6209896
            ],
            [
              77.2039209,
              28.6214224
            ],
            [
              77.2040682,
              28.6216187
            ],
            [
              77.2038825,
              28.6217264
            ],
            [
              77.2038185,
              28.6216419
            ],
            [
              77.2039174,
              28.6215862
            ],
            [
              77.2037728,
              28.6213834
            ],
            [
              77.2036021,
              28.6214747
            ],
            [
              77.2035089,
              28.6213427
            ],
            [
              77.2035246,
              28.6213029
            ],
            [
              77.2034654,
              28.6212133
            ],
            [
              77.203501,
              28.6211523
            ],
            [
              77.2034543,
              28.6210774
            ]
          ]
        ]
      },
      "id": "way/1332152923"
    },
    {
      "type": "Feature",
      "properties": {
        "@id": "way/1332152927",
        "landuse": "grass"
      },
      "geometry": {
        "type": "Polygon",
        "coordinates": [
          [
            [
              77.2023212,
              28.6226287
            ],
            [
              77.2021547,
              28.6227236
            ],
            [
              77.2021023,
              28.6220755
            ],
            [
              77.202324,
              28.6220668
            ],
            [
              77.2021629,
              28.6223524
            ],
            [
              77.2021758,
              28.6225266
            ],
            [
              77.2023212,
              28.6226287
            ]
          ]
        ]
      },
      "id": "way/1332152927"
    },
    {
      "type": "Feature",
      "properties": {
        "@id": "way/1332152929",
        "landuse": "grass"
      },
      "geometry": {
        "type": "Polygon",
        "coordinates": [
          [
            [
              77.2041788,
              28.6212737
            ],
            [
              77.2043297,
              28.6214687
            ],
            [
              77.2040682,
              28.6216187
            ],
            [
              77.2039209,
              28.6214224
            ],
            [
              77.203997,
              28.621379
            ],
            [
              77.2041788,
              28.6212737
            ]
          ]
        ]
      },
      "id": "way/1332152929"
    },
    {
      "type": "Feature",
      "properties": {
        "@id": "way/1332152931",
        "landuse": "grass"
      },
      "geometry": {
        "type": "Polygon",
        "coordinates": [
          [
            [
              77.2054137,
              28.6203676
            ],
            [
              77.2056156,
              28.6204594
            ],
            [
              77.2056636,
              28.6206871
            ],
            [
              77.2050171,
              28.6210666
            ],
            [
              77.2047852,
              28.6207742
            ],
            [
              77.2048559,
              28.6207232
            ],
            [
              77.2048543,
              28.6206064
            ],
            [
              77.2050466,
              28.6206195
            ],
            [
              77.2050952,
              28.6207209
            ],
            [
              77.2052313,
              28.6207577
            ],
            [
              77.2053949,
              28.6206441
            ],
            [
              77.2053349,
              28.620478
            ],
            [
              77.2054137,
              28.6203676
            ]
          ]
        ]
      },
      "id": "way/1332152931"
    },
    {
      "type": "Feature",
      "properties": {
        "@id": "way/1332152935",
        "landuse": "grass"
      },
      "geometry": {
        "type": "Polygon",
        "coordinates": [
          [
            [
              77.2048157,
              28.6210328
            ],
            [
              77.2049026,
              28.6211561
            ],
            [
              77.2047367,
              28.6212466
            ],
            [
              77.2046497,
              28.6211233
            ],
            [
              77.2048157,
              28.6210328
            ]
          ]
        ]
      },
      "id": "way/1332152935"
    },
    {
      "type": "Feature",
      "properties": {
        "@id": "way/1332152937",
        "landuse": "grass"
      },
      "geometry": {
        "type": "Polygon",
        "coordinates": [
          [
            [
              77.2025885,
              28.6222962
            ],
            [
              77.2026849,
              28.6224214
            ],
            [
              77.2025351,
              28.6225068
            ],
            [
              77.2024702,
              28.6224184
            ],
            [
              77.2025227,
              28.6222733
            ],
            [
              77.2025885,
              28.6222962
            ]
          ]
        ]
      },
      "id": "way/1332152937"
    },
    {
      "type": "Feature",
      "properties": {
        "@id": "way/1332152939",
        "landuse": "grass"
      },
      "geometry": {
        "type": "Polygon",
        "coordinates": [
          [
            [
              77.2030894,
              28.6213282
            ],
            [
              77.2033228,
              28.6212031
            ],
            [
              77.2034211,
              28.6213425
            ],
            [
              77.2031921,
              28.6214688
            ],
            [
              77.2030894,
              28.6213282
            ]
          ]
        ]
      },
      "id": "way/1332152939"
    },
    {
      "type": "Feature",
      "properties": {
        "@id": "way/1332152940",
        "landuse": "grass"
      },
      "geometry": {
        "type": "Polygon",
        "coordinates": [
          [
            [
              77.2031029,
              28.621457
            ],
            [
              77.2032934,
              28.621719
            ],
            [
              77.2030841,
              28.6218266
            ],
            [
              77.202962,
              28.6216518
            ],
            [
              77.2031029,
              28.621457
            ]
          ]
        ]
      },
      "id": "way/1332152940"
    },
    {
      "type": "Feature",
      "properties": {
        "@id": "way/1332152941",
        "landuse": "grass"
      },
      "geometry": {
        "type": "Polygon",
        "coordinates": [
          [
            [
              77.2046865,
              28.6208546
            ],
            [
              77.2042622,
              28.6210741
            ],
            [
              77.2041012,
              28.6208533
            ],
            [
              77.2043118,
              28.6208396
            ],
            [
              77.2043139,
              28.6206998
            ],
            [
              77.204495,
              28.6206987
            ],
            [
              77.2046149,
              28.6207559
            ],
            [
              77.2046865,
              28.6208546
            ]
          ]
        ]
      },
      "id": "way/1332152941"
    },
    {
      "type": "Feature",
      "properties": {
        "@id": "way/1332152943",
        "landuse": "grass"
      },
      "geometry": {
        "type": "Polygon",
        "coordinates": [
          [
            [
              77.203622,
              28.6216336
            ],
            [
              77.2037471,
              28.621805
            ],
            [
              77.203473,
              28.6219609
            ],
            [
              77.2033438,
              28.6217884
            ],
            [
              77.203622,
              28.6216336
            ]
          ]
        ]
      },
      "id": "way/1332152943"
    },
    {
      "type": "Feature",
      "properties": {
        "@id": "way/1332152947",
        "landuse": "grass"
      },
      "geometry": {
        "type": "Polygon",
        "coordinates": [
          [
            [
              77.2040782,
              28.6210627
            ],
            [
              77.2038565,
              28.6211892
            ],
            [
              77.203997,
              28.621379
            ],
            [
              77.2039209,
              28.6214224
            ],
            [
              77.2036279,
              28.6210317
            ],
            [
              77.2038775,
              28.6208857
            ],
            [
              77.2039681,
              28.6209056
            ],
            [
              77.2040782,
              28.6210627
            ]
          ]
        ]
      },
      "id": "way/1332152947"
    },
    {
      "type": "Feature",
      "properties": {
        "@id": "way/1332152950",
        "landuse": "grass"
      },
      "geometry": {
        "type": "Polygon",
        "coordinates": [
          [
            [
              77.2045801,
              28.6211619
            ],
            [
              77.2046663,
              28.6212816
            ],
            [
              77.2044861,
              28.6213789
            ],
            [
              77.2043998,
              28.6212591
            ],
            [
              77.2045801,
              28.6211619
            ]
          ]
        ]
      },
      "id": "way/1332152950"
    },
    {
      "type": "Feature",
      "properties": {
        "@id": "way/1340863310",
        "fee": "no",
        "leisure": "park",
        "name": "Bhagwan Mahavir Vanasthali Park"
      },
      "geometry": {
        "type": "Polygon",
        "coordinates": [
          [
            [
              77.1777588,
              28.6044243
            ],
            [
              77.1763614,
              28.605637
            ],
            [
              77.1760744,
              28.6052697
            ],
            [
              77.1757928,
              28.6051237
            ],
            [
              77.1756908,
              28.6043537
            ],
            [
              77.1758437,
              28.6038191
            ],
            [
              77.176466,
              28.6030091
            ],
            [
              77.1774208,
              28.6020012
            ],
            [
              77.1778768,
              28.6016197
            ],
            [
              77.1786869,
              28.6013465
            ],
            [
              77.1802103,
              28.6021142
            ],
            [
              77.1777945,
              28.6043907
            ],
            [
              77.1777588,
              28.6044243
            ]
          ]
        ]
      },
      "id": "way/1340863310"
    },
    {
      "type": "Feature",
      "properties": {
        "@id": "way/1354541584",
        "leisure": "park"
      },
      "geometry": {
        "type": "Polygon",
        "coordinates": [
          [
            [
              77.2013044,
              28.6235999
            ],
            [
              77.2014546,
              28.6236143
            ],
            [
              77.2017152,
              28.6236973
            ],
            [
              77.2018837,
              28.6237908
            ],
            [
              77.2020001,
              28.6238951
            ],
            [
              77.2018897,
              28.624085
            ],
            [
              77.2011785,
              28.6237884
            ],
            [
              77.2011069,
              28.6237188
            ],
            [
              77.2013044,
              28.6235999
            ]
          ]
        ]
      },
      "id": "way/1354541584"
    },
    {
      "type": "Feature",
      "properties": {
        "@id": "way/1354558625",
        "access": "private",
        "leisure": "park"
      },
      "geometry": {
        "type": "Polygon",
        "coordinates": [
          [
            [
              77.2034797,
              28.6234284
            ],
            [
              77.20354,
              28.6233506
            ],
            [
              77.203646,
              28.6233281
            ],
            [
              77.2038483,
              28.6233437
            ],
            [
              77.2040481,
              28.6233818
            ],
            [
              77.2042456,
              28.6234458
            ],
            [
              77.2044692,
              28.6235237
            ],
            [
              77.2046473,
              28.6236177
            ],
            [
              77.2048028,
              28.623706
            ],
            [
              77.2049765,
              28.6238101
            ],
            [
              77.205156,
              28.6239457
            ],
            [
              77.2052388,
              28.6240758
            ],
            [
              77.2051792,
              28.6241914
            ],
            [
              77.2034797,
              28.6234284
            ]
          ]
        ]
      },
      "id": "way/1354558625"
    },
    {
      "type": "Feature",
      "properties": {
        "@id": "way/1355299948",
        "landuse": "grass"
      },
      "geometry": {
        "type": "Polygon",
        "coordinates": [
          [
            [
              77.2058065,
              28.623855
            ],
            [
              77.2057891,
              28.6236521
            ],
            [
              77.2061577,
              28.6236282
            ],
            [
              77.2061628,
              28.6236874
            ],
            [
              77.205901,
              28.6237043
            ],
            [
              77.2059133,
              28.623848
            ],
            [
              77.2058065,
              28.623855
            ]
          ]
        ]
      },
      "id": "way/1355299948"
    },
    {
      "type": "Feature",
      "properties": {
        "@id": "way/1355299954",
        "landuse": "grass"
      },
      "geometry": {
        "type": "Polygon",
        "coordinates": [
          [
            [
              77.205477,
              28.6230683
            ],
            [
              77.2054664,
              28.622826
            ],
            [
              77.2056181,
              28.622821
            ],
            [
              77.2056286,
              28.6230632
            ],
            [
              77.205477,
              28.6230683
            ]
          ]
        ]
      },
      "id": "way/1355299954"
    },
    {
      "type": "Feature",
      "properties": {
        "@id": "way/1355299958",
        "landuse": "grass"
      },
      "geometry": {
        "type": "Polygon",
        "coordinates": [
          [
            [
              77.2054633,
              28.6234297
            ],
            [
              77.2055956,
              28.6233462
            ],
            [
              77.2058376,
              28.6233289
            ],
            [
              77.2058604,
              28.6235756
            ],
            [
              77.2056031,
              28.623594
            ],
            [
              77.2054633,
              28.6234297
            ]
          ]
        ]
      },
      "id": "way/1355299958"
    },
    {
      "type": "Feature",
      "properties": {
        "@id": "way/1355299959",
        "landuse": "grass"
      },
      "geometry": {
        "type": "Polygon",
        "coordinates": [
          [
            [
              77.2061158,
              28.6230751
            ],
            [
              77.2059287,
              28.6230888
            ],
            [
              77.2059029,
              28.6228171
            ],
            [
              77.2060948,
              28.6228031
            ],
            [
              77.2061158,
              28.6230751
            ]
          ]
        ]
      },
      "id": "way/1355299959"
    },
    {
      "type": "Feature",
      "properties": {
        "@id": "way/1355299961",
        "landuse": "grass"
      },
      "geometry": {
        "type": "Polygon",
        "coordinates": [
          [
            [
              77.2054026,
              28.6224428
            ],
            [
              77.205653,
              28.6224307
            ],
            [
              77.2056669,
              28.6226527
            ],
            [
              77.2058875,
              28.622642
            ],
            [
              77.2058848,
              28.6225977
            ],
            [
              77.2060118,
              28.6225255
            ],
            [
              77.2060767,
              28.6225228
            ],
            [
              77.2060851,
              28.6226777
            ],
            [
              77.2054167,
              28.6227055
            ],
            [
              77.2054026,
              28.6224428
            ]
          ]
        ]
      },
      "id": "way/1355299961"
    },
    {
      "type": "Feature",
      "properties": {
        "@id": "way/1372695478",
        "leisure": "garden"
      },
      "geometry": {
        "type": "Polygon",
        "coordinates": [
          [
            [
              77.2378578,
              28.623086
            ],
            [
              77.2378536,
              28.62297
            ],
            [
              77.2379445,
              28.6229203
            ],
            [
              77.2381374,
              28.6228422
            ],
            [
              77.2381754,
              28.6228867
            ],
            [
              77.2382762,
              28.6229957
            ],
            [
              77.23816,
              28.623116
            ],
            [
              77.2378578,
              28.623086
            ]
          ]
        ]
      },
      "id": "way/1372695478"
    },
    {
      "type": "Feature",
      "properties": {
        "@id": "way/1372695479",
        "leisure": "garden"
      },
      "geometry": {
        "type": "Polygon",
        "coordinates": [
          [
            [
              77.238234,
              28.6232771
            ],
            [
              77.2382621,
              28.623124
            ],
            [
              77.2383684,
              28.6232496
            ],
            [
              77.238234,
              28.6232771
            ]
          ]
        ]
      },
      "id": "way/1372695479"
    },
    {
      "type": "Feature",
      "properties": {
        "@id": "way/1372695480",
        "leisure": "garden"
      },
      "geometry": {
        "type": "Polygon",
        "coordinates": [
          [
            [
              77.2385246,
              28.6234698
            ],
            [
              77.2382396,
              28.6236461
            ],
            [
              77.2382019,
              28.6236404
            ],
            [
              77.2382454,
              28.623346
            ],
            [
              77.2384003,
              28.6233512
            ],
            [
              77.238478,
              28.6233655
            ],
            [
              77.2385275,
              28.6234188
            ],
            [
              77.2385246,
              28.6234698
            ]
          ]
        ]
      },
      "id": "way/1372695480"
    },
    {
      "type": "Feature",
      "properties": {
        "@id": "way/1377360329",
        "leisure": "garden"
      },
      "geometry": {
        "type": "Polygon",
        "coordinates": [
          [
            [
              77.2232367,
              28.604425
            ],
            [
              77.2233416,
              28.6042195
            ],
            [
              77.2240361,
              28.6044921
            ],
            [
              77.2239317,
              28.6046977
            ],
            [
              77.2232367,
              28.604425
            ]
          ]
        ]
      },
      "id": "way/1377360329"
    },
    {
      "type": "Feature",
      "properties": {
        "@id": "way/1377360336",
        "landuse": "grass"
      },
      "geometry": {
        "type": "Polygon",
        "coordinates": [
          [
            [
              77.2247159,
              28.6082736
            ],
            [
              77.2246717,
              28.6074722
            ],
            [
              77.2248387,
              28.6074651
            ],
            [
              77.2249013,
              28.6074789
            ],
            [
              77.2249571,
              28.607527
            ],
            [
              77.2249991,
              28.6081682
            ],
            [
              77.2249827,
              28.6082163
            ],
            [
              77.2249614,
              28.6082455
            ],
            [
              77.2249143,
              28.6082652
            ],
            [
              77.2247159,
              28.6082736
            ]
          ]
        ]
      },
      "id": "way/1377360336"
    },
    {
      "type": "Feature",
      "properties": {
        "@id": "way/1380481676",
        "leisure": "garden"
      },
      "geometry": {
        "type": "Polygon",
        "coordinates": [
          [
            [
              77.1985067,
              28.6035802
            ],
            [
              77.1991166,
              28.6035574
            ],
            [
              77.1990748,
              28.603705
            ],
            [
              77.1985642,
              28.6037294
            ],
            [
              77.1985067,
              28.6035802
            ]
          ]
        ]
      },
      "id": "way/1380481676"
    },
    {
      "type": "Feature",
      "properties": {
        "@id": "way/1380484603",
        "landuse": "grass"
      },
      "geometry": {
        "type": "Polygon",
        "coordinates": [
          [
            [
              77.1985498,
              28.6019682
            ],
            [
              77.1986833,
              28.6019614
            ],
            [
              77.1986863,
              28.6020048
            ],
            [
              77.1987761,
              28.6019999
            ],
            [
              77.1987737,
              28.6019631
            ],
            [
              77.1988994,
              28.6019572
            ],
            [
              77.1989175,
              28.6022383
            ],
            [
              77.1987913,
              28.6022451
            ],
            [
              77.1987879,
              28.6021995
            ],
            [
              77.1986859,
              28.6022047
            ],
            [
              77.1986884,
              28.6022472
            ],
            [
              77.1985685,
              28.602253
            ],
            [
              77.1985498,
              28.6019682
            ]
          ]
        ]
      },
      "id": "way/1380484603"
    },
    {
      "type": "Feature",
      "properties": {
        "@id": "way/1381027925",
        "leisure": "garden"
      },
      "geometry": {
        "type": "Polygon",
        "coordinates": [
          [
            [
              77.1805596,
              28.6237711
            ],
            [
              77.1804484,
              28.623859
            ],
            [
              77.1804797,
              28.6237207
            ],
            [
              77.1805596,
              28.6237711
            ]
          ]
        ]
      },
      "id": "way/1381027925"
    },
    {
      "type": "Feature",
      "properties": {
        "@id": "way/1381027926",
        "leisure": "garden"
      },
      "geometry": {
        "type": "Polygon",
        "coordinates": [
          [
            [
              77.1807854,
              28.6239319
            ],
            [
              77.1806009,
              28.6239554
            ],
            [
              77.1807057,
              28.6238741
            ],
            [
              77.1807854,
              28.6239319
            ]
          ]
        ]
      },
      "id": "way/1381027926"
    },
    {
      "type": "Feature",
      "properties": {
        "@id": "way/1381031067",
        "landuse": "grass"
      },
      "geometry": {
        "type": "Polygon",
        "coordinates": [
          [
            [
              77.1907036,
              28.6415139
            ],
            [
              77.1907812,
              28.6414751
            ],
            [
              77.1911075,
              28.6416545
            ],
            [
              77.1913049,
              28.6419372
            ],
            [
              77.1911189,
              28.6421206
            ],
            [
              77.1907036,
              28.6415139
            ]
          ]
        ]
      },
      "id": "way/1381031067"
    },
    {
      "type": "Feature",
      "properties": {
        "@id": "way/1381031071",
        "landuse": "grass"
      },
      "geometry": {
        "type": "Polygon",
        "coordinates": [
          [
            [
              77.1913849,
              28.6421699
            ],
            [
              77.1913424,
              28.6421462
            ],
            [
              77.191294,
              28.6420788
            ],
            [
              77.1913037,
              28.6420352
            ],
            [
              77.1913485,
              28.6420089
            ],
            [
              77.1913972,
              28.6420147
            ],
            [
              77.1914545,
              28.642103
            ],
            [
              77.1914453,
              28.6421448
            ],
            [
              77.1913849,
              28.6421699
            ]
          ]
        ]
      },
      "id": "way/1381031071"
    },
    {
      "type": "Feature",
      "properties": {
        "@id": "way/1386086655",
        "leisure": "park"
      },
      "geometry": {
        "type": "Polygon",
        "coordinates": [
          [
            [
              77.2085047,
              28.6349506
            ],
            [
              77.2085396,
              28.6347
            ],
            [
              77.2087291,
              28.6346189
            ],
            [
              77.2088348,
              28.6348094
            ],
            [
              77.2085047,
              28.6349506
            ]
          ]
        ]
      },
      "id": "way/1386086655"
    },
    {
      "type": "Feature",
      "properties": {
        "@id": "way/1386957477",
        "leisure": "park",
        "noname": "yes"
      },
      "geometry": {
        "type": "Polygon",
        "coordinates": [
          [
            [
              77.2042891,
              28.6405229
            ],
            [
              77.2038801,
              28.6407491
            ],
            [
              77.2037803,
              28.6408079
            ],
            [
              77.2036074,
              28.6409
            ],
            [
              77.2034152,
              28.6406324
            ],
            [
              77.2040968,
              28.6402552
            ],
            [
              77.2042891,
              28.6405229
            ]
          ]
        ]
      },
      "id": "way/1386957477"
    },
    {
      "type": "Feature",
      "properties": {
        "@id": "way/1393241554",
        "leisure": "park"
      },
      "geometry": {
        "type": "Polygon",
        "coordinates": [
          [
            [
              77.2099243,
              28.6322616
            ],
            [
              77.2098945,
              28.6317936
            ],
            [
              77.2102378,
              28.6318453
            ],
            [
              77.2102339,
              28.6322658
            ],
            [
              77.2099243,
              28.6322616
            ]
          ]
        ]
      },
      "id": "way/1393241554"
    },
    {
      "type": "Feature",
      "properties": {
        "@id": "way/1394471609",
        "landuse": "grass"
      },
      "geometry": {
        "type": "Polygon",
        "coordinates": [
          [
            [
              77.2376778,
              28.6003022
            ],
            [
              77.2376999,
              28.6000463
            ],
            [
              77.2380119,
              28.6000671
            ],
            [
              77.2382689,
              28.6000241
            ],
            [
              77.2382524,
              28.6002228
            ],
            [
              77.238121,
              28.6002143
            ],
            [
              77.2381111,
              28.6003307
            ],
            [
              77.2376778,
              28.6003022
            ]
          ]
        ]
      },
      "id": "way/1394471609"
    },
    {
      "type": "Feature",
      "properties": {
        "@id": "way/1423096188",
        "leisure": "park",
        "name": "Kamla Nehru Park",
        "name:etymology:wikidata": "Q3633365"
      },
      "geometry": {
        "type": "Polygon",
        "coordinates": [
          [
            [
              77.2259818,
              28.6437416
            ],
            [
              77.2257649,
              28.6438561
            ],
            [
              77.2255482,
              28.6435397
            ],
            [
              77.2256934,
              28.6434631
            ],
            [
              77.2257652,
              28.6434252
            ],
            [
              77.2259818,
              28.6437416
            ]
          ]
        ]
      },
      "id": "way/1423096188"
    },
    {
      "type": "Feature",
      "properties": {
        "@id": "way/1424529884",
        "leisure": "garden"
      },
      "geometry": {
        "type": "Polygon",
        "coordinates": [
          [
            [
              77.2003807,
              28.6239487
            ],
            [
              77.2003751,
              28.6239662
            ],
            [
              77.2003681,
              28.6239832
            ],
            [
              77.2003596,
              28.6239997
            ],
            [
              77.2003497,
              28.6240156
            ],
            [
              77.2003384,
              28.6240308
            ],
            [
              77.2003258,
              28.6240452
            ],
            [
              77.200312,
              28.6240587
            ],
            [
              77.2002971,
              28.6240712
            ],
            [
              77.2002812,
              28.6240827
            ],
            [
              77.2002642,
              28.6240931
            ],
            [
              77.2002465,
              28.6241023
            ],
            [
              77.2002279,
              28.6241103
            ],
            [
              77.2002088,
              28.624117
            ],
            [
              77.2001891,
              28.6241224
            ],
            [
              77.2001689,
              28.6241265
            ],
            [
              77.2001485,
              28.6241292
            ],
            [
              77.2001279,
              28.6241305
            ],
            [
              77.2001073,
              28.6241305
            ],
            [
              77.2000867,
              28.624129
            ],
            [
              77.2000663,
              28.6241262
            ],
            [
              77.2000462,
              28.624122
            ],
            [
              77.2000266,
              28.6241165
            ],
            [
              77.2000075,
              28.6241097
            ],
            [
              77.199989,
              28.6241016
            ],
            [
              77.1999713,
              28.6240923
            ],
            [
              77.1999544,
              28.6240818
            ],
            [
              77.1999385,
              28.6240702
            ],
            [
              77.1999349,
              28.6240673
            ],
            [
              77.1999237,
              28.6240576
            ],
            [
              77.19991,
              28.6240441
            ],
            [
              77.1998975,
              28.6240296
            ],
            [
              77.1998864,
              28.6240144
            ],
            [
              77.1998766,
              28.6239984
            ],
            [
              77.1998682,
              28.6239819
            ],
            [
              77.1998612,
              28.6239648
            ],
            [
              77.1998558,
              28.6239473
            ],
            [
              77.199852,
              28.6239295
            ],
            [
              77.1998497,
              28.6239115
            ],
            [
              77.1998489,
              28.6238934
            ],
            [
              77.1998498,
              28.6238753
            ],
            [
              77.1998522,
              28.6238573
            ],
            [
              77.1998562,
              28.6238395
            ],
            [
              77.1998617,
              28.6238221
            ],
            [
              77.1998688,
              28.623805
            ],
            [
              77.1998773,
              28.6237885
            ],
            [
              77.1998872,
              28.6237726
            ],
            [
              77.1998985,
              28.6237574
            ],
            [
              77.199911,
              28.6237431
            ],
            [
              77.1999248,
              28.6237296
            ],
            [
              77.1999397,
              28.623717
            ],
            [
              77.1999557,
              28.6237056
            ],
            [
              77.1999726,
              28.6236952
            ],
            [
              77.1999904,
              28.623686
            ],
            [
              77.2000089,
              28.623678
            ],
            [
              77.2000281,
              28.6236712
            ],
            [
              77.2000478,
              28.6236658
            ],
            [
              77.2000679,
              28.6236617
            ],
            [
              77.2000733,
              28.6236609
            ],
            [
              77.2000883,
              28.623659
            ],
            [
              77.2001089,
              28.6236577
            ],
            [
              77.2001296,
              28.6236578
            ],
            [
              77.2001501,
              28.6236592
            ],
            [
              77.2001705,
              28.623662
            ],
            [
              77.2001906,
              28.6236662
            ],
            [
              77.2002103,
              28.6236717
            ],
            [
              77.2002294,
              28.6236785
            ],
            [
              77.2002479,
              28.6236866
            ],
            [
              77.2002656,
              28.6236959
            ],
            [
              77.2002824,
              28.6237064
            ],
            [
              77.2002983,
              28.623718
            ],
            [
              77.2003132,
              28.6237306
            ],
            [
              77.2003269,
              28.6237441
            ],
            [
              77.2003393,
              28.6237586
            ],
            [
              77.2003505,
              28.6237738
            ],
            [
              77.2003603,
              28.6237898
            ],
            [
              77.2003687,
              28.6238063
            ],
            [
              77.2003756,
              28.6238234
            ],
            [
              77.200381,
              28.6238409
            ],
            [
              77.2003849,
              28.6238587
            ],
            [
              77.2003872,
              28.6238767
            ],
            [
              77.2003879,
              28.6238948
            ],
            [
              77.2003871,
              28.6239129
            ],
            [
              77.2003846,
              28.6239309
            ],
            [
              77.2003807,
              28.6239487
            ]
          ]
        ]
      },
      "id": "way/1424529884"
    },
    {
      "type": "Feature",
      "properties": {
        "@id": "way/1431677029",
        "leisure": "park"
      },
      "geometry": {
        "type": "Polygon",
        "coordinates": [
          [
            [
              77.2082884,
              28.6484604
            ],
            [
              77.2084131,
              28.6488827
            ],
            [
              77.2086969,
              28.6488182
            ],
            [
              77.208711,
              28.648815
            ],
            [
              77.2087349,
              28.648896
            ],
            [
              77.2084245,
              28.6489666
            ],
            [
              77.2084784,
              28.6491492
            ],
            [
              77.2083649,
              28.649175
            ],
            [
              77.2083107,
              28.6489913
            ],
            [
              77.2080803,
              28.6490437
            ],
            [
              77.2080706,
              28.6490459
            ],
            [
              77.2079224,
              28.6485436
            ],
            [
              77.2081133,
              28.6485002
            ],
            [
              77.2082884,
              28.6484604
            ]
          ]
        ]
      },
      "id": "way/1431677029"
    },
    {
      "type": "Feature",
      "properties": {
        "@id": "way/1431954029",
        "landuse": "grass"
      },
      "geometry": {
        "type": "Polygon",
        "coordinates": [
          [
            [
              77.2134295,
              28.6182545
            ],
            [
              77.2133625,
              28.6182745
            ],
            [
              77.2133128,
              28.6182957
            ],
            [
              77.2132565,
              28.6183452
            ],
            [
              77.2132109,
              28.6184229
            ],
            [
              77.2131693,
              28.6185112
            ],
            [
              77.2129481,
              28.6184311
            ],
            [
              77.2129159,
              28.6181168
            ],
            [
              77.2132619,
              28.6179555
            ],
            [
              77.2134295,
              28.6182545
            ]
          ]
        ]
      },
      "id": "way/1431954029"
    },
    {
      "type": "Feature",
      "properties": {
        "@id": "way/1450159504",
        "leisure": "park"
      },
      "geometry": {
        "type": "Polygon",
        "coordinates": [
          [
            [
              77.1845206,
              28.6020274
            ],
            [
              77.1835619,
              28.6002571
            ],
            [
              77.1836369,
              28.6002258
            ],
            [
              77.1845957,
              28.6019961
            ],
            [
              77.1845206,
              28.6020274
            ]
          ]
        ]
      },
      "id": "way/1450159504"
    },
    {
      "type": "Feature",
      "properties": {
        "@id": "way/1450159505",
        "leisure": "park"
      },
      "geometry": {
        "type": "Polygon",
        "coordinates": [
          [
            [
              77.1856633,
              28.6033199
            ],
            [
              77.1850786,
              28.602863
            ],
            [
              77.1845582,
              28.602073
            ],
            [
              77.1846132,
              28.602053
            ],
            [
              77.1852314,
              28.6028866
            ],
            [
              77.185725,
              28.6032751
            ],
            [
              77.1856633,
              28.6033199
            ]
          ]
        ]
      },
      "id": "way/1450159505"
    },
    {
      "type": "Feature",
      "properties": {
        "@id": "way/1450938494",
        "landuse": "grass"
      },
      "geometry": {
        "type": "Polygon",
        "coordinates": [
          [
            [
              77.2482563,
              28.6405093
            ],
            [
              77.2482207,
              28.6397048
            ],
            [
              77.2481218,
              28.6396793
            ],
            [
              77.2481099,
              28.6395115
            ],
            [
              77.2492614,
              28.6394872
            ],
            [
              77.2492746,
              28.63964
            ],
            [
              77.249322,
              28.63964
            ],
            [
              77.2493503,
              28.640201
            ],
            [
              77.2489778,
              28.6402107
            ],
            [
              77.2490042,
              28.6405383
            ],
            [
              77.2483988,
              28.6405684
            ],
            [
              77.2483882,
              28.6405116
            ],
            [
              77.2482563,
              28.6405093
            ]
          ]
        ]
      },
      "id": "way/1450938494"
    },
    {
      "type": "Feature",
      "properties": {
        "@id": "way/1450938495",
        "landuse": "grass"
      },
      "geometry": {
        "type": "Polygon",
        "coordinates": [
          [
            [
              77.2495383,
              28.6401678
            ],
            [
              77.2495001,
              28.6396886
            ],
            [
              77.2495568,
              28.6396782
            ],
            [
              77.2495449,
              28.6393992
            ],
            [
              77.2506555,
              28.6393158
            ],
            [
              77.2507109,
              28.6404329
            ],
            [
              77.249971,
              28.6404827
            ],
            [
              77.2499354,
              28.6401516
            ],
            [
              77.2495383,
              28.6401678
            ]
          ]
        ]
      },
      "id": "way/1450938495"
    },
    {
      "type": "Feature",
      "properties": {
        "@id": "way/1450938496",
        "landuse": "grass"
      },
      "geometry": {
        "type": "Polygon",
        "coordinates": [
          [
            [
              77.249636,
              28.6417155
            ],
            [
              77.2496267,
              28.64155
            ],
            [
              77.2496254,
              28.6415234
            ],
            [
              77.2495872,
              28.6415234
            ],
            [
              77.249566,
              28.6410094
            ],
            [
              77.2499776,
              28.6409897
            ],
            [
              77.2499657,
              28.6406702
            ],
            [
              77.2505065,
              28.6406228
            ],
            [
              77.2505157,
              28.6406737
            ],
            [
              77.2507149,
              28.6406749
            ],
            [
              77.2508309,
              28.6415072
            ],
            [
              77.2507821,
              28.6415234
            ],
            [
              77.2507795,
              28.6415743
            ],
            [
              77.2505381,
              28.6415766
            ],
            [
              77.2504155,
              28.6416206
            ],
            [
              77.2502823,
              28.64166
            ],
            [
              77.2501952,
              28.6417039
            ],
            [
              77.2500488,
              28.6417456
            ],
            [
              77.249876,
              28.6417468
            ],
            [
              77.2497652,
              28.641741
            ],
            [
              77.249636,
              28.6417155
            ]
          ]
        ]
      },
      "id": "way/1450938496"
    },
    {
      "type": "Feature",
      "properties": {
        "@id": "way/1450938497",
        "landuse": "grass"
      },
      "geometry": {
        "type": "Polygon",
        "coordinates": [
          [
            [
              77.2482286,
              28.6407158
            ],
            [
              77.2490192,
              28.640698
            ],
            [
              77.2490256,
              28.6409108
            ],
            [
              77.2490512,
              28.6410262
            ],
            [
              77.2494188,
              28.6410102
            ],
            [
              77.2494337,
              28.6415053
            ],
            [
              77.249392,
              28.6415231
            ],
            [
              77.2493867,
              28.6416413
            ],
            [
              77.2492414,
              28.641615
            ],
            [
              77.249079,
              28.6416056
            ],
            [
              77.2489391,
              28.6416028
            ],
            [
              77.2487777,
              28.6416319
            ],
            [
              77.2486559,
              28.6416563
            ],
            [
              77.2485138,
              28.6416806
            ],
            [
              77.2483899,
              28.6417219
            ],
            [
              77.2482553,
              28.6417931
            ],
            [
              77.2481314,
              28.6418888
            ],
            [
              77.248126,
              28.6418344
            ],
            [
              77.2481698,
              28.6418222
            ],
            [
              77.2482574,
              28.6417228
            ],
            [
              77.2482959,
              28.6416656
            ],
            [
              77.2482831,
              28.6415775
            ],
            [
              77.2482243,
              28.6414894
            ],
            [
              77.2481602,
              28.6413459
            ],
            [
              77.2481517,
              28.6411743
            ],
            [
              77.2481837,
              28.6410458
            ],
            [
              77.2481976,
              28.6409183
            ],
            [
              77.2481025,
              28.640833
            ],
            [
              77.2481634,
              28.6407195
            ],
            [
              77.2482286,
              28.6407158
            ]
          ]
        ]
      },
      "id": "way/1450938497"
    },
    {
      "type": "Feature",
      "properties": {
        "@id": "way/1450938503",
        "landuse": "grass"
      },
      "geometry": {
        "type": "Polygon",
        "coordinates": [
          [
            [
              77.2482387,
              28.641991
            ],
            [
              77.2483514,
              28.6418957
            ],
            [
              77.2484478,
              28.6418351
            ],
            [
              77.2487178,
              28.6417647
            ],
            [
              77.249002,
              28.641706
            ],
            [
              77.2492273,
              28.6417113
            ],
            [
              77.2493136,
              28.6417398
            ],
            [
              77.2493339,
              28.6417665
            ],
            [
              77.2493653,
              28.6418823
            ],
            [
              77.2494191,
              28.6419509
            ],
            [
              77.2494222,
              28.6420338
            ],
            [
              77.249413,
              28.6422413
            ],
            [
              77.2492902,
              28.6422279
            ],
            [
              77.2491025,
              28.6421959
            ],
            [
              77.2488132,
              28.6422057
            ],
            [
              77.2485148,
              28.6422342
            ],
            [
              77.2483443,
              28.6422449
            ],
            [
              77.2482387,
              28.641991
            ]
          ]
        ]
      },
      "id": "way/1450938503"
    },
    {
      "type": "Feature",
      "properties": {
        "@id": "way/1450938504",
        "landuse": "grass"
      },
      "geometry": {
        "type": "Polygon",
        "coordinates": [
          [
            [
              77.2486962,
              28.6436045
            ],
            [
              77.2486962,
              28.6435644
            ],
            [
              77.2488362,
              28.6435793
            ],
            [
              77.24889,
              28.6436219
            ],
            [
              77.2488837,
              28.6437746
            ],
            [
              77.2488837,
              28.6438604
            ],
            [
              77.2488093,
              28.643888
            ],
            [
              77.2487851,
              28.6439431
            ],
            [
              77.2487842,
              28.644021
            ],
            [
              77.248786,
              28.6440911
            ],
            [
              77.2488156,
              28.6441344
            ],
            [
              77.2489304,
              28.644158
            ],
            [
              77.2489304,
              28.6443344
            ],
            [
              77.2487115,
              28.6443305
            ],
            [
              77.2485715,
              28.6442706
            ],
            [
              77.2485042,
              28.644195
            ],
            [
              77.2484657,
              28.6440966
            ],
            [
              77.248472,
              28.6440037
            ],
            [
              77.2485096,
              28.6439242
            ],
            [
              77.2485769,
              28.6439061
            ],
            [
              77.2485976,
              28.6438762
            ],
            [
              77.2486083,
              28.643847
            ],
            [
              77.2487169,
              28.643762
            ],
            [
              77.2487312,
              28.6436502
            ],
            [
              77.2486962,
              28.6436045
            ]
          ]
        ]
      },
      "id": "way/1450938504"
    },
    {
      "type": "Feature",
      "properties": {
        "@id": "way/1450938505",
        "landuse": "grass"
      },
      "geometry": {
        "type": "Polygon",
        "coordinates": [
          [
            [
              77.2489304,
              28.6443344
            ],
            [
              77.2490022,
              28.6435998
            ],
            [
              77.2492076,
              28.6435856
            ],
            [
              77.2494068,
              28.6435801
            ],
            [
              77.2494866,
              28.6436014
            ],
            [
              77.2495405,
              28.6436274
            ],
            [
              77.2495952,
              28.6437014
            ],
            [
              77.2496042,
              28.6437652
            ],
            [
              77.249518,
              28.6437699
            ],
            [
              77.2494032,
              28.6437581
            ],
            [
              77.2492973,
              28.6437344
            ],
            [
              77.2492884,
              28.6437754
            ],
            [
              77.2492749,
              28.6439281
            ],
            [
              77.2492722,
              28.6440565
            ],
            [
              77.2492462,
              28.6441297
            ],
            [
              77.2492229,
              28.6442037
            ],
            [
              77.2491897,
              28.6442683
            ],
            [
              77.2491143,
              28.6443139
            ],
            [
              77.2489304,
              28.6443344
            ]
          ]
        ]
      },
      "id": "way/1450938505"
    },
    {
      "type": "Feature",
      "properties": {
        "@id": "way/1452138567",
        "landuse": "grass"
      },
      "geometry": {
        "type": "Polygon",
        "coordinates": [
          [
            [
              77.2243243,
              28.6240497
            ],
            [
              77.224434,
              28.6238517
            ],
            [
              77.2245679,
              28.6239083
            ],
            [
              77.2244581,
              28.6241063
            ],
            [
              77.2243243,
              28.6240497
            ]
          ]
        ]
      },
      "id": "way/1452138567"
    },
    {
      "type": "Feature",
      "properties": {
        "@id": "way/1462284393",
        "leisure": "park"
      },
      "geometry": {
        "type": "Polygon",
        "coordinates": [
          [
            [
              77.2235042,
              28.6394959
            ],
            [
              77.2234077,
              28.6380788
            ],
            [
              77.2242365,
              28.639157
            ],
            [
              77.2235042,
              28.6394959
            ]
          ]
        ]
      },
      "id": "way/1462284393"
    },
    {
      "type": "Feature",
      "properties": {
        "@id": "way/1469664186",
        "landuse": "grass"
      },
      "geometry": {
        "type": "Polygon",
        "coordinates": [
          [
            [
              77.1954127,
              28.6266685
            ],
            [
              77.1954426,
              28.6267258
            ],
            [
              77.1954349,
              28.626805
            ],
            [
              77.1953877,
              28.6268814
            ],
            [
              77.1952888,
              28.6269507
            ],
            [
              77.1951599,
              28.6269689
            ],
            [
              77.1950615,
              28.6269151
            ],
            [
              77.1950545,
              28.6268088
            ],
            [
              77.1950934,
              28.6267381
            ],
            [
              77.1951849,
              28.6266817
            ],
            [
              77.1952951,
              28.6266368
            ],
            [
              77.1953669,
              28.6266479
            ],
            [
              77.1954127,
              28.6266685
            ]
          ]
        ]
      },
      "id": "way/1469664186"
    },
    {
      "type": "Feature",
      "properties": {
        "@id": "way/1489001313",
        "leisure": "garden"
      },
      "geometry": {
        "type": "Polygon",
        "coordinates": [
          [
            [
              77.2275256,
              28.6149241
            ],
            [
              77.2275444,
              28.61487
            ],
            [
              77.2275873,
              28.6148276
            ],
            [
              77.2276624,
              28.614731
            ],
            [
              77.2276919,
              28.6146392
            ],
            [
              77.2277455,
              28.6145097
            ],
            [
              77.2277965,
              28.6145238
            ],
            [
              77.2278448,
              28.6146463
            ],
            [
              77.2278957,
              28.614731
            ],
            [
              77.2279628,
              28.6147946
            ],
            [
              77.228062,
              28.6148794
            ],
            [
              77.2279977,
              28.6148723
            ],
            [
              77.2278716,
              28.614837
            ],
            [
              77.2277268,
              28.6148464
            ],
            [
              77.2276275,
              28.6148864
            ],
            [
              77.2275256,
              28.6149241
            ]
          ]
        ]
      },
      "id": "way/1489001313"
    },
    {
      "type": "Feature",
      "properties": {
        "@id": "way/1494117348",
        "leisure": "park",
        "name": "Charti Lal Goel Heritage Park"
      },
      "geometry": {
        "type": "Polygon",
        "coordinates": [
          [
            [
              77.2357882,
              28.652223
            ],
            [
              77.2363087,
              28.6522504
            ],
            [
              77.2362393,
              28.6531003
            ],
            [
              77.2356999,
              28.6530545
            ],
            [
              77.2357882,
              28.652223
            ]
          ]
        ]
      },
      "id": "way/1494117348"
    },
    {
      "type": "Feature",
      "properties": {
        "@id": "way/1494414495",
        "leisure": "garden"
      },
      "geometry": {
        "type": "Polygon",
        "coordinates": [
          [
            [
              77.2490082,
              28.6318979
            ],
            [
              77.2490254,
              28.6319796
            ],
            [
              77.2490121,
              28.6320619
            ],
            [
              77.2489695,
              28.6321361
            ],
            [
              77.2488986,
              28.6321969
            ],
            [
              77.2488087,
              28.6322335
            ],
            [
              77.24871,
              28.6322416
            ],
            [
              77.2486139,
              28.6322205
            ],
            [
              77.2485312,
              28.6321725
            ],
            [
              77.2484715,
              28.6321031
            ],
            [
              77.2484416,
              28.6320201
            ],
            [
              77.2484448,
              28.6319332
            ],
            [
              77.2484786,
              28.6318555
            ],
            [
              77.2485388,
              28.6317914
            ],
            [
              77.2486191,
              28.6317474
            ],
            [
              77.2487113,
              28.6317281
            ],
            [
              77.2488056,
              28.6317357
            ],
            [
              77.2488922,
              28.6317692
            ],
            [
              77.2489622,
              28.6318252
            ],
            [
              77.2490082,
              28.6318979
            ]
          ]
        ]
      },
      "id": "way/1494414495"
    },
    {
      "type": "Feature",
      "properties": {
        "@id": "way/1510588944",
        "natural": "water"
      },
      "geometry": {
        "type": "Polygon",
        "coordinates": [
          [
            [
              77.2412634,
              28.6168611
            ],
            [
              77.2412038,
              28.6168489
            ],
            [
              77.2411468,
              28.6168283
            ],
            [
              77.2410315,
              28.6167588
            ],
            [
              77.2409496,
              28.6166723
            ],
            [
              77.2408988,
              28.6165753
            ],
            [
              77.240898,
              28.6164957
            ],
            [
              77.2409007,
              28.6164227
            ],
            [
              77.2409349,
              28.6163185
            ],
            [
              77.2409436,
              28.6161554
            ],
            [
              77.2408618,
              28.6158529
            ],
            [
              77.2409691,
              28.6158023
            ],
            [
              77.2410858,
              28.6159847
            ],
            [
              77.2411703,
              28.6160954
            ],
            [
              77.241358,
              28.6162473
            ],
            [
              77.2414948,
              28.6163003
            ],
            [
              77.2416101,
              28.6163226
            ],
            [
              77.2417375,
              28.6163203
            ],
            [
              77.2419139,
              28.6165899
            ],
            [
              77.2415766,
              28.6167994
            ],
            [
              77.2414955,
              28.6168353
            ],
            [
              77.2413808,
              28.6168612
            ],
            [
              77.2412634,
              28.6168611
            ]
          ]
        ]
      },
      "id": "way/1510588944"
    },
    {
      "type": "Feature",
      "properties": {
        "@id": "way/1544621556",
        "natural": "water",
        "water": "reservoir"
      },
      "geometry": {
        "type": "Polygon",
        "coordinates": [
          [
            [
              77.2249652,
              28.6262466
            ],
            [
              77.2249655,
              28.6260394
            ],
            [
              77.2250523,
              28.6260395
            ],
            [
              77.2250521,
              28.6262467
            ],
            [
              77.2249652,
              28.6262466
            ]
          ]
        ]
      },
      "id": "way/1544621556"
    },
    {
      "type": "Feature",
      "properties": {
        "@id": "way/1548439805",
        "leisure": "garden"
      },
      "geometry": {
        "type": "Polygon",
        "coordinates": [
          [
            [
              77.2268271,
              28.6136014
            ],
            [
              77.2275194,
              28.6135709
            ],
            [
              77.2275223,
              28.6136225
            ],
            [
              77.2268301,
              28.613653
            ],
            [
              77.2268271,
              28.6136014
            ]
          ]
        ]
      },
      "id": "way/1548439805"
    },
    {
      "type": "Feature",
      "properties": {
        "@id": "way/1548439806",
        "leisure": "garden"
      },
      "geometry": {
        "type": "Polygon",
        "coordinates": [
          [
            [
              77.219263,
              28.6128733
            ],
            [
              77.2186652,
              28.6128975
            ],
            [
              77.2186616,
              28.6128286
            ],
            [
              77.2192594,
              28.6128043
            ],
            [
              77.219263,
              28.6128733
            ]
          ]
        ]
      },
      "id": "way/1548439806"
    },
    {
      "type": "Feature",
      "properties": {
        "@id": "way/1548439807",
        "leisure": "garden"
      },
      "geometry": {
        "type": "Polygon",
        "coordinates": [
          [
            [
              77.2187322,
              28.6138522
            ],
            [
              77.2187145,
              28.6135434
            ],
            [
              77.2193095,
              28.6135171
            ],
            [
              77.2193272,
              28.6138259
            ],
            [
              77.2187322,
              28.6138522
            ]
          ]
        ]
      },
      "id": "way/1548439807"
    },
    {
      "type": "Feature",
      "properties": {
        "@id": "way/1548439808",
        "leisure": "garden"
      },
      "geometry": {
        "type": "Polygon",
        "coordinates": [
          [
            [
              77.2182995,
              28.6140232
            ],
            [
              77.2183031,
              28.614085
            ],
            [
              77.2176847,
              28.6141132
            ],
            [
              77.217681,
              28.6140514
            ],
            [
              77.2182995,
              28.6140232
            ]
          ]
        ]
      },
      "id": "way/1548439808"
    },
    {
      "type": "Feature",
      "properties": {
        "@id": "way/1548439809",
        "leisure": "garden"
      },
      "geometry": {
        "type": "Polygon",
        "coordinates": [
          [
            [
              77.2182349,
              28.6130671
            ],
            [
              77.2182527,
              28.6133547
            ],
            [
              77.2176421,
              28.6133839
            ],
            [
              77.2176242,
              28.6130963
            ],
            [
              77.2182349,
              28.6130671
            ]
          ]
        ]
      },
      "id": "way/1548439809"
    },
    {
      "type": "Feature",
      "properties": {
        "@id": "way/264906801",
        "landuse": "grass",
        "place": "islet",
        "@relations": [
          {
            "role": "inner",
            "rel": 3559984,
            "reltags": {
              "natural": "water",
              "type": "multipolygon",
              "water": "pond"
            }
          }
        ]
      },
      "geometry": {
        "type": "Polygon",
        "coordinates": [
          [
            [
              77.2486643,
              28.6482435
            ],
            [
              77.2487287,
              28.6482577
            ],
            [
              77.2487823,
              28.6482577
            ],
            [
              77.2488092,
              28.6482388
            ],
            [
              77.2488521,
              28.6482153
            ],
            [
              77.2488896,
              28.6481776
            ],
            [
              77.2489294,
              28.6481624
            ],
            [
              77.248956,
              28.6481588
            ],
            [
              77.2489862,
              28.6481635
            ],
            [
              77.2490062,
              28.648186
            ],
            [
              77.249013,
              28.6482153
            ],
            [
              77.2489862,
              28.6482671
            ],
            [
              77.2489594,
              28.6483236
            ],
            [
              77.2489701,
              28.6483707
            ],
            [
              77.2489862,
              28.6484413
            ],
            [
              77.2489486,
              28.6485025
            ],
            [
              77.2488843,
              28.6485401
            ],
            [
              77.2488145,
              28.6485448
            ],
            [
              77.2487555,
              28.648526
            ],
            [
              77.2487287,
              28.6484884
            ],
            [
              77.2487126,
              28.6484413
            ],
            [
              77.248718,
              28.648413
            ],
            [
              77.2486911,
              28.6483801
            ],
            [
              77.2486321,
              28.6483518
            ],
            [
              77.2485946,
              28.6483189
            ],
            [
              77.2485785,
              28.6482859
            ],
            [
              77.2485946,
              28.6482577
            ],
            [
              77.2486268,
              28.6482388
            ],
            [
              77.2486643,
              28.6482435
            ]
          ]
        ]
      },
      "id": "way/264906801"
    }
  ]
}